/*
Navicat MySQL Data Transfer

Source Server         : mysql16
Source Server Version : 50718
Source Host           : 172.16.254.16:3306
Source Database       : kkth

Target Server Type    : MYSQL
Target Server Version : 50718
File Encoding         : 65001

Date: 2019-12-19 11:24:11
*/

SET FOREIGN_KEY_CHECKS=0;

-- ----------------------------
-- Table structure for biodiversity
-- ----------------------------
DROP TABLE IF EXISTS `biodiversity`;
CREATE TABLE `biodiversity` (
  `id` int(11) NOT NULL AUTO_INCREMENT,
  `park_id` int(11) NOT NULL COMMENT '公园ID',
  `protection_number` varchar(256) DEFAULT NULL COMMENT '保护区编号',
  `biological_number` varchar(256) DEFAULT NULL COMMENT '生物编号',
  `chinese_name` varchar(256) DEFAULT NULL COMMENT '中文名称',
  `latin_name` varchar(256) DEFAULT NULL COMMENT '拉丁名称',
  `main_category` varchar(256) DEFAULT NULL COMMENT '大类名称',
  `biological_category` varchar(256) DEFAULT NULL COMMENT '生物分类',
  `quantity` varchar(256) DEFAULT NULL COMMENT '数量',
  `protection_level` varchar(256) DEFAULT NULL COMMENT '保护级别',
  `distributed` varchar(256) DEFAULT NULL COMMENT '分布',
  `feature_desc` varchar(1000) DEFAULT NULL COMMENT '特征描述',
  `img` text CHARACTER SET utf8 COMMENT '照片',
  PRIMARY KEY (`id`)
) ENGINE=InnoDB AUTO_INCREMENT=19 DEFAULT CHARSET=utf8mb4 COMMENT='生物多样性';

-- ----------------------------
-- Records of biodiversity
-- ----------------------------
INSERT INTO `biodiversity` VALUES ('1', '1', 'B6543221', 'SWFY0001', '河狸', 'Castor fiber', '动物', '脊索动物门哺乳纲', '0', '国家I级', ' ', '体型肥壮，头短而钝、眼小、耳小及颈短。门齿锋利，咬肌尤为发达，一棵直径40厘米的树只需2小时就能咬断。前肢短宽。无前蹼，后肢粗大，趾间具全蹼，并有搔痒趾。', '/images/biodiversity/157356805666911.jpg');
INSERT INTO `biodiversity` VALUES ('2', '1', 'B6543221', 'SWFY0002', '北山羊', 'Capra ibex', '动物', '脊椎动物亚门哺乳纲', '0', '国家I级', ' ', '形似家山羊而体形较大，体长115～170厘米，肩高约100厘米，体重50千克左右。颏部有须，雄性长，雌性短。四肢稍短，显得比较粗壮，蹄子狭窄，尾巴长10～20厘米，尾尖棕黑色。夏毛棕黄色，腹部及四肢内侧白色；冬毛长而色浅淡。', '/images/biodiversity/157356806403912.jpg');
INSERT INTO `biodiversity` VALUES ('3', '1', 'B6543221', 'SWFY0003', '雕鴞', 'Strigiformes', '动物', '鸟纲', '0', '国家I级', ' ', '雕体形大，眼线白，面颊浅棕；整个上体棕黄色，杂以棕、褐不等状色斑；后颈及背上部的杂斑较细，呈黑褐色纵纹；耳羽也为黑褐色，长达60毫米；胸部的纵纹很宽阔，腹部羽干纹较细，并有波状细横纹；两胁、腿覆羽及尾下覆羽呈淡褐色的波状细纹，尾羽下面有四、五道波状褐色横斑。虹膜为金黄色，嘴和腿为黑褐色。', '/images/biodiversity/157356807190013.jpg');
INSERT INTO `biodiversity` VALUES ('4', '1', 'B6543221', 'SWFY0004', '蒙古野驴', 'Equus hemionus', '动物', '脊索动物门哺乳纲', '0', '国家I级', ' ', '外形似骡，体型介于家驴和家马之间，体长可达260厘米，肩高约120厘米，尾长80厘米左右，体重约250千克。吻部稍细长，耳长而尖。尾细长，尖端毛较长，棕黄色。颈背具短鬃，颈的背侧、肩部、背部为浅黄棕色，背中央有一条棕褐色的背线延伸到尾的基部，颈下、胸部、体侧、腹部黄白色，与背侧毛色无明显的分界线。', '/images/biodiversity/157356807910814.jpg');
INSERT INTO `biodiversity` VALUES ('5', '1', 'B6543221', 'SWFY0005', '黑鹳', 'Ciconia nigra', '动物', '脊索动物门鸟纲', '0', '国家I级', ' ', '体态优美，体色鲜明，活动敏捷，性情机警的大型涉禽。成鸟的体长为1-1.2米，体重2-3千克；嘴长而粗壮，头、颈、脚均甚长，嘴和脚红色。身上的羽毛除胸腹部为纯白色外，其余都是黑色，在不同角度的光线下，可以映出变幻多种颜色。', '/images/biodiversity/157356808605415.jpg');
INSERT INTO `biodiversity` VALUES ('6', '1', 'B6543221', 'SWFY0006', '狼獾', 'Gulo gulo Linnaeus', '动物', '脊索动物门哺乳纲', '0', '国家I级', ' ', '身形介于貂与熊之间，体长80～100厘米，尾长18厘米左右，重达8～25千克，为体型最大的陆生鼬科动物，雄性远大于雌性。毛被棕褐色，体侧向后沿臀周有一淡黄色半环状宽带纹，状似“月牙”，故有“月熊”之称。', '/images/biodiversity/157356809241816.jpg');
INSERT INTO `biodiversity` VALUES ('7', '1', 'B6543221', 'SWFY0007', '紫貂', 'Martes zibellina', '动物', '脊索动物门哺乳纲', '0', '国家I级', ' ', '中小型兽类，躯体细长，四肢较短。头形狭长，耳短而圆，嗅觉、听觉灵敏。犬齿较发达，裂齿较小；上臼齿横列，内叶较外叶宽；臼齿齿冠直径大于外侧门齿高度。体毛柔软，无斑纹。前后足均5指（趾）；爪锋利，不可伸缩。', '/images/biodiversity/157356810075817.jpg');
INSERT INTO `biodiversity` VALUES ('8', '1', 'B6543221', 'SWFY0008', '豺', 'Cuon alpinus', '动物', '脊索动物门哺乳纲', '0', '国家II级', ' ', '体长约110厘米，尾长约50厘米，重量约18公斤。 豺的外形与狗、狼相近，体型比狼小，体毛红棕色或灰棕色，杂有少量具黑褐色毛尖的针毛，腹色较浅。四肢较短。耳短，端部圆钝。尾较长。额部隆起，鼻长，吻部短而宽。全身被毛较短，尾毛略长，尾型粗大，尾端黑色。', '/images/biodiversity/157356810784018.jpg');
INSERT INTO `biodiversity` VALUES ('9', '1', 'B6543221', 'SWFY0009', '石貂', 'Martes foina', '动物', '脊索动物门哺乳纲', '0', '国家II级', ' ', '成年公貂一般体长在46～54厘米左右，尾长22～30厘米左右，体重约1.5～2.3公斤；成年母貂体长40～42厘米，尾长约25厘米，体重1.1～1.3公斤左右。头部短、宽，呈三角形，吻鼻部尖而细长，鼻垫有较深的纵沟，耳大钝圆，耳壳短而宽阔。躯干相对身体其他部分稍粗壮，尾长约为体长三分之二或长度超过体长之半，四肢短粗有力，皆具5趾，趾行性，各趾有趾垫，掌垫3枚，脚下有毛。爪细而弯曲，尖部甚锐，适于爬树攀援。', '/images/biodiversity/157356811506719.jpg');
INSERT INTO `biodiversity` VALUES ('10', '1', 'B6543221', 'SWFY0010', '草原斑猫', 'Felis silvestris', '动物', '脊索动物门哺乳纲', '0', '国家II级', ' ', '体色为淡沙黄色或沙灰色，腹部为淡黄灰色。体形比家猫大，体长为50—70厘米，尾长为25—35厘米，几乎正好是体长的一半，体重约为8千克，看上去显得比较粗壮。身体的背部呈淡沙黄色至浅黄灰色，背部和身体侧面的毛色逐渐转为浅淡色，腹面则为淡黄灰色。全身都具有许多形状不规则的棕黑色斑块或横纹，耳尖略有棕黑色簇毛。尾巴上面有5—6条棕黑色横纹，尾巴的下面为白色。', '/images/biodiversity/157356812490820.jpg');
INSERT INTO `biodiversity` VALUES ('11', '1', 'B6543221', 'SWFY0011', '猞猁', 'Felis lynx', '动物', '脊索动物门哺乳纲', '0', '国家II级', ' ', '体型似猫而远大于猫，体粗壮，尾极短，通常不及头体长的1/4。四肢粗长而矫健。耳尖生有黑色耸立簇毛。两颊具下垂的长毛。上体浅棕、土黄棕、浅灰褐或麻褐色，或为灰白而间杂浅棕色调；腹面浅白、黄白或沙黄色。尾端呈黑色。', '/images/biodiversity/157356813780221.jpg');
INSERT INTO `biodiversity` VALUES ('12', '1', 'B6543221', 'SWFY0012', '马鹿', 'Cervus elaphus', '动物', '脊索动物门哺乳纲', '0', '国家II级', ' ', '身体呈深褐色，背部及两侧有一些白色斑点。雄性有角，一般分为6叉，最多8个叉，茸角的第二叉紧靠于眉叉。夏毛较短，没有绒毛，一般为赤褐色，背面较深，腹面较浅，故有“赤鹿”之称。', '/images/biodiversity/157356814640522.jpg');
INSERT INTO `biodiversity` VALUES ('13', '1', 'B6543221', 'SWFY0013', '盘羊', 'Argali sheep', '动物', '脊索动物门哺乳纲', '0', '国家II级', ' ', '雄性肩高可达120厘米，体重可达200千克。雄性的弯角粗大，长达1米以上，向下扭曲呈螺旋状，外侧有环棱；雌性的角非常短，而且弯度不大。毛的颜色从淡棕色至白灰色，胸、腹部的颜色浅一些。脖子白色，没有类似赤羊的鬃毛。', '/images/biodiversity/157356815375023.jpg');
INSERT INTO `biodiversity` VALUES ('14', '1', 'B6543221', 'SWFY0014', '阜康阿魏', 'Ferula fukanensis', '植物', '被子植物门双子叶植物纲', '0', '国家I级', ' ', '多年生一次结果的草本，高0.5-1.5米，全株有强烈的葱蒜样臭味。根圆锥或倒卵形，粗壮，根颈上残存有枯鞘纤维。茎单一，粗壮，近无毛，从近基部向上分枝成圆锥状，下部枝互生，上部枝轮生。花期4-5月，果期5-6月。', '/images/biodiversity/157356816009524.jpg');
INSERT INTO `biodiversity` VALUES ('15', '1', 'B6543221', 'SWFY0015', '沙拐枣', 'Calligonum arborescens Litv', '植物', '被子植物门双子叶植物纲', '0', '国家II级', ' ', '高50～150厘米。分枝短，开展，老枝灰白色； 一年生枝草质，绿色。叶细鳞片状，长2～4毫米。花2～3朵簇生于叶腋，两性，粉红色；花梗细弱， 下部有关节； 花被5片， 卵形； 雄蕊12～16， 与花被近等长；瘦果椭圆形，顶端锐尖，基部狭窄，连刺毛直径10毫米，长10～12毫米；肋状突起不明显，每一肋状突起有3行刺毛；刺毛稀疏，刺毛叉状分枝2～3次， 细弱而脆， 易折断 。', '/images/biodiversity/157356817103225.jpg');
INSERT INTO `biodiversity` VALUES ('16', '1', 'B6543221', 'SWFY0016', '甘草', 'Glycyrrhiza uralensis Fisch', '植物', '被子植物门双子叶植物纲', '0', '国家II级', ' ', '根与根状茎粗壮，是一种补益中草药。对人体很好的一种药，药用部位是根及根茎，药材性状根呈圆柱形，长25～100厘米，直径0.6～3.5厘米。外皮松紧不一，表面红棕色或灰棕色。根茎呈圆柱形，表面有芽痕，断面中部有髓。气微，味甜而特殊。', '/images/biodiversity/157356817921826.jpg');
INSERT INTO `biodiversity` VALUES ('17', '1', 'B6543221', 'SWFY0017', '裸果木', 'Gymnocarpos przewalskii', '植物', '被子植物门双子叶植物纲', '0', '国家I级', ' ', '高50-100厘米。茎曲折，多分枝；树皮灰褐色，剥裂；嫩枝赭红色，节膨大。叶几无柄，叶片稍肉质，线形，略成圆柱状，顶端急尖，具短尖头，基部稍收缩；托叶膜质，透明，鳞片状。聚伞花序腋生；苞片白色，膜质，透明，宽椭圆形，子房近球形。瘦果包于宿存萼内；种子长圆形，直径约0.5毫米，褐色。花期5-7月，果期8月。', '/images/biodiversity/157356818682327.jpg');
INSERT INTO `biodiversity` VALUES ('18', '1', 'B6543221', 'SWFY0018', '中麻黄', 'Ephedra intermedin Schrenk', '植物', '裸子植物门买麻藤纲', '0', '国家II级', ' ', '高达 1米以上；茎直立，粗壮；小枝对生或轮生，圆筒形，灰绿色，有节，节间通常长3-6厘米，直径2-3毫米。叶退化成膜质鞘状，上部约1/3分裂，裂片通常3（稀2），钝三角形或三角形。雄球花常数个（稀2-3）密集于节上呈团状，苞片5-7对交互对生或5-7轮（每轮3）；雄花有雄蕊5-8；雌球花2-3生于节上，由3-5轮生或交互对生的苞片组成，仅先端1轮或1对苞片生有2-3雌花；珠被管长达3毫米，常螺旋状弯曲，稀教短而不明显弯曲。雌球花熟时苞片肉质，红色；种子通常3（稀2），包藏于肉质苞片内，不外露。', '/images/biodiversity/157356819374228.jpg');

-- ----------------------------
-- Table structure for biospecimen
-- ----------------------------
DROP TABLE IF EXISTS `biospecimen`;
CREATE TABLE `biospecimen` (
  `id` int(11) NOT NULL AUTO_INCREMENT,
  `park_id` int(10) NOT NULL COMMENT '公园ID',
  `specimennumber` varchar(256) DEFAULT NULL COMMENT '标本编号',
  `specimenname` varchar(256) DEFAULT NULL COMMENT '标本名称',
  `hallnumber` varchar(256) DEFAULT NULL COMMENT '馆内编号',
  `latin` varchar(256) DEFAULT NULL COMMENT '拉丁学名',
  `specimentype` varchar(256) DEFAULT NULL COMMENT '标本类型',
  `collectionposition` varchar(256) DEFAULT NULL COMMENT '采集位置',
  `collectiontime` varchar(256) DEFAULT NULL COMMENT '采集时间',
  `collectionhuman` varchar(256) DEFAULT NULL COMMENT '采集人',
  `collectionnumber` varchar(256) DEFAULT NULL COMMENT '收藏数量',
  `savestate` varchar(256) DEFAULT NULL COMMENT '保存状态',
  `featuredescription` text COMMENT '特征描述',
  `note` text COMMENT '附注',
  `img` text COMMENT '照片',
  PRIMARY KEY (`id`) USING BTREE
) ENGINE=InnoDB DEFAULT CHARSET=utf8 ROW_FORMAT=DYNAMIC COMMENT='生物标本';

-- ----------------------------
-- Records of biospecimen
-- ----------------------------

-- ----------------------------
-- Table structure for commentary
-- ----------------------------
DROP TABLE IF EXISTS `commentary`;
CREATE TABLE `commentary` (
  `id` int(11) NOT NULL AUTO_INCREMENT,
  `park_id` int(10) NOT NULL COMMENT '地质公园ID',
  `number` varchar(256) DEFAULT NULL COMMENT '编号',
  `type` varchar(256) DEFAULT NULL COMMENT '类型',
  `position` varchar(256) DEFAULT NULL COMMENT '位置',
  `coordinate` varchar(256) DEFAULT NULL COMMENT '坐标',
  `constructiontime` varchar(256) DEFAULT NULL COMMENT '建设时间',
  `content` text COMMENT '内容',
  `note` text COMMENT '备注',
  PRIMARY KEY (`id`) USING BTREE
) ENGINE=InnoDB DEFAULT CHARSET=utf8 ROW_FORMAT=DYNAMIC COMMENT='标示解说系统';

-- ----------------------------
-- Records of commentary
-- ----------------------------

-- ----------------------------
-- Table structure for displayboard
-- ----------------------------
DROP TABLE IF EXISTS `displayboard`;
CREATE TABLE `displayboard` (
  `id` int(11) NOT NULL AUTO_INCREMENT,
  `park_id` int(10) NOT NULL COMMENT '公园ID',
  `boardnumber` varchar(256) DEFAULT NULL COMMENT '展板编号',
  `hallname` varchar(256) DEFAULT NULL COMMENT '展厅名称',
  `boardcontent` varchar(256) DEFAULT NULL COMMENT '展板内容',
  `makingtime` varchar(256) DEFAULT NULL COMMENT '制作时间',
  `constructionunit` varchar(256) DEFAULT NULL COMMENT '设计施工单位',
  `contentauther` text COMMENT '内容作者',
  `note` text COMMENT '附注',
  `img` text COMMENT '照片',
  PRIMARY KEY (`id`) USING BTREE
) ENGINE=InnoDB DEFAULT CHARSET=utf8 ROW_FORMAT=DYNAMIC COMMENT='展板';

-- ----------------------------
-- Records of displayboard
-- ----------------------------

-- ----------------------------
-- Table structure for earthquake
-- ----------------------------
DROP TABLE IF EXISTS `earthquake`;
CREATE TABLE `earthquake` (
  `id` int(11) NOT NULL AUTO_INCREMENT,
  `park_id` int(10) NOT NULL COMMENT '地质公园ID',
  `disasternumber` varchar(256) DEFAULT NULL COMMENT '灾害点编号',
  `disastername` varchar(256) DEFAULT NULL COMMENT '灾害点名称',
  `type` varchar(256) DEFAULT NULL COMMENT '类型',
  `position` varchar(256) DEFAULT NULL COMMENT '地理位置',
  `coordinate` varchar(256) DEFAULT NULL COMMENT '坐标',
  `scale` varchar(256) DEFAULT NULL COMMENT '规模',
  `stability` varchar(256) DEFAULT NULL COMMENT '稳定性',
  `dangerous` varchar(256) DEFAULT NULL COMMENT '危险性',
  `description` text COMMENT '特征描述',
  `factor` varchar(256) DEFAULT NULL COMMENT '诱发因素',
  `threat` varchar(256) DEFAULT NULL COMMENT '威胁对象',
  `note` text COMMENT '备注',
  PRIMARY KEY (`id`) USING BTREE
) ENGINE=InnoDB DEFAULT CHARSET=utf8 ROW_FORMAT=DYNAMIC COMMENT='地灾信息';

-- ----------------------------
-- Records of earthquake
-- ----------------------------

-- ----------------------------
-- Table structure for ecosystem
-- ----------------------------
DROP TABLE IF EXISTS `ecosystem`;
CREATE TABLE `ecosystem` (
  `id` int(11) NOT NULL AUTO_INCREMENT,
  `park_id` int(10) NOT NULL COMMENT '地质公园编号',
  `type` varchar(256) DEFAULT NULL COMMENT '公园地貌类型',
  `averagetempera` varchar(256) DEFAULT NULL COMMENT '公园年平均气温高',
  `toptempera` varchar(256) DEFAULT NULL COMMENT '公园年最高气温',
  `bottomtempera` varchar(256) DEFAULT NULL COMMENT '公园年最低气温',
  `averagerain` text COMMENT '公园年平均降水',
  `plantcover` text COMMENT '植被、绿地',
  `animal` text COMMENT '珍稀动物',
  `plant` text COMMENT '珍稀植物',
  `water` text COMMENT '水资源概况',
  `climate` text COMMENT '气候特征',
  `disaster` text COMMENT '公园内灾害情',
  `note` text COMMENT '备注',
  PRIMARY KEY (`id`) USING BTREE
) ENGINE=InnoDB AUTO_INCREMENT=3 DEFAULT CHARSET=utf8 ROW_FORMAT=DYNAMIC COMMENT='生态环境状况';

-- ----------------------------
-- Records of ecosystem
-- ----------------------------
INSERT INTO `ecosystem` VALUES ('2', '1', '峡谷、串珠状盆地、山地、平原', '无', '无', '无', '47mm', '山地针叶林、山地落叶阔叶林、草甸等。绿地覆盖率60%。', '', '', '额尔齐斯河是地质公园内唯一水系，源于阿尔泰山南麓，由喀依尔特河、吐尔洪河、苏普特河、喀拉额尔齐斯河、喀拉通克河、库尔特河等支流汇合而成。流向由北向南转西穿过可可托海镇、库额尔齐斯镇，经阿勒泰、北屯、布尔津、哈巴河等县、市，注入哈萨克斯坦斋桑泊汇入北冰洋，是我国唯一属于北冰洋水系的河流。县境内流域长度230千米，地质公园内流域长度40千米。\n地质公园内有伊雷木湖、可可苏里两个湖泊。伊雷木湖为富蕴地震形成的断陷湖，后经筑坝用于发电的水库型湖泊，南北长5～6千米，东西宽1～2千米，蓄水1.13亿立方米，湖水最大。', '空气质量达到国家一级标准。春季平均气温11.1℃	，夏季平均气温20.9℃，秋季平均气温9.6℃，冬季平均气温-13.6℃。\n', '1931年8月11日富蕴发生了8级地震；伟晶岩矿的尾矿堆放存在安全隐患，易引发滑坡、泥石流等地质灾害。', '');

-- ----------------------------
-- Table structure for exchangeexhibition
-- ----------------------------
DROP TABLE IF EXISTS `exchangeexhibition`;
CREATE TABLE `exchangeexhibition` (
  `id` int(11) NOT NULL AUTO_INCREMENT,
  `park_id` int(10) NOT NULL COMMENT '公园ID',
  `position` varchar(256) DEFAULT NULL COMMENT '地点',
  `time` varchar(256) DEFAULT NULL COMMENT '时间',
  `exhibitionobject` text COMMENT '互展对象',
  `exhibitioncontent` text COMMENT '互展内容',
  `exhibitionhuman` varchar(256) DEFAULT NULL COMMENT '主要互展人员',
  `note` text COMMENT '备注',
  `img` text COMMENT '照片',
  `create_time` datetime DEFAULT NULL,
  `update_time` datetime DEFAULT NULL,
  `deleted_at` datetime DEFAULT NULL,
  PRIMARY KEY (`id`) USING BTREE
) ENGINE=InnoDB DEFAULT CHARSET=utf8 ROW_FORMAT=DYNAMIC COMMENT='交流互展';

-- ----------------------------
-- Records of exchangeexhibition
-- ----------------------------

-- ----------------------------
-- Table structure for fincestat
-- ----------------------------
DROP TABLE IF EXISTS `fincestat`;
CREATE TABLE `fincestat` (
  `id` int(11) NOT NULL AUTO_INCREMENT,
  `park_id` int(10) NOT NULL COMMENT '地质公园ID',
  `time` varchar(256) DEFAULT NULL COMMENT '时间',
  `income` double(15,2) DEFAULT NULL COMMENT '收入',
  `incomesource` text COMMENT '收入来源说明',
  `expenditure` double(15,2) DEFAULT NULL COMMENT '支出',
  `expenditureproject` text COMMENT '支出项目说明',
  `balance` double(15,2) DEFAULT NULL COMMENT '结余',
  `balancematter` text COMMENT '结余情况说明',
  `note` text COMMENT '备注',
  `created_at` datetime DEFAULT NULL,
  `updated_at` datetime DEFAULT NULL,
  `deleted_at` datetime DEFAULT NULL,
  PRIMARY KEY (`id`) USING BTREE
) ENGINE=InnoDB DEFAULT CHARSET=utf8 ROW_FORMAT=DYNAMIC COMMENT='财务统计';

-- ----------------------------
-- Records of fincestat
-- ----------------------------

-- ----------------------------
-- Table structure for geolandscape
-- ----------------------------
DROP TABLE IF EXISTS `geolandscape`;
CREATE TABLE `geolandscape` (
  `id` int(11) NOT NULL AUTO_INCREMENT,
  `park_id` int(10) NOT NULL COMMENT '地质公园ID',
  `unitenumber` varchar(256) DEFAULT NULL COMMENT '地质遗迹统一编号',
  `originalnumber` varchar(256) DEFAULT NULL COMMENT '原编号',
  `gname` varchar(256) DEFAULT NULL COMMENT '地质遗迹名称',
  `originalname` varchar(256) DEFAULT NULL COMMENT '地质遗迹原名称',
  `type` varchar(256) DEFAULT NULL COMMENT '地质遗迹类型',
  `position` varchar(256) DEFAULT NULL COMMENT '地质遗迹地理位置',
  `traffic` varchar(256) DEFAULT NULL COMMENT '地质遗迹交通状况',
  `lat` varchar(128) DEFAULT NULL COMMENT '经度',
  `lng` varchar(128) DEFAULT NULL COMMENT '纬度',
  `altitude` varchar(256) DEFAULT NULL COMMENT '海拔高度',
  `background` varchar(256) DEFAULT NULL COMMENT '地质遗迹地质背景',
  `feature` text COMMENT '地质遗迹特征',
  `evaluation` varchar(256) DEFAULT NULL COMMENT '评价级别',
  `protection` varchar(256) DEFAULT NULL COMMENT '保护级别',
  `value` varchar(256) DEFAULT NULL COMMENT '观赏价值',
  `causes` varchar(256) DEFAULT NULL COMMENT '遗迹成因类型',
  `note` varchar(256) DEFAULT NULL COMMENT '备注',
  `img` text COMMENT '照片',
  `width` varchar(256) DEFAULT NULL COMMENT '宽度',
  `height` varchar(256) DEFAULT NULL COMMENT '高度',
  `length` varchar(256) DEFAULT NULL COMMENT '长度',
  PRIMARY KEY (`id`) USING BTREE
) ENGINE=InnoDB AUTO_INCREMENT=455 DEFAULT CHARSET=utf8 ROW_FORMAT=DYNAMIC COMMENT='地质遗迹景观';

-- ----------------------------
-- Records of geolandscape
-- ----------------------------
INSERT INTO `geolandscape` VALUES ('191', '1', 'JDFY0083', '无', '风景河段', '\"M\"形曲流', '', '位于新疆维吾尔族自治区富蕴县吐尔洪乡铁尔斯克', '无', '无', '无', '1451', '无', '地质体岩性为加里东期黑云母斜长花岗岩，处于红山嘴断裂南侧。该处河流连续拐弯，形成“M”形状，水面宽约1.5—4米，水质清澈，流量约为0.2立方米／秒，水温约为4℃，水流较缓，发育有边滩和心滩，在该处河谷中水草茂盛，生态环境优美，该处河段长约110米。\n位于新疆维吾尔族自治区富蕴县吐尔洪乡铁尔斯克，出露面积为500平方米，具地质科普教育意义、美学观赏价值，自然出露、省内稀有，有简易道路通达，通行条件一般。', '无', '三级保护', '该处河流连续拐弯，形成“M”形状，水面宽约1.5—4米，水质清澈，流量约为0.2立方米／秒，水温约为4℃，水流较缓，发育有边滩和心滩，在该处河谷中水草茂盛，生态环境优美，该处河段长约110米。', '此段河道曲折，河流凹岸受河水侵蚀不断后退，河道弯曲度不断增大，逐步形成现在的\"M\"形河湾。', '', '', '5', '2', '10');
INSERT INTO `geolandscape` VALUES ('192', '1', 'JDFY0135', '', '风景河段', '\"S\"形河谷', '', '', '', '', '', '1221', '', '地质体岩性为黑云母斜长片麻岩，处于可可托海-二台地震断裂东侧。该处为一“S”形河流，水质清澈，有小鱼游过，流面宽1.5米—5米，水温约5℃，河流两侧形成一级阶地，阶坎高2.5米—4米，阶坎砾石成圆-椭圆形，粒径1—3公分居多，其成因主要由流水侵蚀下切作用形成。', '', '三级保护', '该处为一“S”形河流，水质清澈，有小鱼游过，流面宽1.5米—5米，水温约5℃，河流两侧形成一级阶地，阶坎高2.5米—4米，阶坎砾石成圆-椭圆形，粒径1—3公分居多。', '由河流侵蚀堆积形成。', '', '', null, null, null);
INSERT INTO `geolandscape` VALUES ('193', '1', 'JDFY0114', '', '构造地貌', '“S”型褶皱', '', '', '', '', '', '1941', '', '地质体岩性为黑云母斜长片麻岩，处于红山嘴断裂南侧。该点处为一“S”型褶皱构造，岩性为Pt2S’深灰色黑云斜长片麻岩，主要由断层的滑动引起，褶皱北东翼产状为245°∠31°，南西翼为285°∠22°。枢纽产状分别为275°∠61°和285°∠55°，断层从褶皱中部穿过，断层面较光滑，产状为32°∠61°，根据断层上下盘岩层发生的褶皱变形判断，断层上盘相对上升，下盘相对下降，断层性质为逆断层。', '', '三级保护', ' ', '由构造运动的应力作用使岩石发生褶皱断层构造。', '', '', null, null, null);
INSERT INTO `geolandscape` VALUES ('194', '1', 'JDFY0090', '', '构造地貌', '“X”形节理', '', '', '', '', '', '2015', '', '该点为发育在加里东期的中一细粒黑云母花岗岩中的“X”形节理，一组延伸方向为225°，产状为135°∠77°，节理宽25—40厘米，无育填，另一组节理延伸方向137°，节理产状为227°∠71°，节理宽14—30厘米，部分被后期粘土充填，成因为区域上不同方向剪切应力差异使岩石发生错位形成。', '', '三级保护', ' ', '区域上不同方向剪切应力差异使岩石发生错位形成。', '', '', null, null, null);
INSERT INTO `geolandscape` VALUES ('195', '1', 'JDFY0013', '', '地震断裂带', '1931年富蕴地震断裂带', '', '', '', '', '', '1807', '', '它北起买增萨依沟口，向南终止于阿尔曼特山北坡，全长176千米，一般宽数十米，局部膨大加宽，在震中区宽度最大达4千米。它基本上由北北西（为主）和近南北向（局部）的地段交替组合而成。断裂带总体走向为北北西向，倾向西，倾角70°左右。富蕴地震断裂带可分为三大段和若干亚段：北部引张段（恰尔沟以北地段，北北西和北西向为主，全长55千米）、主体走滑段（恰尔沟到库尔尕克萨依以北，全长11千米，为断裂带主体分布地段）和南部末端破裂段（库尔尕克萨依弧形断裂以南至断裂带终止地段，全长10千米，主要发育近南北向和北北东向两组断', '', '一级保护', '宏伟壮观', '在富蕴-二台断裂带基础上，形成于1931年的富蕴大地震。', '', '', null, null, null);
INSERT INTO `geolandscape` VALUES ('196', '1', 'JDFY0050', '', '矿物与矿床', '40号矿洞', '', '', '', '', '', '1449', '', '矿洞沿伟晶岩脉掘进，岩脉分出四个带：石英云母带宽1.8米、石英带宽1.2米、钠长石带宽1.7米、石英长石带宽大于0.8米，并盛产绿柱石、锂辉石等矿物。', '', '三级保护', '伟晶岩脉穿入角闪岩中，特征清楚，是观赏采矿洞遗址、寻宝的极佳之地。', '开采伟晶岩脉所留', '', '', null, null, null);
INSERT INTO `geolandscape` VALUES ('197', '1', 'JDFY0234', '', '流水堆积地貌', '∞字形河心岛', '', '', '', '', '', '1400', '', '∞字形河心岛位于喀依尔提河大桥上游约1千米处，分布范围长600米，宽30-40米，由两个河心岛串联成∞字形河心岛。此段河流河面宽阔，水流相对平缓，河水搬运的松散物颗粒在此段堆积逐步形成河心岛，由卵砾石构成，砾径多为5-20厘米，次圆状。河心岛上植被发育，主要生长松树及白桦树。河水绕河心岛由北向南径流，水色清澈。', '', '三级保护', '，分布范围长600米，宽30-40米，由两个河心岛串联成∞字形河心岛。此段河流河面宽阔，水流相对平缓，河水搬运的松散物颗粒在此段堆积逐步形成河心岛，由卵砾石构成，砾径多为5-20厘米，次圆状。河心岛上植被发育，主要生长松树及白桦树。河水绕河心岛由北向南径流，水色清澈。', '此段河流河面宽阔，水流相对平缓，河水搬运的松散物颗粒在此段堆积逐步形成河心岛。', '', '', null, null, null);
INSERT INTO `geolandscape` VALUES ('198', '1', 'JDFY0165', '', '风景河段', 'T形河流交汇处', '', '', '', '', '', '1443', '', '地质体岩性为华力西期早期黑云母花岗岩，处于可可托海-二台断裂。该点处为买增萨依沟与喀依尔提河交汇处。买增萨依沟此段水面宽3-5米，水流湍急，流向30°,流量约100-150立方米/小时，沟口处分布0.4-0.8米的漂石，呈次圆状。喀依尔提河此段水面宽60-65米，流向110°,水色清澈，流量约8-10立方米/秒，河床内分布0.1-0.3米的砾石，呈次圆状。河谷两侧生长松树及白桦树，植被覆盖率较高。河水在山谷之中流淌，景色优美。', '', '三级保护', '河谷两侧生长松树及白桦树，植被覆盖率较高。河水在山谷之中流淌，景色优美。', '南北向可可托海-二台断裂与北西向断裂交汇，形成T形河流交汇处。', '', '', null, null, null);
INSERT INTO `geolandscape` VALUES ('199', '1', 'JDFY0224', '', '流水侵蚀地貌', 'Ω型河湾', '', '', '', '', '', '1510', '', 'Ω型河湾长1.8千米，河面宽50-60米，河塘弯曲度270°。河塘两侧边坡坡度40-55°，山体岩性为中粒似斑状二云正长花岗岩构成，受风化剥蚀作用，锥状及钟状花岗岩地貌较发育。坡面上生长松树及白桦树，植被较发育。Ω型河塘由河水不断冲刷侵蚀凹岸，河流弯曲度不断增加形成。河谷内堆积松散卵砾石层，砾径5-15厘米，次圆状。河水由北向南径流，水量约8-10立方米/秒，水色清澈。', '', '三级保护', 'Ω型河湾长1.8千米，河面宽50-60米，河塘弯曲度270°。河塘两侧坡面上生长松树及白桦树，植被较发育。Ω型河塘由河水不断冲刷侵蚀凹岸，河流弯曲度不断增加形成。河谷内堆积松散卵砾石层，砾径5-15厘米，次圆状。河水由北向南径流，水量约8-10立方米/秒，水色清澈。', 'Ω型河塘由河水不断冲刷侵蚀凹岸，河流弯曲度不断增加形成。', '', '', null, null, null);
INSERT INTO `geolandscape` VALUES ('200', '1', 'JDFY0060', '', '水体地貌', '阿克布拉克风景河段', '', '', '', '', '', '1362', '', '地质体岩性为华力西期早期中细粒英云闪长岩，处于可可托海-二台断裂东侧8公里。该处为一风景河段，水面宽4.5—12米，水质清澈，流量约为1立方米／秒,水温约为5℃，河流量约为265°，河床较狭窄，在河边形成河漫滩，两侧坡度较陡，为55—70度，河流南侧植被较发育，为原始森林，河流北侧多为裸露的基岩，岩性为花岗岩，主要为河流侵蚀下切形成。', '', '三级保护', '该处为一风景河段，水面宽4.5—12米，水质清澈，流量约为1立方米／秒,水温约为5℃，河流量约为265°，河床较狭窄，在河边形成河漫滩，两侧坡度较陡，为55—70度，河流南侧植被较发育，为原始森林，河流北侧多为裸露的基岩，岩性为花岗岩，主要为河流侵蚀下切形成。', '河流侵蚀下切形成。', '', '', null, null, null);
INSERT INTO `geolandscape` VALUES ('201', '1', 'JDFY0127', '', '锥状花岗岩地貌', '阿克沃巴剑锋', '', '', '', '', '', '2466', '', '地质体岩性为斜长片麻岩，处于可可托海-二台地震断裂带北东侧。此处为一象形山石，形似一把锋利的宝剑，直指苍穹，高约12米，宽约1.5—2米，尖部呈剑锋状，两侧较光滑，由于斜长片麻岩发育，竖直向下的节理在寒冻作用下沿节理面崩离坠落形成。', '', '三级保护', '为一象形山石，形似一把锋利的宝剑，直指苍穹，高约12米，宽约1.5—2米，尖部呈剑锋状，两侧较光滑。', '竖直向下的节理在寒冻作用下沿节理面崩离坠落形成。', '', '', null, null, null);
INSERT INTO `geolandscape` VALUES ('202', '1', 'JDFY0131', '', '构造地貌', '阿克沃巴峡谷', '', '', '', '', '', '1440', '', '地质体岩性为黑云母斜长片麻岩，处于可可托海-二台地震断裂带北东侧。此峡谷长约15千米，公园内约10千米，谷底宽50—200米，坡度约为15°—45°，谷底有流水通过，水面宽度约为0.3米—1米，水质清澈，植被覆盖较高，生态环境优好，景色优美，生长桦树、松树等植物，出露岩性以花岗岩、片麻岩为主。', '', '三级保护', '峡谷长约15千米，公园内约10千米，谷底宽50—200米，坡度约为15°—45°，谷底有流水通过，水面宽度约为0.3米—1米，水质清澈，植被覆盖较高，生态环境优好，景色优美，生长桦树、松树等植物。', '由构造抬升和流水侵蚀下切作用形成。', '', '', null, null, null);
INSERT INTO `geolandscape` VALUES ('203', '1', 'JDFY0191', '', '构造地貌', '阿拉阿依V型峡谷', '', '', '', '', '', '1980', '', '阿拉阿依峡谷全长12千米,呈V形，两侧山体岩性以斜长片麻岩、闪长岩、花岗岩为主，谷底宽6-15米。两侧边坡坡度45-70°,植被发育，主要生长西伯利亚云杉及白桦树等树种。河水流向东南，流量150立方米/时。峡谷谷底漂砾上壶穴，一般长40厘米，宽20厘米，深6-10厘米，漂石呈次棱角状及次圆状，磨圆及分选一般。河水漂石间穿流而过，水色清澈，水流潺潺，峡谷中植被覆盖率高，生态环境好，风景怡人。', '', '三级保护', '阿拉阿依峡谷全长12千米,呈V形，两侧山体岩性以斜长片麻岩、闪长岩、花岗岩为主，谷底宽6-15米。两侧边坡坡度45-70°,植被发育，主要生长西伯利亚云杉及白桦树等树种。河水流向东南，流量150立方米/时。峡谷谷底漂砾上壶穴，一般长40厘米，宽20厘米，深6-10厘米，漂石呈次棱角状及次圆状，磨圆及分选一般。河水漂石间穿流而过，水色清澈，水流潺潺，峡谷中植被覆盖率高，生态环境好，风景怡人。', '流水侵蚀及构造作用共同形成窄而深的峡谷，峡谷中植被发育，风景优美。', '', '', null, null, null);
INSERT INTO `geolandscape` VALUES ('204', '1', 'JDFY0185', '', '风景河段', '阿拉阿依格尔风景河段', '', '', '', '', '', '1661', '', '地质体岩性为印支期中粒似斑状二云正长花岗岩，处于红山嘴断裂南侧。阿拉阿依格尔风景河段长度3000米,谷底宽10-15米，河谷中分布巨大的漂砾，河水石漂砾中穿流，水声轰鸣，水色清澈，河水流向东南，流量约300-400立方米/小时，河道蜿蜒曲折。河谷两侧边坡坡度30-45°,边坡由中粒似斑状二云正长花岗岩构成，钟状花岗岩地貌较发育。河谷内植被覆盖率较高，生态环境好，主要生长西伯利亚云杉及白桦树，树木参天，森林基本处于原始状态，林中苔藓植物发育。', '', '三级保护', '阿拉阿依格尔风景河段长度3000米,谷底宽10-15米，河谷中分布巨大的漂砾，河水石漂砾中穿流，水声轰鸣，水色清澈，河水流向东南，流量约300-400立方米/小时，河道蜿蜒曲折。河谷内植被覆盖率较高，生态环境好，主要生长西伯利亚云杉及白桦树，树木参天，森林基本处于原始状态，林中苔藓植物发育。', '山区降水丰富，植被发育，风景优美，流水侵蚀形成曲折的河道。', '', '', null, null, null);
INSERT INTO `geolandscape` VALUES ('205', '1', 'JDFY0189', '', '锥状花岗岩地貌', '阿拉阿依格尔佛塔', '', '', '', '', '', '1995', '', '地质体岩性为印支期中粒似斑状二云正长花岗岩，处于红山嘴断裂南侧。佛塔位于阿拉阿依格尔沟北岸边坡，高50-60米,宽80米。岩体中垂向及近水平的节理较发育，岩块崩落后形成如砖石砌成的墙壁，向上宽度逐渐变小，形成尖顶状塔顶，如同一座气势辉煌的佛塔屹立石眼前，让人生了顶礼膜拜之心。边坡坡度80-85°,坡面上植被稀疏，仅石缝中生长少量的灌木。', '', '三级保护', '佛塔位于阿拉阿依格尔沟北岸边坡，高50-60米,宽80米。岩体中垂向及近水平的节理较发育，岩块崩落后形成如砖石砌成的墙壁，向上宽度逐渐变小，形成尖顶状塔顶，如同一座气势辉煌的佛塔屹立石眼前，让人生了顶礼膜拜之心。边坡坡度80-85°,坡面上植被稀疏，仅石缝中生长少量的灌木。', '岩体中垂向及近水平的节理较发育，受寒冻风化作用，岩块崩落后逐步形成如砖石砌成的墙壁，向上宽度逐渐变小，状如尖顶佛塔。', '', '', null, null, null);
INSERT INTO `geolandscape` VALUES ('206', '1', 'JDFY0192', '', '象形山石', '阿拉阿依格尔石景长廊', '', '', '', '', '', '2466', '', '阿拉阿依格尔石景群位于沟谷北岸山体顶部，山体岩性为花岗岩，岩体较破碎，岩体经风化剥落后形成如鸭子、骆驼、城堡等各种象形山石，分布宽度约950米，高度20-40米,其呈带状分布于山顶，故名石景长廊，长廊以下的坡面上堆积大量崩落的岩块，坡面上植被稀疏，仅生长少量的灌木。', '', '三级保护', '阿拉阿依格尔石景群位于沟谷北岸山体顶部，山体岩性为花岗岩，岩体较破碎，岩体经风化剥落后形成如鸭子、骆驼、城堡等各种象形山石，分布宽度约950米，高度20-40米,其呈带状分布于山顶，故名石景长廊，长廊以下的坡面上堆积大量崩落的岩块，坡面上植被稀疏，仅生长少量的灌木。', '花岗岩岩体较破碎，岩体经风化剥落后形成如鸭子、骆驼、城堡等各种象形山石。', '', '', null, null, null);
INSERT INTO `geolandscape` VALUES ('207', '1', 'JDFY0181', '', '流水侵蚀地貌', '阿拉阿依壶穴', '', '', '', '', '', '1610', '', '壶穴分布于喀依尔提河河床中巨大的漂石上，分布范围长300米，宽20米。由花岗岩构成，受水流侵蚀形成长50厘米，宽30厘米，深25厘米的壶穴，其形状为椭圆形、长条形及不规则形，大小各异，一块漂石上发育2-3个壶穴，呈串珠状分布。壶穴内易保存雨水及河水，水份风干后为红褐色，并可见少量泥质物。', '', '三级保护', '由花岗岩构成，受水流侵蚀形成长50厘米，宽30厘米，深25厘米的壶穴，其形状为椭圆形、长条形及不规则形，大小各异，一块漂石上发育2-3个壶穴，呈串珠状分布。壶穴内易保存雨水及河水，水份风干后为红褐色，并可见少量泥质物。', '洪水期河水搬运大量的松散颗粒，在漂石间流动时水流紊乱而形成涡流，水及携带的砂砾在漂石表面不断的侵蚀形成圆形及椭圆形的壶穴。', '', '', null, null, null);
INSERT INTO `geolandscape` VALUES ('208', '1', 'JDFY0211', '', '风景河段', '阿拉散沟风景河段', '', '', '', '', '', '1800', '', '阿拉散沟风景河段长4千米，河谷宽60-80米。河谷呈北西-南东向，河水由北西向南东径流。河谷两侧出露花岗岩、花岗闪长岩等，钟状或锥状花岗岩奇峰及象形石景较发育。河谷中出露第四系漂卵石，结构松散，呈次圆状及次棱角状，磨圆及分选一般。两侧山坡坡度40-65°,萨依肯布拉克河从谷底流过，水色略浑浊，流量约300立方米/时。河谷中植被发育，生态环境好，主要生长白桦树、西伯利亚云杉等树种，白色的毡房沿河谷两侧零星分布，景色优美。', '', '三级保护', '阿拉散沟风景河段长4千米，河谷宽60-80米。河谷呈北西-南东向，河水由北西向南东径流。钟状或锥状花岗岩奇峰及象形石景较发育。河谷中植被发育，生态环境好，主要生长白桦树、西伯利亚云杉等树种，白色的毡房沿河谷两侧零星分布，景色优美。', '河谷两侧钟状或锥状花岗岩奇峰及象形石景较发育，河谷中植被发育，景色优美。', '', '', null, null, null);
INSERT INTO `geolandscape` VALUES ('209', '1', 'JDFY0206', '', '构造地貌', '阿拉散峡谷', '', '', '', '', '', '1730', '', '阿拉散峡谷全长20千米，谷底宽15-20米,深150-200米。峡谷呈北西-南东向，河水由北西向南东径流。峡谷两侧出露黑云母花岗岩、花岗闪长岩、片麻岩，多形成奇异多姿的花岗岩奇峰及多姿象形石景。两侧山坡坡度40-65°,萨依肯布拉克河从谷底流过，水色清澈，流量约300-400立方米/时。河谷中出露第四系漂卵石，结构松散，呈次圆状及次棱角状，磨圆及分选一般，砾径一般10-30厘米。峡谷中植被发育，生态环境好，主要生长白桦树、西伯利亚云杉等树种。', '', '三级保护', '阿拉散峡谷全长20千米，谷底宽15-20米,深150-200米。峡谷呈北西-南东向，河水由北西向南东径流。萨依肯布拉克河从谷底流过，水色清澈。峡谷中植被发育，生态环境好，主要生长白桦树、西伯利亚云杉等树种。', '流水侵蚀及构造作用共同形成窄而深的峡谷，峡谷两侧分布花岗岩奇峰，植被发育，风景优美。', '', '', null, null, null);
INSERT INTO `geolandscape` VALUES ('210', '1', 'JDFY0057', '', '佛龛花岗岩地貌', '阿米尔萨拉佛龛花岗岩地貌', '', '', '', '', '', '1421', '', '整个山体为由燕山期的片麻状花岗岩组成的绝壁，坡度大于75º，高100米，宽300米。岩体具片麻状构造，垂直劈理、面理发育。在绝壁距地面30米处发育一处宽15米，长90米的佛龛地貌，是燕山期的片麻状花岗岩，因其所含矿物的抗风化能力存在较大差异，而在风化剥蚀过程中形成的佛龛花岗岩地貌。佛龛凹坑深0.1～0.3米，直径0.1～0.5米。', '', '三级保护', '因整个绝壁似麻子脸凹凸不平，当地人又称为“麻子壁”。', '燕山期的片麻状花岗岩，因其所含矿物的抗风化能力存在较大差异，而在风化剥蚀过程中形成的佛龛花岗岩地貌。', '', '', null, null, null);
INSERT INTO `geolandscape` VALUES ('211', '1', 'JDFY0049', '', '矿物与矿床', '阿依果斯矿洞', '', '', '', '', '', '1320', '', '矿洞内矿脉围岩主要为辉长角闪岩。', '', '三级保护', ' ', '开采三号伟晶岩矿脉所留', '', '', null, null, null);
INSERT INTO `geolandscape` VALUES ('212', '1', 'JDFY0194', '', '流水堆积地貌', '白沙滩', '', '', '', '', '', '1601', '', '白沙滩分布于喀依尔提河西岸，长150米，宽度8-10米，向河心缓倾，坡度10-15°,由灰白色的中细砂组成，矿物成份主要为石英、长石、云母等，干燥-潮湿，结构松散。白沙滩边河水荡漾，绿水与白沙相互映衬，岩边高大的松树及白桦树郁郁葱葱，秀美的景色令人陶醉。白沙滩上的中细砂为河水从上游搬运而来，且主要是洪水期高水位时在凸岸沉积的松散颗粒。河流沿岸出露岩性以花岗岩为主，花岗岩中主要矿物为浅色的石英、长石，因此白沙滩上堆积的中细砂呈灰白色，且砂料的矿物成分与花岗岩一致。', '', '三级保护', '白沙滩边河水荡漾，绿水与白沙相互映衬，岩边高大的松树及白桦树郁郁葱葱，秀美的景色令人陶醉。', '河水从上游搬运花岗岩的碎屑物在凸岸堆积而形成。', '', '', null, null, null);
INSERT INTO `geolandscape` VALUES ('213', '1', 'JDFY0204', '', '变质岩地貌', '扳手', '', '', '', '', '', '1856', '', '扳手位于萨依肯布拉克沟左岸，长15米，宽1.2米,高2.5米。由灰褐片麻岩构成，垂向节理发育，受长期寒冻风化作用，在岩石中形成孔洞，岩体中的部分岩块剥落后形成开口扳手状的山石，开口朝向东南，仿佛一把遗失石山头的扳手，静静的躺在草丛中，等待主人将它寻回。山坡坡度80°,坡面上植被稀疏，生长少量的松树及灌木。', '', '三级保护', '长15米，宽1.2米,高2.5米。开口朝向东南，仿佛一把遗失石山头的扳手，静静的躺在草丛中，等待主人将它寻回。山坡坡度80°,坡面上植被稀疏，生长少量的松树及灌木。', '受长期寒冻风化作用，在岩石中形成孔洞，岩体中的部分岩块剥落后形成开口扳手状的山石。', '', '', null, null, null);
INSERT INTO `geolandscape` VALUES ('214', '1', 'JDFY0062', '', '水体地貌', '宝石沟风景河段', '', '', '', '', '', '1040', '', '地质体岩性为华力西期早期片麻状状花岗闪长岩，处于可可托海-二台断裂东侧。河床呈“S”型，该河段长度约300米，河谷宽约70米，水质清澈，流量约为1.5 立方米／秒,河流北侧发育一级阶地，两侧岩性主要为片麻状花岗闪长岩，南侧植被发育，为桦树林，郁郁葱葱。', '', '三级保护', '河床呈“S”型，该河段长度约300米，河谷宽约70米，水质清澈，流量约为1.5 立方米／秒,河流北侧发育一级阶地，两侧岩性主要为片麻状花岗闪长岩，南侧植被发育，为桦树林，郁郁葱葱。', '由流水侵蚀堆积形成。', '', '', null, null, null);
INSERT INTO `geolandscape` VALUES ('215', '1', 'JDFY0070', '', '变质岩地貌', '宝石沟片麻岩', '', '', '', '', '', '2510', '', '处于可可托海-二台断裂东侧，为宝石沟黑云母片麻岩，具有鳞片变晶结构，片麻状构造，主要矿物成分为：斜长石，呈他形粒状，具有定向排列性，含量约为44％，石英呈他形粒状，略具定向，约占33％，黑云母呈片状，断续定向分布，形成片麻状构造，含有少量白云母、石榴子石等特征变质矿物，岩层产状为251°∠61°。', '', '三级保护', '为宝石沟黑云母片麻岩，具有鳞片变晶结构，片麻状构造，主要矿物成分为：斜长石，呈他形粒状，具有定向排列性，含量约为44％，石英呈他形粒状，略具定向，约占33％，黑云母呈片状，断续定向分布，形成片麻状构造，含有少量白云母、石榴子石等特征变质矿物，岩层产状为251°∠61°。', '由碎屑岩经区域变质作用形成。', '', '', null, null, null);
INSERT INTO `geolandscape` VALUES ('216', '1', 'JDFY0071', '', '峡谷地貌', '宝石沟峡谷', '', '', '', '', '', '1285', '', '处于可可托海-二台断裂东侧，岩性为细粒二云母花岗岩、黑云母片麻岩。整个峡谷长约14千米，谷底开阔，谷底宽50—80米，两岸崖壁较缓，坡度30—50°，峡谷主要发育花岗岩、片麻岩，山岗岩形成锥状地貌，谷底水流较缓，水质清澈，水流方向306°，植被发育，主要为桦树林，其间有当地牧民的毡房分布，景色优美，在此沟曾经发育多种宝石，故名其宝石沟。', '', '二级保护', '整个峡谷长约14千米，谷底开阔，谷底宽50—80米，两岸崖壁较缓，坡度30—50°，峡谷主要发育花岗岩、片麻岩，山岗岩形成锥状地貌，谷底水流较缓，水质清澈，水流方向306°，植被发育，主要为桦树林，其间有当地牧民的毡房分布，景色优美，在此沟曾经发育多种宝石，故名其宝石沟。', '由构造抬升作用和流水侵蚀下切作用形成。', '', '', null, null, null);
INSERT INTO `geolandscape` VALUES ('217', '1', 'JDFY0136', '', '构造地貌', '别列坑阿断层', '', '', '', '', '', '1296', '', '地质体岩性为黑云母斜长片麻岩，处于可可托海-二台地震断裂。该点为断层通过位置，断层走向为185°，断层两侧产状变化大，西侧为71°∠86°，东侧为51°∠42°，在地貌上形成负地形，在沟谷偶见深灰色的泥化带，该点出露岩性为绿泥石绢云母石英片岩。', '', '三级保护', ' ', '可可托海-二台地震断裂影响。', '', '', null, null, null);
INSERT INTO `geolandscape` VALUES ('218', '1', 'JDFY0034', '', '象形山石', '草原雄狮', '', '', '', '', '', '1273', '', '由华力西中期的灰色花岗岩组成，因所含矿物的抗风化能力存在很大差异，而在风化剥蚀过程中形成的象形山石，属于花岗岩地貌。表面发育两组近似垂直的节理，风化作用强烈。\n', '', '三级保护', '形似草原上奔跑的雄狮，身姿矫健，形象逼真，栩栩如生。', '由华力西中期的灰色花岗岩组成，因所含矿物的抗风化能力存在很大差异，而在风化剥蚀过程中形成的象形山石，属于花岗岩地貌。\n', '', '', null, null, null);
INSERT INTO `geolandscape` VALUES ('219', '1', 'JDFY0178', '', '象形山石', '城堡山', '', '', '', '', '', '1720', '', '地质体岩性为印支期中粒似斑状二云正长花岗岩，处于红山嘴断裂南侧。城堡山位于喀依尔提河西岸，分布范围长400米，宽200米,高180米，岩体中垂向节理较发育，受寒冻风化作用，岩体剥落后形成陡峭如城墙的岩壁，并呈阶梯状分布，构成一座固若金汤的巨型城堡。边坡陡峭，坡度45-60°。坡面植被稀疏，仅生长少量的松树及灌木。', '', '三级保护', '岩体剥落后形成陡峭如城墙的岩壁，并呈阶梯状分布，构成一座固若金汤的巨型城堡。', '岩体中垂向节理较发育，受寒冻风化作用，岩体剥落后形成陡峭如城墙的岩壁。', '', '', null, null, null);
INSERT INTO `geolandscape` VALUES ('220', '1', 'JDFY0190', '', '象形山石', '雏鸟待哺', '', '', '', '', '', '1930', '', '地质体岩性为中元古界斜长片麻岩，处于红山嘴断裂南侧。该点位于阿拉阿依格尔沟北岸边坡，一只幼鸟头向上仰，似乎石等待母亲来喂它，山石长5米，高4米,宽2米。由片麻岩构成，黑褐色，块状构造，岩体中垂向及近水平的节理较发育，表层岩块崩落后形成鸟的头部，岩石表面的凹坑则构成了鸟的眼睛和颈部灰色的绒毛，鸟头下部的岩体相对圆滑平整，构成了鸟的巢穴。边坡坡度55-65°,坡面上植被稀疏，仅生长少量的松树及灌木。', '', '三级保护', '一只幼鸟头向上仰，似乎石等待母亲来喂它，山石长5米，高4米,宽2米。由片麻岩构成，黑褐色，块状构造，岩体中垂向及近水平的节理较发育，表层岩块崩落后形成鸟的头部，岩石表面的凹坑则构成了鸟的眼睛和颈部灰色的绒毛，鸟头下部的岩体相对圆滑平整，构成了鸟的巢穴。边坡坡度55-65°,坡面上植被稀疏，仅生长少量的松树及灌木。', '岩体中垂向及近水平的节理较发育，受寒冻风化作用，表层岩块崩落后形成鸟的头部，岩石表面的凹坑则构成了鸟的眼睛和颈部灰色的绒毛，鸟头下部岩体相对圆滑平整，构成了鸟的巢穴。', '', '', null, null, null);
INSERT INTO `geolandscape` VALUES ('221', '1', 'JDFY0079', '', '象形山石', '慈母石', '', '', '', '', '', '1647', '', '由加里东期英云闪长岩组成，处于可可托海-二台地震断裂带东侧，形似一只体形较大的母熊正在亲吻自己的孩子，长约8米，两熊亲吻位置为一心形孔洞。左侧为母熊，体型较大，背部凸出，较圆滑，高约5米，右侧为幼熊，体型较小，高约3.5米，由英云闪长岩在寒冻和冰雪的侵蚀作用下，在节理不断崩离坠落形成。', '', '三级保护', '形似一只体形较大的母熊正在亲吻自己的孩子，长约8米，两熊亲吻位置为一心形孔洞。左侧为母熊，体型较大，背部凸出，较圆滑，高约5米，右侧为幼熊，体型较小，高约3.5米。', '由英云闪长岩在寒冻和冰雪的侵蚀作用下，在节理不断崩离坠落形成。', '', '', null, null, null);
INSERT INTO `geolandscape` VALUES ('222', '1', 'JDFY0022', '', '倒石堆', '错动的倒石堆', '', '', '', '', '', '1637', '', '在1931年富蕴大地震中形成的倒石堆，平面形态呈三角形，碎石块大小不一、棱角明显、分选性好，从其边界错移距离可推断出1931年富蕴大地震的断层位移量达14米。\n', '', '二级保护', ' ', '在1931年富蕴地震中，沿斜坡崩落的石块在坡度较平缓的山麓地带堆积而成的锥形体。', '', '', null, null, null);
INSERT INTO `geolandscape` VALUES ('223', '1', 'JDFY0237', '', '构造地貌', '大桥V型峡谷', '', '', '', '', '', '1520', '', '大桥V型峡谷位于喀依尔提河左岸，长1.6千米，谷底宽10-15米，深130-200米。峡谷两侧边坡岩性为黑云石英岩，坡度45-65°，坡面及沟谷内生长松树及灌木，覆盖率30-40%。谷底水流汇入喀依尔提河，水色清澈，潺潺的流水声在宁静的山谷中格外响亮，河水径流方向220°，径流量较小，约20-25米2/h。峡谷内植被发育，生态环境好。', '', '三级保护', '长1.6千米，谷底宽10-15米，深130-200米。峡谷坡面及沟谷内生长松树及灌木，覆盖率30-40%。谷底水流汇入喀依尔提河，水色清澈，潺潺的流水声在宁静的山谷中格外响亮，河水径流方向220°，径流量较小，约20-25立方米/小时。峡谷内植被发育，生态环境好。', '因山体构造上升及流水侵蚀共同作用而形成深而狭窄的河谷。', '', '', null, null, null);
INSERT INTO `geolandscape` VALUES ('224', '1', 'JDFY0109', '', '风景河段', '大桥风景河段', '', '', '', '', '', '1387', '', '该处为一人工桥梁所在处，长约150米，宽约5米，横跨喀依尔特河，该河段风景极其优美，形成江心洲，宽约80—100米，长约900米，将喀依尔特河分成两半，在大桥下再次交汇，水面宽约80—100米，流量约为11立方米／秒，水质清澈，河流东侧为一片优美的桦树林，河谷较开阔。', '', '三级保护', '该河段风景极其优美，形成江心洲，宽约80—100米，长约900米，将喀依尔特河分成两半，在大桥下再次交汇，水面宽约80—100米，流量约为11立方米／秒，水质清澈，河流东侧为一片优美的桦树林，河谷较开阔。', '流水侵蚀堆积形成。', '', '', null, null, null);
INSERT INTO `geolandscape` VALUES ('225', '1', 'JDFY0172', '', '流水堆积地貌', '大桥河心岛', '', '', '', '', '', '1720', '', '地质体岩性为第四系漂卵石，处于红山嘴断裂北侧。河心岛位于喀依尔提河与正格河交汇部位，形成两块近三角形的河心岛，地形较平缓。河心岛大致呈“Y”形，分布长度500米，宽200米。河心岛岩性为漂卵石，直径10-40厘米，大者达60厘米，次圆状。河心岛上植被以松树及白桦树为主，植被覆盖率60-80%。正格沟由东向西汇入喀依尔提河后继续向南径流。', '', '三级保护', ' ', '正格沟河水的松散物在沟口宽阔处逐步堆积而形成河心岛。', '', '', null, null, null);
INSERT INTO `geolandscape` VALUES ('226', '1', 'JDFY0239', '', '流水堆积地貌', '大桥阶地', '', '', '', '', '', '1413', '', '河流阶地喀依尔提河东岸，共分为三级，一级阶地高3米，二级阶地高8米，三级阶地高6米。阶地有卵砾石构成，砾径4-10厘米，大者达40-60厘米，次圆状，磨圆及分选一般。一级阶地面较平坦，二、三级阶地面向河心缓倾。一级阶地开垦后种植小麦和牧草，少量种植黑加仑，二、三级阶地地势较高，为天然牧草地。阶地为河流冲积物堆积而成，阶面较平缓，长400米，宽约300米，阶缘坡度20-35°。阶地两侧为喀依尔提河河谷，河水由北向南径流。', '', '三级保护', '一级阶地面较平坦，二、三级阶地面向河心缓倾。一级阶地开垦后种植小麦和牧草，少量种植黑加仑，二、三级阶地地势较高，为天然牧草地。阶地为河流冲积物堆积而成，阶面较平缓，长400米，宽约300米，阶缘坡度20-35°。阶地两侧为喀依尔提河河谷，河水由北向南径流。', '阶地为河流冲积物堆积而成', '', '', null, null, null);
INSERT INTO `geolandscape` VALUES ('227', '1', 'JDFY0241', '', '变质岩地貌', '大桥石景群', '', '', '', '', '', '1510', '', '石景群位于大桥东侧约2千米沟口处，分布范围长200米、宽100米，由黑云石英片岩构成，垂向及近水平节理较发育，受寒冻风化作用，岩石发生剥落，并形成凹坑及孔洞，残余的岩体构成各种象形山石。坡面上基岩裸露，岩石较破碎，植被稀疏，仅生长少量的灌木。', '', '三级保护', '受寒冻风化作用，岩石发生剥落，并形成凹坑及孔洞，残余的岩体构成各种象形山石。', '受寒冻风化作用，岩石发生剥落，并形成凹坑及孔洞，残余的岩体构成各种象形山石。', '', '', null, null, null);
INSERT INTO `geolandscape` VALUES ('228', '1', 'JDFY0054', '', '钟状花岗岩地貌', '大钟山', '', '', '', '', '', '1590', '', '山体表面形态即圆润平滑，又十分陡峭，坡度可达75-80°，坡面发育竖直的沟槽。岩体中发育平行与山体坡面的同心层状节理。它是印支期的中粒似斑状二云正长花岗岩，因寒冻风化作用沿平行坡面的节理不断崩解垮塌而形成的钟状花岗岩地貌。 \n', '', '二级保护', '山体高160米，表面形态既圆润平滑，又十分陡峭，在其坡面中部由节理裂隙勾勒出一只狐狸轮廓，五官活灵活现，形象逼真。', '它是印支期的中粒似斑状二云正长花岗岩，因寒冻风化作用沿平行坡面的节理不断崩解垮塌而形成的钟状花岗岩地貌。', '', '', null, null, null);
INSERT INTO `geolandscape` VALUES ('229', '1', 'JDFY0226', '', '流水侵蚀地貌', '大钟山壶穴', '', '', '', '', '', '1485', '', '壶穴发育在喀依尔提河河床中的漂石上，呈圆形，直径0.3米、深度0.48米。串珠状壶穴长1.3米、宽40厘米、深40厘米，呈椭圆形。巨砾岩性为黑云母花岗岩，受涡状水流携带细小砂粒在漂石表面不断侵蚀逐步形成圆形及椭圆形洞穴。丰水期水位下降，发育壶穴的漂石露出水面。壶穴内易保有河水及雨水，呈现为红褐色。水温9度，PH值6。', '', '三级保护', '壶穴发育在喀依尔提河河床中的漂石上，呈圆形，直径0.3米、深度0.48米。串珠状壶穴长1.3米、宽40厘米、深40厘米，呈椭圆形。巨砾岩性为黑云母花岗岩，受涡状水流携带细小砂粒在漂石表面不断侵蚀逐步形成圆形及椭圆形洞穴。丰水期水位下降，发育壶穴的漂石露出水面。壶穴内易保有河水及雨水，呈现为红褐色。', '受涡状水流携带细小砂粒在漂石表面不断侵蚀逐步形成圆形及椭圆形洞穴。', '', '', null, null, null);
INSERT INTO `geolandscape` VALUES ('230', '1', 'JDFY0076', '', '流水堆积地貌', '蛋谷', '', '', '', '', '', '1672', '', '由大小不一的圆-椭圆形的花岗岩砾石组成，直径最大达5米，沿长轴方向具有一定的定向性，沿着河床分布，靠近河流一侧砾石较小，远离河流一侧砾石较大，主要为花岗岩碎块在河流搬运过程中不断地磨蚀堆积而形成。岩性为加里东期英云闪长岩，处于可可托海-二台地震断裂带东侧。', '', '三级保护', '由大小不一的圆-椭圆形的花岗岩砾石组成，直径最大达5米，沿长轴方向具有一定的定向性，沿着河床分布，靠近河流一侧砾石较小，远离河流一侧砾石较大。', '主要为花岗岩碎块在河流搬运过程中不断地磨蚀堆积而形成。', '', '', null, null, null);
INSERT INTO `geolandscape` VALUES ('231', '1', 'JDFY0108', '', '变质岩地貌', '刀劈崖', '', '', '', '', '', '1455', '', '地质体岩性为黑云母斜长片麻岩，处于可可托海-二台地震断裂东侧。该处陡崖岩石发育两组互相垂直的节理，节理产状为115°∠88°、210°∠86°，在风冻侵蚀和结冰膨胀的过程中使岩石节理宽度不断增大，直至坠落，逐渐形成现存状态，犹如砍刀劈过，表面光滑，多呈规则的菱形状，该处陡崖高约110米，岩性为黑云母斜长片麻岩。', '', '三级保护', ' ', '在风冻侵蚀和结冰膨胀的过程中使岩石节理宽度不断增大，直至坠落。', '', '', null, null, null);
INSERT INTO `geolandscape` VALUES ('232', '1', 'JDFY0006', '', '象形山石', '倒靴峰', '', '', '', '', '', '1400', '', '燕山期的巨斑状黑云母花岗岩，因所含矿物的抗风化能力存在较大差异，而在风化剥蚀过程中形成的象形山石，属于花岗岩地貌。', '', '三级保护', '远观似一只倒立的靴子，形态极为逼真，故名“倒靴峰”。', '燕山期的巨斑状黑云母花岗岩，因所含矿物的抗风化能力存在较大差异，而在风化剥蚀过程中形成的象形山石，属于花岗岩地貌。', '', '', null, null, null);
INSERT INTO `geolandscape` VALUES ('233', '1', 'JDFY0146', '', '近代地震遗迹', '地震断裂带遗址', '', '', '', '', '', '2010', '', '1931年8月11日，在可可托海以南的卡拉先格一带，发生了史称“富蕴地震”的8级大地震，造成了159千米的地表地震断裂带，在此处仍可清晰地观看到地震构造地貌景观。地震陡坎、地震张裂缝、塌陷区、地震眉脊、地震崩塌体在该点均能看到，可作为地震研究和防震减灾的科普基地。周围以草地为主，树木稀少。地质体岩性为中元古界黑云斜长片麻岩。', '', '二级保护', ' ', '“富蕴地震”的8级大地震、地震断裂带。', '', '', null, null, null);
INSERT INTO `geolandscape` VALUES ('234', '1', 'JDFY0019', '', '地震断裂谷地', '地震断裂谷地', '', '', '', '', '', '1840', '', '二台断裂由于其本身的结构较周围物质破碎、松散和软弱，经风化和剥蚀后形成断裂谷地。1931年富蕴地震再次对其进行改造，形成了地震断裂谷地。站在此处，大致可以看出富蕴地震断裂带的运动特征，即由于受到北东方向的挤压，东侧地块主动由北往南发展的右旋走滑剪切破裂。', '', '三级保护', ' ', '二台断裂由于其本身的结构较周围物质破碎、松散和软弱，经风化和剥蚀后形成断裂谷地。1931年富蕴地震再次对其进行改造，形成了地震断裂谷地。', '', '', null, null, null);
INSERT INTO `geolandscape` VALUES ('235', '1', 'JDFY0021', '', '地震断塞塘', '地震断塞塘', '', '', '', '', '', '1982', '', '该点为富蕴地震断裂带错断水系形成的地震断塞塘。自恰尔沟至库尔尕克萨依以北的地震断裂带，总体走向北北西，单条主断层长1-14公里，次级断层和裂隙发育。此断裂带连续性好，具有大幅度右旋水平位移，造成穿过断层的河谷被错动变位，发生急剧转折形成负地形，可汇聚临时性流水形成暂时性水塘，从而形成了该地震断塞塘。地震断塞塘是判定古地震的标志之一。', '', '三级保护', ' ', '自恰尔沟至库尔尕克萨依以北的地震断裂带，总体走向北北西，单条主断层长1-14公里，次级断层和裂隙发育。此断裂带连续性好，具有大幅度右旋水平位移，造成穿过断层的河谷被错动变位，发生急剧转折形成负地形，可汇聚临时性流水形成暂时性水塘，从而形成了该地震断塞塘。', '', '', null, null, null);
INSERT INTO `geolandscape` VALUES ('236', '1', 'JDFY0020', '', '地震眉脊', '地震眉脊', '', '', '', '', '', '1982', '', '该点为地震断裂水平错断山脊，形成的犹如“人眉”的山脊错断面，故称眉状山脊，即为地震眉脊。 眉陡坎高约1.82米，长约15米，面积约为500平方米，属于地震微地貌。', '', '二级保护', '犹如“人眉”', '地震断裂水平错断山脊，形成的犹如“人眉”的山脊错断面。', '', '', null, null, null);
INSERT INTO `geolandscape` VALUES ('237', '1', 'JDFY0015', '', '地震张裂缝', '地震张裂缝', '', '', '', '', '', '1880', '', '此处为地震张裂缝，发育于早志留世的混合岩中。一处张口较宽，走向30°到山脊处转向10°，走向30°段裂隙宽4.5米，最宽处可达6米，走向10°段裂缝宽0.5米；另一处张口较窄，走向330°，深4米，口宽1米。', '', '三级保护', ' ', '由地震作用引起的地体断裂，但断裂面两侧块体没有发生明显的相对运动。\n', '', '', null, null, null);
INSERT INTO `geolandscape` VALUES ('238', '1', 'JDFY0223', '', '象形山石', '动物广场', '', '', '', '', '', '1560', '', '动物广场位于喀依尔提和左岸边坡，由中粒似斑状二云正长花岗岩构成，垂向节理发育，受寒冻风化作用形成陡直的岩壁，并在岩壁上形成凹坑和空洞，岩体外观形似老鹰、小狗、兔子等各种动物，整个岩壁如同一个欢乐的动物广场，岩壁上仅生长少量的松树，植被稀疏，喀依尔提和自广场下侧坡脚流过，河面宽50-60米，河道在此处由南北向折向东西向流动，水色清澈。动物广场分布范围长200米、宽100米，所处边坡坡度65°。', '', '三级保护', '由中粒似斑状二云正长花岗岩构成，垂向节理发育，受寒冻风化作用形成陡直的岩壁，并在岩壁上形成凹坑和空洞，岩体外观形似老鹰、小狗、兔子等各种动物，整个岩壁如同一个欢乐的动物广场，岩壁上仅生长少量的松树，植被稀疏，喀依尔提和自广场下侧坡脚流过，河面宽50-60米，河道在此处由南北向折向东西向流动，水色清澈。', '岩体垂向节理发育，受寒冻风化作用形成陡直的岩壁，并在岩壁上形成凹坑和空洞，岩体外观形似老鹰、小狗、兔子等各种动物，整个岩壁如同一个欢乐的动物广场，', '', '', null, null, null);
INSERT INTO `geolandscape` VALUES ('239', '1', 'JDFY0035', '', '水体地貌', '额尔齐斯河风景河段', '', '', '', '', '', '1161', '', '古名多逻斯川，发源于阿尔泰山南坡，富蕴县境内的加勒格孜嘎山地。其流经富蕴、福海、阿尔泰、布尔津、哈巴河等县（市），向西流入哈萨克斯坦境内的斋桑泊，下游注入鄂毕河，继续向北注入北冰洋，全长4248千米，流域面积5.7万平方千米。两岸森林茂密，河内鱼产丰富，是中国唯一流入北冰洋水系的外流河。', '', '三级保护', ' ', ' ', '', '', null, null, null);
INSERT INTO `geolandscape` VALUES ('240', '1', 'JDFY0253', '', '构造地貌', '额尔唐峡谷', '', '', '', '', '', '1210', '', '额尔唐峡谷全长10千米，谷底宽15-30米，深度180-230米，呈“V”形。峡谷两侧边坡岩体为中粒花岗闪长岩，垂向节理发育，经风化剥蚀及河水冲蚀形成光滑陡直的山坡，坡面上基岩裸露，生长少量的灌木。峡谷中河水径流方向160°，水流湍急，水声轰鸣。峡谷中主要生长白桦树。西伯利亚云杉等树种，植被覆盖率较高，生态环境好。', '', '三级保护', '额尔唐峡谷全长10千米，谷底宽15-30米，深度180-230米，呈“V”形。坡面上基岩裸露，生长少量的灌木。峡谷中河水径流方向160°，水流湍急，水声轰鸣。峡谷中主要生长白桦树。西伯利亚云杉等树种，植被覆盖率较高，生态环境好。', '因山体构造上升及流水侵蚀共同作用而形成深而狭窄的河谷。', '', '', null, null, null);
INSERT INTO `geolandscape` VALUES ('241', '1', 'JDFY0031', '', '板状花岗岩地貌', '鳄鱼岭', '', '', '', '', '', '1253', '', '由华力西中期的灰色花岗岩组成，因受一组呈南北向的平行节理所分割而形成的板状花岗岩地貌。在花岗岩露头的表面，有明显的风化剥蚀痕迹。有一组节理较密集，且节理面倾向与小山脊的倾斜方向大体一致。\n', '', '三级保护', '远远望去，犹如一群向上爬行的鳄鱼，形象逼真，神态悠然。', '由华力西中期的灰色花岗岩组成，因受一组呈南北向的平行节理所分割而形成的板状花岗岩地貌。\n', '', '', null, null, null);
INSERT INTO `geolandscape` VALUES ('242', '1', 'JDFY0113', '', '变质岩地貌', '鳄鱼上山', '', '', '', '', '', '1799', '', '地质体岩性为黑云母斜长片麻岩，处于红山嘴断裂南侧。该点为一形似鳄鱼的象形石，像一鳄鱼正在向山上爬行，长约35米，高约15米，宽约18米，头朝向30°方向，头部较圆滑，呈柱状，在顶部由风冻侵蚀坠落形成一凹坑，形似鳄鱼的嘴，身子较宽大，背部较圆滑，呈弧形。尾部较细长，整体是Pt2S’的黑云斜长片麻岩在风冻侵蚀坠落和岩石差异风化作用下形成。', '', '三级保护', ' ', '整体是Pt2s1的黑云斜长片麻岩在风冻侵蚀坠落和岩石差异风化作用下形成。', '', '', null, null, null);
INSERT INTO `geolandscape` VALUES ('243', '1', 'JDFY0028', '', '佛龛花岗岩地貌', '飞来峰“佛龛”', '', '', '', '', '', '1263', '', '由华力西中期的灰色花岗岩组成，因所含矿物的抗风化能力存在较大差异，而在风化剥蚀过程中形成的佛龛花岗岩地貌。在风蚀穴下方发育有两条伟晶岩脉。', '', '三级保护', ' ', '华力西中期的灰色花岗岩，因所含矿物的抗风化能力存在较大差异，而在风化剥蚀过程中形成的佛龛花岗岩地貌。', '', '', null, null, null);
INSERT INTO `geolandscape` VALUES ('244', '1', 'JDFY0058', '', '象形山石', '飞鱼石', '', '', '', '', '', '1585', '', '处于可可托海-二台断裂东侧，由华力西期早期中粒花岗闪长岩组成，因受寒冻风化剥蚀形成，似一条从水中跃起的飞鱼，鱼头朝向65°方向，鱼身长约5米，宽约1.2米,高约2米，鱼身中部较粗，鱼头与鱼尾较细长，鱼身部与山体岩石接触，鱼头鱼尾均悬空，与山体接触面积较小，约为1.8平方米，形似一条飞鱼从水中一跃而起。', '', '三级保护', '由华力西期早期中粒花岗闪长岩组成，因受寒冻风化剥蚀形成，似一条从水中跃起的飞鱼，鱼头朝向65°方向，鱼身长约5米，宽约1.2米,高约2米，鱼身中部较粗，鱼头与鱼尾较细长，鱼身部与山体岩石接触，鱼头鱼尾均悬空，与山体接触面积较小，约为1.8平方米，形似一条飞鱼从水中一跃而起。', '花岗闪长岩因受寒冻风化剥蚀作用，沿花岗岩岩石节理坠落形成。', '', '', null, null, null);
INSERT INTO `geolandscape` VALUES ('245', '1', 'JDFY0213', '', '变质岩地貌', '风动石', '', '', '', '', '', '2040', '', '风动石位于阿拉散沟北岸山顶，长2.1米，宽1.5米，高1.5米。由花岗闪长岩构成，黑褐色，块状构造，岩体中垂向及水平节理较发育，受寒冻风化作用，边坡上岩块发生崩解垮落，最后仅剩一块孤立的岩块坐落于山顶，岩块与主体之间通过水平裂隙分离，且临坡一侧部分悬空，稳定性较差，似乎一阵风就能把它吹动，稍微风大一些就可能把它吹落山崖。边坡坡度60-65°,坡面上植被发育，生长松树及灌木。', '', '三级保护', '风动石位于阿拉散沟北岸山顶，长2.1米，宽1.5米，高1.5米。由花岗闪长岩构成，黑褐色，块状构造，岩体中垂向及水平节理较发育，受寒冻风化作用，边坡上岩块发生崩解垮落，最后仅剩一块孤立的岩块坐落于山顶，岩块与主体之间通过水平裂隙分离，且临坡一侧部分悬空，稳定性较差，似乎一阵风就能把它吹动，稍微风大一些就可能把它吹落山崖。边坡坡度60-65°,坡面上植被发育，生长松树及灌木。', '岩体中垂向及水平节理较发育，受寒冻风化作用，边坡上岩块发生崩解垮落，最后仅剩一块孤立的岩块坐落于山顶，且临坡一侧部分悬空，稳定性较差。', '', '', null, null, null);
INSERT INTO `geolandscape` VALUES ('246', '1', 'JDFY0077', '', '佛龛花岗岩地貌', '佛龛', '', '', '', '', '', '1708', '', '处于可可托海-二台地震断裂带东侧，由加里东期柱状花岗岩组成，外观形似宝塔，高12米，直径5米，由花岗岩互相垂直的两组节理经风冻崩落形成，在柱壁发育较规则的孔洞，形似佛龛，由花岗岩经差异风化剥落而形成，整体景观为一佛塔，上分布多个神龛。', '', '三级保护', '由花岗岩互相垂直的两组节理经风冻崩落形成，在柱壁发育较规则的孔洞，形似佛龛，整体景观为一佛塔，上分布多个神龛。', '由花岗岩经差异风化剥落而形成。', '', '', null, null, null);
INSERT INTO `geolandscape` VALUES ('247', '1', 'JDFY0208', '', '象形山石', '佛祖观天', '', '', '', '', '', '1989', '', '佛祖观天位于阿拉散沟北侧山体顶部，长50米，宽30米，高20米，头望向东方。由中粒似斑状二云正长花岗岩构成，岩体中垂向及近水平节理较发育，受寒冻风化作用，岩块剥落后形成一尊人形山石，犹如一尊大佛盘坐在山顶，举目东望，神态安详而严肃，好似传说中的如来佛祖东观天相，润泽苍生。边坡坡度55-60°,坡面上植被稀疏，生长少量的灌木。', '', '三级保护', '佛祖观天位于阿拉散沟北侧山体顶部，长50米，宽30米，高20米，头望向东方。一尊人形山石，犹如一尊大佛盘坐在山顶，举目东望，神态安详而严肃，好似传说中的如来佛祖东观天相，润泽苍生。边坡坡度55-60°,坡面上植被稀疏，生长少量的灌木。', '岩体中垂向及近水平节理较发育，受寒冻风化作用，岩块剥落后形成一尊人形山石。', '', '', null, null, null);
INSERT INTO `geolandscape` VALUES ('248', '1', 'JDFY0187', '', '锥状花岗岩地貌', '夫妻峰', '', '', '', '', '', '1755', '', '夫妻峰位于阿拉阿依格尔沟沟口以上4千米处北岸，为典型的钟状花岗岩地貌，由中粒似斑状二云正长花岗岩构成，两座钟状山紧紧的连在一起，似一对恩爱无比的夫妻，宽400米，高150-200米。岩体中同心层状的节理较发育，岩体主要沿平行于坡面的同心层状节理剥落后形成钟状山峰，边坡光滑而陡峭，坡度45-55°,阿拉阿依格尔沟自坡脚处流过，向东南径流，水色清澈，河谷内植被发育，生长西伯利亚云杉及白桦树等树种。', '', '三级保护', '两座钟状山紧紧的连在一起，似一对恩爱无比的夫妻，宽400米，高150-200米。阿拉阿依格尔沟自坡脚处流过，向东南径流，水色清澈，河谷内植被发育，生长西伯利亚云杉及白桦树等树种。', '岩体受寒冻风化作用，主要沿平行于坡面的同心层状节理剥落后形成钟状山峰。', '', '', null, null, null);
INSERT INTO `geolandscape` VALUES ('249', '1', 'JDFY0029', '', '崩塌堆积地貌', '富龟', '', '', '', '', '', '1235', '', '由华力西中期的灰色花岗岩崩塌物组成，属于花岗岩地貌。', '', '三级保护', '在阳光照耀下，它神似一只身披金色外衣的乌龟在缓慢前行，金光闪烁，福泽大地，故取名之“富龟”，意喻富贵吉祥。\n', '由华力西中期的灰色花岗岩崩塌物组成，属于花岗岩地貌。', '', '', null, null, null);
INSERT INTO `geolandscape` VALUES ('250', '1', 'JDFY0217', '', '象形山石', '高台跳板', '', '', '', '', '', '1680', '', '高台跳板位于阿拉散沟北岸边坡，跳板长2.5米，宽0.8米。边坡坡度80°,坡高25米。跳板位于山顶，向外突出悬于坡面之上，由中粒似斑状二云正长花岗岩构成，块状构造，岩体中“X”形节理及垂向节理较发育，早期受河水冲刷侵蚀坡脚及寒冻风化作用，边坡下部岩体发生崩塌，上部岩体呈悬空状态，不断向上垮落，最后仅剩顶部一块向坡外突出的孤石，如同高台跳水的跳板，其位于陡直的岩壁之上，令人望而生畏。坡面上生长少量的松树，植被较稀疏。岩壁受风化剥蚀，形成宽0.5-1.0米的裂隙，并逐步穿透山体，形成类似于一线天的景观。', '', '三级保护', '跳板长2.5米，宽0.8米。边坡坡度80°,坡高25米。如同高台跳水的跳板，其位于陡直的岩壁之上，令人望而生畏。坡面上生长少量的松树，植被较稀疏。岩壁受风化剥蚀，形成宽0.5-1.0米的裂隙，并逐步穿透山体，形成类似于一线天的景观。', '受河水侵蚀及寒冻风化作用，边坡上岩块不断向上垮落，最后仅剩顶部一块向坡外突出的孤石。', '', '', null, null, null);
INSERT INTO `geolandscape` VALUES ('251', '1', 'JDFY0087', '', '水体地貌', '哈拉吾依水库', '', '', '', '', '', '1930', '', '地质体岩性为加里东期黑云母斜长花岗岩，处于红山嘴断裂南侧。该点为哈拉吾依水库所在位置，为一新建水库，目前还未正式蓄水，堤坝长约600米，高约13米，宽约7米，堤坝坡度约为22°，目估该水库蓄水量约为6×106立方米，主要为吐尔洪盆地提供灌溉用水。', '', '三级保护', ' ', ' ', '', '', null, null, null);
INSERT INTO `geolandscape` VALUES ('252', '1', 'JDFY0186', '', '象形山石', '海龟', '', '', '', '', '', '1739', '', '海龟石位于阿拉阿依格尔沟北岸山体顶部，由中粒似斑状二云正长花岗岩构成，龟首望向南方的阿拉阿依格尔沟，其分布范围长度15米,宽8米，高5米。岩体中垂向和近水平的节理较发育，岩块风化剥落后形成海龟光滑的背部及两侧的鳍，头部下方的岩块剥落后露出了海龟的脖子及下部龟壳，两只前爪支撑于头部两侧，似一只海龟石山顶悠闲的晒着太阳。边坡坡度72°,坡面上植被稀疏，仅生长少量的松树及灌木。', '', '三级保护', '龟首望向南方的阿拉阿依格尔沟，其分布范围长度15米,宽8米，高5米。岩体中垂向和近水平的节理较发育，岩块风化剥落后形成海龟光滑的背部及两侧的鳍，头部下方的岩块剥落后露出了海龟的脖子及下部龟壳，两只前爪支撑于头部两侧，似一只海龟石山顶悠闲的晒着太阳。边坡坡度72°,坡面上植被稀疏，仅生长少量的松树及灌木。', '岩体受寒冻风化作用，岩块剥落形成龟形山石。', '', '', null, null, null);
INSERT INTO `geolandscape` VALUES ('253', '1', 'JDFY0160', '', '象形山石', '海狮', '', '', '', '', '', '1977', '', '地质体岩性为华力西期早期中粒英云闪长岩，处于可可托海-二台断裂西侧3.8公里。海狮呈灰褐色，似一只海狮在缓慢的向山坡上挪动，体态丰满而柔软，长3.7米，宽1.5米，高2米。海狮颈部的节理将其运动时肌肉的褶皱逼真的勾勒出来，表明其上山是十分费劲的，也许急切的去见自己的伴侣或孩子。坡面上生长松树入少量黄灌木，覆盖率20-30%。', '', '三级保护', '海狮呈灰褐色，似一只海狮在缓慢的向山坡上挪动，体态丰满而柔软，长3.7米，宽1.5米，高2米。海狮颈部的节理将其运动时肌肉的褶皱逼真的勾勒出来，表明其上山是十分费劲的，也许急切的去见自己的伴侣或孩子。坡面上生长松树入少量黄灌木，覆盖率20-30%。', '因受寒冻风化剥蚀作用，坡面上表层岩体风化剥落，残余的岩体形成外观似海狮的象形山石。', '', '', null, null, null);
INSERT INTO `geolandscape` VALUES ('254', '1', 'JDFY0258', '', '构造地貌', '海子口大峡谷', '', '', '', '', '', '1149', '', '海子口大峡谷位于海子口以下海子口电厂段，峡谷全长8千米，谷底宽20-25米，深150-200米。峡谷两侧出露岩性为中粒二长花岗岩，灰褐色、块状构造。岩体中垂向及近水平的节理较发育，受寒冻风化作用及重力作用，边坡岩体发生崩落，崩塌灾害十分发育，形成了峡谷各两侧陡直的边坡，坡面上仅生长少量的灌木，谷底两侧生长松树及桦树等植物，伊雷木湖湖水经由峡谷泄流，水色清澈，水声在山谷中鸣涧回荡，与峡谷的深、险相结合，场面十分壮观，令人震撼。', '', '三级保护', '峡谷全长8千米，谷底宽20-25米，深150-200米。峡谷各两侧陡直的边坡上仅生长少量的灌木，谷底两侧生长松树及桦树等植物，伊雷木湖湖水经由峡谷泄流，水色清澈，水声在山谷中鸣涧回荡，与峡谷的深、险相结合，场面十分壮观，令人震撼。', '因山体构造上升及流水侵蚀共同作用而形成深而狭窄的河谷。', '', '', null, null, null);
INSERT INTO `geolandscape` VALUES ('255', '1', 'JDFY0024', '', '断层三角面', '海子口断层三角面', '', '', '', '', '', '1160', '', '由华力西中期的灰色花岗岩组成，为近北北西向展布的正断层，断层东盘为上盘，相对下滑，切割山脊，西盘为下盘。整个断层面形似一个三角锥体向顶部收拢，为典型的断层三角面地貌，三角面倾向近北东向，倾角为42°。在断层三角面的坡脚分布有松散堆积物。\n', '', '三级保护', ' ', '由断层崖被冲沟或溪谷切割而成的三角形山嘴，顺断层延伸方向排成一线的断层地貌。', '', '', null, null, null);
INSERT INTO `geolandscape` VALUES ('256', '1', 'JDFY0025', '', '断裂破碎带', '海子口断裂破碎带', '', '', '', '', '', '1187', '', '东西向宽约300米，主体倾向近东向，倾角在60-75°之间变化。断裂带内岩石破碎，发育两组主要的节理面，产状以300º∠70º和30º∠62º为主，为剪切理，切理面光滑平整，少数面上发育细微断层擦痕。断裂带主体倾向近东向。断裂带内岩性以细中粒混合花岗岩为主，间夹花岗质混合岩、花岗质片麻岩以及变粒岩、结晶片岩等。海子口峡谷应为一近东西向展布的断层构造经流水切割而成。', '', '三级保护', ' ', ' ', '', '', null, null, null);
INSERT INTO `geolandscape` VALUES ('257', '1', 'JDFY0153', '', '象形山石', '旱獭', '', '', '', '', '', '1758', '', '岩性为华力西期细粒黑云母花岗岩，由一块高6米，宽3米的岩体构成，外观恰似一只旱獭，旱獭头朝北，站在半山坡，活泼可爱，周围植被以松树为主。主要是由于岩体节理发育，受差异风化剥蚀作用形成。', '', '三级保护', '外观恰似一只旱獭，旱獭头朝北，站在半山坡，活泼可爱，周围植被以松树为主。', '花岗岩岩体较破碎，岩体经风化剥落后形成如旱獭象形山石。', '', '', null, null, null);
INSERT INTO `geolandscape` VALUES ('258', '1', 'JDFY0032', '', '流水堆积地貌', '河流堆积阶地', '', '', '', '', '', '1248', '', '主要出露有更新世的砾石层、冰碛层。是由河流堆积与侵蚀作用交替进行而形成的高出河床并沿河岸分布的阶梯状地形。河床沉积物下部为粗砂和砾石，上部为细砂或粘土。砾石直径大小不一，大者约50厘米，小者约1厘米，一般为10-30厘米。', '', '三级保护', ' ', '由河流堆积与侵蚀作用交替进行而形成的高出河床并沿河岸分布的阶梯状地形。', '', '', null, null, null);
INSERT INTO `geolandscape` VALUES ('259', '1', 'JDFY0119', '', '象形山石', '猴儿石', '', '', '', '', '', '1743', '', '地质体岩性为印支期中粒似斑状二云正长花岗岩，处于可可托海-二台地震断裂东侧。该处为一象形山石，高约20米，宽约15米，受风冻侵蚀作用形似一猕猴卧在山腰，如吃饱了的孩子眯着眼睛看着前方，山石顶部略微凸出，形似眉骨，面部较光滑，宛如猴子的脸，活灵活现。', '', '三级保护', '该处为一象形山石，高约20米，宽约15米，受风冻侵蚀作用形似一猕猴卧在山腰，如吃饱了的孩子眯着眼睛看着前方，山石顶部略微凸出，形似眉骨，面部较光滑，宛如猴子的脸，活灵活现。', '由寒冻侵蚀作用形成。', '', '', null, null, null);
INSERT INTO `geolandscape` VALUES ('260', '1', 'JDFY0016', '', '地震陡坎', '弧形地震陡坎', '', '', '', '', '', '2093', '', '该点为地震陡坎，陡坎走向110°，在山脊处发生转折向60°，呈弧形弯曲，高0.8～2米，坡度大于75°。陡坎北侧形成深约1.5米的沟槽。', '', '二级保护', ' ', '地震断层和地震地表破裂带两侧差异升降运动形成的、由一个倾向下降盘的自由面组成的线状陡坎。\n', '', '', null, null, null);
INSERT INTO `geolandscape` VALUES ('261', '1', 'JDFY0126', '', '板状花岗岩地貌', '机枪堡垒', '', '', '', '', '', '1749', '', '地质体岩性为印支期中粒似斑状二云花岗闪长岩，处于可可托海-二台地震断裂带北东侧。此处为一象形山石，高约15米，宽约10米，受花岗岩岩石节理发育在后期的风冻及流水侵蚀以及岩石崩离坠落下形成，酷似战争时期的堡垒，岩石前部突出而成，后部略微隆起突出，神似一名士兵固守在堡垒之下，十分隐蔽，需仔细观察，得以发现。', '', '三级保护', '为一象形山石，高约15米，宽约10米，受花岗岩岩石节理发育在后期的风冻及流水侵蚀以及岩石崩离坠落下形成，酷似战争时期的堡垒，岩石前部突出而成，后部略微隆起突出，神似一名士兵固守在堡垒之下，十分隐蔽，需仔细观察，得以发现。', '花岗岩岩石节理发育，在后期的寒冻及流水侵蚀以及岩石崩离坠落下形成。', '', '', null, null, null);
INSERT INTO `geolandscape` VALUES ('262', '1', 'JDFY0018', '', '地震陡坎', '基岩地震陡坎', '', '', '', '', '', '1840', '', '该点为基岩断面再次错动形成的地震陡坎，由此可推断出该地区至少经历过两次十度以上强烈地震。1931年地震产生的断层面较新鲜，呈灰白色，断面上生长的红橙衣属地衣呈零星状分布，直径为10毫米；而老断层面则呈暗褐色，其上地衣被覆较好，同一属种地衣直径为30-40毫米。由于经受风化时间长短不同，古地震断层陡坎坡角稍缓，新地震断层陡坎坡角较陡，两者坡角相差10°左右，因其形似雄鸡鸡冠，又称为鸡冠状山脊，是古地震断错的地貌标志。', '', '二级保护', '形似雄鸡鸡冠，又称为鸡冠状山脊。', '基岩断面再次错动形成的地震陡坎', '', '', null, null, null);
INSERT INTO `geolandscape` VALUES ('263', '1', 'JDFY0207', '', '水体地貌', '吉尔恩斯温泉', '', '', '', '', '', '1950', '', '吉尔恩斯温泉位于阿拉散沟南岸边坡坡脚处，自地下向上涌出，并伴随有气泡溢出，流量0.2-0.3升/秒，泉口大小长2.5米，宽2.0米，泉水水温40℃,PH值7，泉口处分布黄褐色泉华，较松软，泉水无色透明，无明显硫磺气味。泉水通过水槽引至洗澡间内，洗澡间为木质结构，长6米，宽3米，高3米。泉水进入澡堂后又流入阿拉散沟。温泉南侧为岩质边坡，由中粒似斑状二云正长花岗岩构成，坡度35-45°,坡面上植被发育，主要生长白桦树、西伯利亚云杉等树种。', '', '三级保护', ' ', '地下热水沿裂隙上升溢出地表形成温泉。', '', '', null, null, null);
INSERT INTO `geolandscape` VALUES ('264', '1', 'JDFY0044', '', '水体地貌', '季兰德温泉', '', '', '', '', '', '1408', '', '出露于燕山期的巨斑状黑云母花岗岩中', '', '三级保护', ' ', ' ', '', '', null, null, null);
INSERT INTO `geolandscape` VALUES ('265', '1', 'JDFY0003', '', '锥状花岗岩地貌', '剑锋', '', '', '', '', '', '1340', '', '华力西中期的灰色花岗岩沿节理面风化崩落而形成的锥状花岗岩地貌。', '', '三级保护', '锥尖向上直插云霄，犹如利剑，气势宏伟。', '华力西中期的灰色花岗岩沿节理面风化崩落而形成的锥状花岗岩地貌。', '', '', null, null, null);
INSERT INTO `geolandscape` VALUES ('266', '1', 'JDFY0163', '', '变质岩地貌', '将军石', '', '', '', '', '', '2040', '', '地质体岩性为中元古界斜长片麻岩，处于可可托海-二台断裂西侧0.7千米。将军石位于沟谷北侧山体上部，距沟口处约2.4千米，长150米，宽30米，高40米，将军朝向南方，由斜长片麻岩构成。将军石形态高大威武，和西侧的神犬石相呼应，似传说中的二郎真君，头戴战盔，身披铠甲，真君望向南方，守护着可可托海这片神奇的土地。坡面上生长松树及少量灌木，植被覆盖率较低。', '', '三级保护', '将军石形态高大威武，和西侧的神犬石相呼应，似传说中的二郎真君，头戴战盔，身披铠甲，真君望向南方，守护着可可托海这片神奇的土地。坡面上生长松树及少量灌木，植被覆盖率较低。', '因岩体中垂向及近水平节理裂隙较发育，受寒冻风化作用形成人形山石。', '', '', null, null, null);
INSERT INTO `geolandscape` VALUES ('267', '1', 'JDFY0017', '', '地震陡坎', '阶梯状陡坎', '', '', '', '', '', '2093', '', '属于地震陡坎，一般高约0.2-0.5米，延伸长度不一，分布于富蕴地震断裂带主断层西侧，纵横交织，呈阶梯状，大体可分为北北西、近南北、北东东-近东西向三组，分布范围宽约3500米。', '', '二级保护', ' ', '地震断层和地震地表破裂带两侧差异升降运动形成的、由一个倾向下降盘的自由面组成的线状陡坎或陡崖。', '', '', null, null, null);
INSERT INTO `geolandscape` VALUES ('268', '1', 'JDFY0010', '', '象形山石', '金雕', '', '', '', '', '', '1338', '', '华力西中期的灰色花岗岩，因其所含矿物的抗风化能力存在较大差异，而在风化剥蚀过程中形成的象形山石，属于花岗岩地貌。', '', '三级保护', '形似一只金雕，伫立于山顶，眺望远方，神态庄严，令人敬畏。', '华力西中期的灰色花岗岩，因其所含矿物的抗风化能力存在较大差异，而在风化剥蚀过程中形成的象形山石，属于花岗岩地貌。', '', '', null, null, null);
INSERT INTO `geolandscape` VALUES ('269', '1', 'JDFY0067', '', '锥状花岗岩地貌', '金字塔', '', '', '', '', '', '1507', '', '此处为公园范围内典型锥状花岗岩地貌，处于可可托海-二台断裂东侧，岩性为印支期细粒二云母花岗岩。整个山体底缓顶陡，为三棱锥状，宛如金字塔，花岗岩峰体坡度60—65°节理发育，峰体为岩石节理在寒冻及流水侵蚀崩落形成，锥尖向上，直插云霄，高度约为100米，气势浑宏。在峰体下部发育一支沟。', '', '二级保护', '整个山体底缓顶陡，为三棱锥状，宛如金字塔，花岗岩峰体坡度60—65°节理发育，峰体为岩石节理在寒冻及流水侵蚀崩落形成，锥尖向上，直插云霄，高度约为100米，气势浑宏。', '峰体为岩石节理在寒冻及流水侵蚀崩落形成。', '', '', null, null, null);
INSERT INTO `geolandscape` VALUES ('270', '1', 'JDFY0009', '', '象形山石', '巨蟒出海', '', '', '', '', '', '1382', '', '燕山期的巨斑状黑云母花岗岩，因其所含矿物的抗风化能力存在较大差异，而在风化剥蚀过程中形成的象形山石，属于花岗岩地貌。', '', '三级保护', '一眼望去，在一片山与树的海洋中，一只巨蟒蜿蜒其中，巨蟒头部微微扬起，像是在经历一场四季轮回的考验。', '燕山期的巨斑状黑云母花岗岩，因其所含矿物的抗风化能力存在较大差异，而在风化剥蚀过程中形成的象形山石，属于花岗岩地貌。', '', '', null, null, null);
INSERT INTO `geolandscape` VALUES ('271', '1', 'JDFY0098', '', '变质岩地貌', '巨蟒石', '', '', '', '', '', '1647', '', '地质体岩性为中元古界斜长片麻岩，处于可可托海-二台断裂西侧。该点为一象形石，形似一巨大的蟒蛇头，长约25米，高约20米，头朝向15°方向，由黑云斜长片麻岩沿节理风化坠落形成，头部较尖，由风化坠落而成，一个凹坑形似蟒蛇的嘴，颈部较细，周围植被发育，其身体大部分隐藏在密林中，仅探出头部，仿佛在等待猎物的出现。', '', '三级保护', '形似一巨大的蟒蛇头，长约25米，高约20米，头朝向15°方向，由黑云斜长片麻岩沿节理风化坠落形成，头部较尖，由风化坠落而成，一个凹坑形似蟒蛇的嘴，颈部较细，周围植被发育，其身体大部分隐藏在密林中，仅探出头部，仿佛在等待猎物的出现。', '由黑云斜长片麻岩沿节理风化坠落形成。', '', '', null, null, null);
INSERT INTO `geolandscape` VALUES ('272', '1', 'JDFY0210', '', '象形山石', '巨象山', '', '', '', '', '', '2260', '', '巨象山位于阿拉散沟北岸山顶，长300米，宽60米，高85米。由中粒似斑状二云正长花岗岩构成，岩体中垂向及近水平节理较发育，受寒冻风化作用，岩体镂空形成的孔洞构成了大象的眼睛、耳朵及嘴，被节量裂隙分割为块状的表层岩块构成了巨象厚而粗糙的皮肤，象头朝向东南，似乎要走向沟谷饮水洗澡，又或在呼唤自己的同伴。边坡坡度50-55°,坡面上植被稀疏，生长少量的松树及灌木。', '', '三级保护', '长300米，宽60米，高85米。岩体镂空形成的孔洞构成了大象的眼睛、耳朵及嘴，被节量裂隙分割为块状的表层岩块构成了巨象厚而粗糙的皮肤，象头朝向东南，似乎要走向沟谷饮水洗澡，又或在呼唤自己的同伴。边坡坡度50-55°,坡面上植被稀疏，生长少量的松树及灌木。', '岩体中垂向及近水平节理较发育，受寒冻风化作用，岩块剥落后形成象形山石。', '', '', null, null, null);
INSERT INTO `geolandscape` VALUES ('273', '1', 'JDFY0175', '', '象形山石', '巨鞋山', '', '', '', '', '', '1960', '', '地质体岩性为华力西期中期中粗粒黑云母花岗岩，处于红山嘴断裂北侧。巨鞋山位于喀依尔提河东岸，分布范围长200米，宽60米,高110米。由黑云母花岗岩构成，岩体中行于坡面的同心层状节理较发育，受寒冻风化作用，花岗岩主要沿同心层状节理崩解垮落而形成钟状山峰，形如一只高腰鞋子的后部鞋帮，鞋子的前部由圆润的山脊构成，前端略向上翘，整体似一只巨大而厚实的鞋子。山坡坡度50-65°,坡面上生长松树及灌木，植被覆盖率30-40%。', '', '三级保护', '形如一只高腰鞋子的后部鞋帮，鞋子的前部由圆润的山脊构成，前端略向上翘，整体似一只巨大而厚实的鞋子。', '受寒冻风化作用，花岗岩主要沿同心层状节理崩解垮落而形成钟状山峰，形如一只高腰鞋子的后部鞋帮，鞋子的前部由圆润的山脊构成。', '', '', null, null, null);
INSERT INTO `geolandscape` VALUES ('274', '1', 'JDFY0063', '', '象形山石', '绝壁', '', '', '', '', '', '1623', '', '由华力西期早期花岗闪长岩组成，处于可可托海-二台断裂东侧。岩石中发育两组节理，一组节理产状为255°∠61°，节理密度约为2组1米，另一组节理产状为31°∠47°，壁高110米，长度约为300米，在绝壁上形成多个凹坑，形似佛龛，并有鸟类在其中筑巢，该绝壁是由寒冻的作用使岩石沿节理面崩离坠落而形成。', '', '三级保护', '岩石中发育两组节理，一组节理产状为255°∠61°，节理密度约为2组1米，另一组节理产状为31°∠47°，壁高110米，长度约为300米，在绝壁上形成多个凹坑，形似佛龛，并有鸟类在其中筑巢。', '寒冻作用促使岩石沿节理面崩离坠落而形成。', '', '', null, null, null);
INSERT INTO `geolandscape` VALUES ('275', '1', 'JDFY0097', '', '风景河段', '喀德热特风景河段', '', '', '', '', '', '1654', '', '地质体岩性为黑云斜长片麻岩，处于可可托海-二台断裂西侧。该点处为“S”型河流景观，水面宽约8米—12米，水质清澈，流量约为0.5立方米／秒，流水击打在岩石中荡起洁白的浪花，极其优美，河流两侧为茂密的原始森林，主要为松树林，河流流向350°方向，河床较为狭窄，多为冲洪积物掩盖。', '', '三级保护', '该点处为“S”型河流景观，水面宽约8米—12米，水质清澈，流量约为0.5立方米／秒，流水击打在岩石中荡起洁白的浪花，极其优美，河流两侧为茂密的原始森林，主要为松树林，河床较为狭窄，多为冲洪积物掩盖。', '由河流侵蚀下切堆积形成。', '', '', null, null, null);
INSERT INTO `geolandscape` VALUES ('276', '1', 'JDFY0099', '', '构造地貌', '喀德热特峡谷', '', '', '', '', '', '1616', '', '该点处为一峡谷地貌景观，峡谷长约10千米，宽约200—400米，河谷较开阔，为“U”型谷，水面宽约8—12米，延伸方向约为350°，为河流流水侵蚀下切形成。两侧出露岩性为黑云斜长片麻岩、二云石英片岩等。峡谷两侧坡度45—65°，植被较发育，生态环境优美。', '', '三级保护', '峡谷长约10千米，宽约200—400米，河谷较开阔，为“U”型谷，水面宽约8—12米，延伸方向约为350°，为河流流水侵蚀下切形成。峡谷两侧坡度45—65°，植被较发育，生态环境优美。', '为河流流水侵蚀下切形成。', '', '', null, null, null);
INSERT INTO `geolandscape` VALUES ('277', '1', 'JDFY0093', '', '冰川堆积地貌', '喀拉都尔根冰碛物', '', '', '', '', '', '1889', '', '为规模宏大的第四系冰碛物，沿喀拉都尔根河河谷分布，分布范围长约为6千米，宽0.5—0.8千米，主要由砾石、砂、泥组成，其中砾石约占55％，砾径最大达3米，呈圆-椭圆状，岩性为花岗岩和少量的片麻岩，分选中等砂以中-粗砂为主，约占30％，泥约占12％，表面多为草皮掩盖为天然夏季牧场，主要为全新统时期冰川的搬运堆积作用形成。', '', '三级保护', ' ', '主要为全新统时期冰川的搬运堆积作用形成。', '', '', null, null, null);
INSERT INTO `geolandscape` VALUES ('278', '1', 'JDFY0088', '', '构造地貌', '喀拉都尔根断层', '', '', '', '', '', '1366', '', '该点为一断层崖，表面较平整，为一断层滑动面。滑动面产状171°∠61°，出露岩石为二云斜长片麻岩，断层面高约为250米，出露长度约为370米，在附近发育较多的石英脉，并有串珠状的地下水出露。', '', '三级保护', ' ', '由区域构造运动应力作用使岩石发生断裂错的形成。', '', '', null, null, null);
INSERT INTO `geolandscape` VALUES ('279', '1', 'JDFY0092', '', '风景河段', '喀拉都尔根风景河段', '', '', '', '', '', '1918', '', '该点位于喀拉都尔根河中游，为一优美的河流景观，水面宽约12米，流量约为3立方米／秒，流水较为湍急，击打在岩石上形成洁白的浪花，水的温度较低，约为2℃，其水补给源头为上游高山冰雪融水和地下水，河南岸为原始森林，北侧为裸露的基岩，河床较开阔，为当地牧民的夏季牧场，该河段长约1.2千米。生态环境优美，极具观赏价值。', '', '三级保护', '为一优美的河流景观，水面宽约12米，流量约为3立方米／秒，流水较为湍急，击打在岩石上形成洁白的浪花，水的温度较低，约为2℃，其水补给源头为上游高山冰雪融水和地下水，河南岸为原始森林，北侧为裸露的基岩，河床较开阔，为当地牧民的夏季牧场，该河段长约1.2千米。生态环境优美，极具观赏价值。地质体岩性为加里东期中粒似斑状二云正长花岗岩，处于红山嘴断裂北侧。', '由流水侵蚀和堆积作用形成。', '', '', null, null, null);
INSERT INTO `geolandscape` VALUES ('280', '1', 'JDFY0096', '', '流水堆积地貌', '喀拉都尔根洪积扇', '', '', '', '', '', '1986', '', '该点处为一洪积扇，呈舌状，扇缘主要为块石、砾石。块石块径最大达3.5米，砾石呈棱角一次棱角状，砾径以数厘米级的居多，岩性均为花岗岩、片麻岩等，由扇缘至扇根洪积物粒度逐渐变小，扇根以粘土、砂、粉砂为主，现在为夏季牧场，主要为洪积物在沟口堆积形成。', '', '三级保护', ' ', '主要为洪积物在沟口堆积形成。', '', '', null, null, null);
INSERT INTO `geolandscape` VALUES ('281', '1', 'JDFY0091', '', '象形山石', '喀拉都尔根骆驼峰', '', '', '', '', '', '2278', '', '该点为两个孤立的山峰组成，形似骆驼驼峰的象形石，驼峰一大一小，大的高约50米，直径约为45米，呈钟状，小的高约12米，直径约为10米，呈钟状，表面为碎块状的黑云母花岗岩，成因为花岗岩在寒冻和冰雪的侵蚀风化形成，周围岩石多破碎呈碎块，形成碎石山。地质体岩性为加里东期中-粗粒黑云母花岗岩，处于红山嘴断裂北侧。', '', '三级保护', '为两个孤立的山峰组成，形似骆驼驼峰的象形石，驼峰一大一小，大的高约50米，直径约为45米，呈钟状，小的高约12米，直径约为10米，呈钟状。', '为花岗岩在寒冻和冰雪的侵蚀风化形成。', '', '', null, null, null);
INSERT INTO `geolandscape` VALUES ('282', '1', 'JDFY0094', '', '构造地貌', '喀拉都尔根峡谷', '', '', '', '', '', '1855', '', '典型的“U”型峡谷地貌景观，该峡谷长约15千米，谷底较开阔，谷底宽100—350米，水面宽8—16米，水质清澈，流量约为3立方米／秒。峡谷两侧地貌景观差异较大，南侧多为茂密的原始森林，坡度约为25—40°，北侧多为裸露的基岩，坡度约为35—75°，谷底大部分被全新统冰碛物掩盖，现在为天然牧场。地质体岩性为加里东期中-粗粒黑云母花岗岩，处于红山嘴断裂北侧。', '', '三级保护', '典型的“U”型峡谷地貌景观，该峡谷长约15千米，谷底较开阔，谷底宽100—350米，水面宽8—16米，水质清澈，流量约为3立方米／秒。峡谷两侧地貌景观差异较大，南侧多为茂密的原始森林，现在为天然牧场。', '由构造抬升和流水侵蚀下切及堆积作用形成。', '', '', null, null, null);
INSERT INTO `geolandscape` VALUES ('283', '1', 'JDFY0118', '', '风景河段', '喀拉通克“S”形河流', '', '', '', '', '', '1699', '', '地质体岩性为印支期中粒似斑状二云正长花岗岩，处于可可托海-二台地震断裂东侧。该点处为一风景河段，呈“S”形曲流，水面宽2—5米，水流较缓，水质清澈，流量约为2立方米／秒,水温约为4℃，河谷宽25—55米，河流南侧为原始森林，主要为白松林，河谷地带为草场，为当地牧民的夏季牧场，生态环境良好，景色优美。', '', '三级保护', '该点处为一风景河段，呈“S”形曲流，水面宽2—5米，水流较缓，水质清澈，流量约为2立方米／秒,水温约为4℃，河谷宽25—55米，河流南侧为原始森林，主要为白松林，河谷地带为草场，为当地牧民的夏季牧场，生态环境良好，景色优美。', '由流水侵蚀堆积作用形成。', '', '', null, null, null);
INSERT INTO `geolandscape` VALUES ('284', '1', 'JDFY0053', '', '流水侵蚀地貌', '喀拉通克壶穴群', '', '', '', '', '', '1460', '', '它是黑云母花岗岩漂石，在洪水期受携带砂粒的涡状水流不断侵蚀，在其表面形成的壶穴群。发育壶穴的漂石在平水期露出水面，并保存河水及雨水，呈现为红褐色。一块漂石上一般串珠分布2-3个壶穴，此处壶穴群壶穴数量大于50个。', '', '二级保护', '壶穴分布于喀依尔提河河床中的巨大漂石上，多呈串珠状分布，单体为圆形及椭圆形，直径0.3-0.8米，深0.2-0.6米，最深达1.10米，将漂砾穿透，一块漂石上一般串珠分布2-3个壶穴，此处壶穴群壶穴数量大于50个。漂石岩体为黑云母花岗岩，洪水期受涡状水流携带砂粒在漂石表面不断侵蚀，逐步形成形状及大小不一的壶穴。平水期发育壶穴的漂石露出水面，壶穴处易保存河水及雨水，呈现为红褐色。', '它是黑云母花岗岩漂石，在洪水期受携带砂粒的涡状水流不断侵蚀，在其表面形成的壶穴群。', '', '', null, null, null);
INSERT INTO `geolandscape` VALUES ('285', '1', 'JDFY0124', '', '构造地貌', '喀拉通克峡谷', '', '', '', '', '', '1930', '', '地质体岩性为印支期似斑状二云母正长花岗岩。该点位于喀拉通克峡谷谷口处，该峡谷长约12千米，宽度80—150米不等，为“U”型谷，谷底有河流通过，水面宽2.5—15米，水质清澈，水温约为4℃，峡谷两侧谷坡较陡，约为25—65°，高差为420—610米，峡谷两侧地貌景观差异较大，南东侧为原始森林，为白松林，北西侧植被较少，多为裸露的基岩，该峡谷主要由流水侵蚀下切作用形成，出露岩性多为正长花岗岩，在两侧形成各种奇特的象形山石。', '', '三级保护', '峡谷长约12千米，宽度80—150米不等，为“U”型谷，谷底有河流通过，水面宽2.5—15米，水质清澈，水温约为4℃，峡谷两侧谷坡较陡，约为25—65°，高差为420—610米，峡谷两侧地貌景观差异较大，南东侧为原始森林，为白松林，北西侧植被较少，多为裸露的基岩，在两侧形成各种奇特的象形山石。', '该峡谷主要由流水侵蚀下切作用形成。', '', '', null, null, null);
INSERT INTO `geolandscape` VALUES ('286', '1', 'JDFY0167', '', '构造地貌', '喀拉卓勒V形峡谷', '', '', '', '', '', '1724', '', '地质体岩性为石炭系泥质板岩，处于红山嘴断裂北侧。喀位卓勒峡谷长9千米，谷底宽10-30米，深100-200米，呈近东西向延伸，河水自西向东径流，流量约150-200立方米/小时。峡谷两侧边坡坡度35-55°。峡谷两岸为连绵起伏的山峰，峡谷中生长西伯利亚云杉及白桦树等树种，植被覆盖率高，生态环境好。谷底小桥流水，白色的毡房点散布于峡谷中，风光十分优美。', '', '三级保护', '喀位卓勒峡谷长9千米，谷底宽10-30米，深100-200米，呈近东西向延伸，河水自西向东径流，流量约150-200立方米/小时。峡谷两侧边坡坡度35-55°。峡谷两岸为连绵起伏的山峰，峡谷中生长西伯利亚云杉及白桦树等树种，植被覆盖率高，生态环境好。谷底小桥流水，白色的毡房点散布于峡谷中，风光十分优美。', '河水侵蚀及山体构造上升共同形成深而窄的峡谷。', '', '', null, null, null);
INSERT INTO `geolandscape` VALUES ('287', '1', 'JDFY0170', '', '冰川堆积地貌', '喀拉卓勒冰川堆积平台', '', '', '', '', '', '2009', '', '地质体岩性为第四系漂石及亚砂土，处于红山嘴断裂北侧。冰川堆积平台分布于喀拉卓勒沟北岸，地形向河谷缓倾，分布长度3200米，宽200-400米。平台表面覆盖薄层亚砂土，下部为冰川漂砾，直径0.5-0.8米，最大可达1米以上，磨圆一般。该平台现为牧草发育的草场，牛羊成群，一座白色的毡房坐落于平台上。平台南侧的山坡上生长松树及白桦树等树种，植被覆盖率较高。河水在坡脚处向下游流淌，构成了一幅优美的牧场风光图。', '', '三级保护', '该平台现为牧草发育的草场，牛羊成群，一座白色的毡房坐落于平台上。平台南侧的山坡上生长松树及白桦树等树种，植被覆盖率较高。河水在坡脚处向下游流淌，构成了一幅优美的牧场风光图。', '冰川携带的漂卵石石在此处堆积而形成。', '', '', null, null, null);
INSERT INTO `geolandscape` VALUES ('288', '1', 'JDFY0171', '', '冰川刨蚀地貌', '喀拉卓勒冰斗', '', '', '', '', '', '2520', '', '地质体岩性为石炭系泥质板岩，处于红山嘴断裂北侧。喀拉卓勒冰斗分布于喀拉卓勒沟上游分水岭部位，形如圈椅状洼斗。冰斗分布长度500米，宽200米。冰斗开口朝向东，坡面上可见纵向的刨蚀沟槽，冰斗下部凹陷内分布有少量的积雪。山体边坡45-70°,坡面上基岩裸露，植被稀疏。', '', '三级保护', ' ', '冰川携带岩块不断的刨蚀山体而形成圈椅状洼斗。', '', '', null, null, null);
INSERT INTO `geolandscape` VALUES ('289', '1', 'JDFY0169', '', '风景河段', '喀拉卓勒风景河段', '', '', '', '', '', '1910', '', '地质体岩性为石炭系泥质板岩，处于红山嘴断裂北侧。喀拉卓勒风景河段长3千米，谷底宽50-100米，河面宽5-10米。河水流向70°,流量约60-80立方米/小时，河水清澈，河谷两侧边坡坡度35-50°,坡面上生长松树及白桦树等树种，植被覆盖率较高。河水在绿树映衬的沟谷中蜿蜒流动，水声潺潺，河床内分布圆形漂砾，生态环境好，景色优美。', '', '三级保护', '喀拉卓勒风景河段长3千米，谷底宽50-100米，河面宽5-10米。河水流向70°,流量约60-80立方米/小时，河水清澈，河谷两侧边坡坡度35-50°,坡面上生长松树及白桦树等树种，植被覆盖率较高。河水在绿树映衬的沟谷中蜿蜒流动，水声潺潺，河床内分布圆形漂砾，生态环境好，景色优美。', '流水侵蚀作用形成曲折的河谷。', '', '', null, null, null);
INSERT INTO `geolandscape` VALUES ('290', '1', 'JDFY0046', '', '水体地貌', '喀拉卓勒瀑布', '', '', '', '', '', '1459', '', '流水翻越堵塞沟谷的由燕山期的巨斑状黑云母花岗岩组成的滚石而形成的常年性流水瀑布。瀑布共分为三股，中间一股为人工引水，呈细流垂直而下，流量为25升/每秒；东侧流量为20升/每秒，西侧流量为5升/每秒，两者均为流水沿巨石坡面下跌而成。', '', '三级保护', '水帘悬挂，气势恢弘，引人入胜。\n', '流水翻越堵塞沟谷的由燕山期的巨斑状黑云母花岗岩组成的滚石而形成的常年性流水瀑布。', '', '', null, null, null);
INSERT INTO `geolandscape` VALUES ('291', '1', 'JDFY0248', '', '锥状花岗岩地貌', '喀依尔特花岗岩峰丛', '', '', '', '', '', '1495', '', '花岗岩峰丛分布于特斯库北岸，均分布在山坡上，峰丛高0.5-5米，分布范围长400米、宽80米。峰丛单体直径0.5米-10米，由二长花岗岩构成，中粒结构、块状构造，岩体中发育“X”形节理，受寒冻风化作用，岩体剥落后形成柱状及锥状峰丛。坡面上植被稀疏，生长少量的松树及灌木。', '', '三级保护', ' ', '岩体中发育“X”形节理，受寒冻风化作用，岩体剥落后形成柱状及锥状峰丛。', '', '', null, null, null);
INSERT INTO `geolandscape` VALUES ('292', '1', 'JDFY0174', '', '水体地貌', '喀依尔提草甸', '', '', '', '', '', '1702', '', '地质体岩性为第四系含砾亚砂土及卵砾石，处于红山嘴断裂北侧。正格石景群位于喀依尔提河西岸，分布范围长200米，宽50米,草甸高0.1-0.6米，呈馒头状凸起，每平方米分布4-5个。表层为含砾亚砂土，厚0.3-0.5米，深褐色，土层中腐殖植含量较高，植物根系较发育，下部为卵砾石，直径10-15厘米，次圆状，磨圆及分选一般。草甸上生长喜水的羊草等草本植被，植被覆盖率40-50%。', '', '三级保护', ' ', '草甸地下水位浅，土体潮湿，受反复冻融作用形成鼓包状草甸。', '', '', null, null, null);
INSERT INTO `geolandscape` VALUES ('293', '1', 'JDFY0233', '', '流水堆积地貌', '喀依尔提河漫滩', '', '', '', '', '', '1408', '', '河漫滩位于喀依尔提河大桥上游约2千米处，高于河水面1-2米，分布范围长达1.5千米、宽60-80米，地形平坦。此处为河流凹岸，洪水期河流搬运的松散物均在凹岸不断堆积形成河漫滩，主要由卵砾石构成，表层为颗粒较细的中粗砂及亚砂土，生长牧草及松树等植被。覆盖率30-40%，此河漫滩经常有游客露营，地面上分布较多的生活垃圾，需进行清理和加强管理。另外牧民在此放牧草地植被形成一定的破坏，车辆驶入河漫滩也压坏一定面积的草地。', '', '三级保护', '高于河水面1-2米，分布范围长达1.5千米、宽60-80米，地形平坦。', '此处为河流凹岸，洪水期河流搬运的松散物均在凹岸不断堆积形成河漫滩。', '', '', null, null, null);
INSERT INTO `geolandscape` VALUES ('294', '1', 'JDFY0184', '', '风景河段', '喀依尔提几字形河湾', '', '', '', '', '', '1475', '', '几字形河湾段河谷宽50-60米，长度300米,弯曲度120°,河谷深度150-180米。河水清澈，在河谷中呈几字形蜿蜒流动。河谷两侧边坡坡度45-65°,边坡由中粒似斑状二云正长花岗岩构成，此段河道曲折，河流凹岸受河水侵蚀不断后退，河道弯曲度不断增大，逐步形成现在的几字形河湾。河湾中的漂石上发育壶穴，直径30-40厘米，深度20-50厘米，一块漂石上发育2-3个，呈串珠状分布。河湾两侧坡面上生长西伯利亚云杉及白桦树，植被发育。', '', '三级保护', '此段河道曲折，河流凹岸受河水侵蚀不断后退，河道弯曲度不断增大，逐步形成现在的几字形河湾。河湾中的漂石上发育壶穴，直径30-40厘米，深度20-50厘米，一块漂石上发育2-3个，呈串珠状分布。河湾两侧坡面上生长西伯利亚云杉及白桦树，植被发育。', '此段河道曲折，河流凹岸受河水侵蚀不断后退，河道弯曲度不断增大，逐步形成现在的几字形河湾。', '', '', null, null, null);
INSERT INTO `geolandscape` VALUES ('295', '1', 'JDFY0156', '', '河流堆积地貌', '喀依尔提阶地', '', '', '', '', '', '1785', '', '地质体岩性为华力西期早期细粒黑云母花岗岩，处于红山嘴断裂北侧。可见阶地长度约1000米，共Ⅱ级，第Ⅰ级高约8米，宽10米；第Ⅰ级高约9米，宽约15m。阶地剖面主要由砾石及河流沉积物组成，砾石直径大小不一，10厘米—60厘米。主要是喀依尔提河下切侵蚀形成。', '', '三级保护', '现阶地上有牧民临时搭建的毡房，周围树木以松树为主，河水水质清澈，景色优美。', '由于地壳上升，河流下切形成的阶梯状地貌。', '', '', null, null, null);
INSERT INTO `geolandscape` VALUES ('296', '1', 'JDFY0182', '', '象形山石', '喀依尔提骆驼峰', '', '', '', '', '', '1980', '', '地质体岩性为印支期中粒似斑状二云正长花岗岩，处于红山嘴断裂南侧。骆驼峰位于喀依尔提河山体顶部，分布范围长60米，宽40米,高30米，驼首朝向东南。由花岗岩构成，岩体中的垂向及水平节理较发育，受寒冻风化作用，岩块剥落后形成驼形山峰，骆驼的头部及驼峰轮廓清晰，骆驼身后的钟状山峰如同一座哈萨克牧民的尖顶毡房，整体似一头骆驼卧在毡房外休憩，神态安详。山坡坡度55-60°,坡面上主要生长西伯利亚云杉及白桦树等树种。', '', '三级保护', '由花岗岩构成，岩体中的垂向及水平节理较发育，受寒冻风化作用，岩块剥落后形成驼形山峰，骆驼的头部及驼峰轮廓清晰，骆驼身后的钟状山峰如同一座哈萨克牧民的尖顶毡房，整体似一头骆驼卧在毡房外休憩，神态安详。山坡坡度55-60°,坡面上主要生长西伯利亚云杉及白桦树等树种。', '岩体中的垂向及水平节理较发育，受寒冻风化作用，岩块剥落后形成驼形山峰。', '', '', null, null, null);
INSERT INTO `geolandscape` VALUES ('297', '1', 'JDFY0232', '', '风景河段', '喀依尔提漂流河段', '', '', '', '', '', '1420', '', '喀依尔提漂流河段位于大桥上游约4千米处，河面宽40-60米，长度1.5千米，河水清澈，水流平缓，河道平直，适宜开展漂流。河谷两侧出露华力西中期黑云母花岗岩，锥状花岗岩山峰及象形山石较发育。河谷内各种颜色、形态各异的卵石遍布。在此段进行漂流，不仅可以体验漂流的刺激，还可欣赏到两岸的奇峰异石，更可在河滩中寻找奇石和宝石。', '', '三级保护', '河面宽40-60米，长度1.5千米，河水清澈，水流平缓，河道平直，适宜开展漂流。河谷两侧出露花岗岩，锥状花岗岩山峰及象形山石较发育。河谷内各种颜色、形态各异的卵石遍布。在此段进行漂流，不仅可以体验漂流的刺激，还可欣赏到两岸的奇峰异石，更可在河滩中寻找奇石和宝石。', '河谷两侧锥状花岗岩山峰及象形山石较发育，河谷内各种颜色、形态各异的卵石遍布，景色优美。', '', '', null, null, null);
INSERT INTO `geolandscape` VALUES ('298', '1', 'JDFY0201', '', '象形山石', '喀依尔提石门', '', '', '', '', '', '1528', '', '石门位于阿拉散沟与喀依尔提河交汇处，石门长度25米，宽6米,高8米。由中粒似斑状二云正长花岗岩构成，发育两组节理：110°∠86°、200°∠11°。此石门为修建进入后山林场的公路时人工开凿山体而形成，坡面陡直，宽度狭小，犹如一扇石门，扼守着进入后山的心经之路，进入石门，狭窄的空间让人感觉压抑，陡直的岩壁，凸出的摇摇欲坠的山石又让人心惊，不敢在此多做停留。石门边坡陡峭，坡面上无植被生长。', '', '三级保护', '石门为修建进入后山林场的公路时人工开凿山体而形成，坡面陡直，宽度狭小，犹如一扇石门，扼守着进入后山的心经之路，进入石门，狭窄的空间让人感觉压抑，陡直的岩壁，凸出的摇摇欲坠的山石又让人心惊，不敢在此多做停留。', '石门为修建进入后山林场的公路时人工开凿山体而形成', '', '', null, null, null);
INSERT INTO `geolandscape` VALUES ('299', '1', 'JDFY0129', '', '变质岩地貌', '喀依尔提石英脉', '', '', '', '', '', '1531', '', '处于可可托海-二台地震断裂带北东侧。该点处出露多条石英脉，呈平行分布，石英脉宽15—120厘米，向66°方向延伸，沿石英脉发育有绿柱石等矿产，当地居民已进行小规模的开采。围岩为黑云斜长片麻岩，产状为186°∠31°', '', '三级保护', ' ', '砂岩或其他硅质岩石经过区域变质作用，重结晶而形成的。', '', '', null, null, null);
INSERT INTO `geolandscape` VALUES ('300', '1', 'JDFY0264', '', '构造地貌', '喀依尔提峡谷观景点', '', '', '', '', '', '0', '', '观景点位于喀依尔提河东岸边坡上，坡度40-50°，边坡岩性为黑云母石英片岩。', '', '三级保护', '在观景点可以欣赏到喀依尔提河蜿蜒的河道、河漫滩、河流阶地、河边草地和牧民房屋。坡面上植被稀疏，生长着低矮的灌木及牧草。喀依尔提河自北向南径流，水色清澈、河谷曲折、两侧河漫滩为优良的牧地，河谷两侧生长松树及白桦树，植被发育、风景优美。', ' ', '', '', null, null, null);
INSERT INTO `geolandscape` VALUES ('301', '1', 'JDFY0117', '', '象形山石', '喀依尔提猿人石', '', '', '', '', '', '1639', '', '地质体岩性为印支期中粒似斑状二云正长花岗岩，处于红山嘴断裂南侧。此点为一象形石，位于喀拉依特河东侧山顶，形似一古猿人头骨，高约20米，宽约12米，前额突出，头顶前部圆滑，后部略微隆起，由寒冬冻侵蚀作用形成，堪称大自然的鬼斧神工。', '', '三级保护', '为一象形石，位于喀拉依特河东侧山顶，形似一古猿人头骨，高约20米，宽约12米，前额突出，头顶前部圆滑，后部略微隆起，由寒冬冻侵蚀作用形成，堪称大自然的鬼斧神工。', '由寒冻侵蚀作用形成。', '', '', null, null, null);
INSERT INTO `geolandscape` VALUES ('302', '1', 'JDFY0051', '', '构造地貌', '喀依尔峡谷', '', '', '', '', '', '1421', '', '峡谷全长65千米，谷底宽30-50米，深200-500米，喀伊尔提河从中穿过，中下游段河谷两侧发育有河漫滩及河流阶地，阶地分为三级，高约5-10米，阶面较平坦。', '', '三级保护', '峡谷中植被覆盖率高，长有西伯利亚云杉、白桦树等树种，白色毡房零星分布其中，景色优美，环境宜人。\n', ' ', '', '', null, null, null);
INSERT INTO `geolandscape` VALUES ('303', '1', 'JDFY0014', '', '地震塌陷区', '卡拉先格尔地震塌陷区', '', '', '', '', '', '1810', '', '塌陷区内断裂纵横，曲直错列，大小不等，深浅各异。断层和裂缝的展布方向以北西向为主，北东向次之。此外，塌陷区内还发育沟槽、垅脊、串珠状的断陷塘、鼓包、张裂隙等地震微地貌。塌陷区西侧发育一滑塌面，呈近北北西向展布，断面坡度为45～55°，高10～50米。塌陷区东侧为白杨沟峡谷。', '', '一级保护', ' ', '富蕴-二台断裂带右侧地块沿地震断层发生以右旋走滑为特征的重力滑塌而形成。', '', '', null, null, null);
INSERT INTO `geolandscape` VALUES ('304', '1', 'JDFY0219', '', '象形山石', '卡通兔', '', '', '', '', '', '1760', '', '卡通兔位于阿拉散沟北岸边坡，长8米，宽2米,高4米。边坡坡度70-80°,坡高50米。由中粒似斑状二云正长花岗岩构成，块状构造，受寒冻风化作用，岩石表面的凹坑构成了兔子的眼睛，岩块发生剥落后，孤立的竖直岩块构成了兔子的大耳朵，整体如一只兔子趴石山头草丛中，竖起长长的耳朵，仔细聆听四周的动静，一有风吹草动就立刻逃走。由于垂向节理发育，兔子的身体被分成了头、颈、躯干、尾四个部分，颇具卡通意味。坡面上生长松树及灌木，植被较发育。', '', '三级保护', '长8米，宽2米,高4米。由中粒似斑状二云正长花岗岩构成，块状构造，受寒冻风化作用，岩石表面的凹坑构成了兔子的眼睛，岩块发生剥落后，孤立的竖直岩块构成了兔子的大耳朵，整体如一只兔子趴石山头草丛中，竖起长长的耳朵，仔细聆听四周的动静，一有风吹草动就立刻逃走。由于垂向节理发育，兔子的身体被分成了头、颈、躯干、尾四个部分，颇具卡通意味。坡面上生长松树及灌木，植被较发育。', '受寒冻风化作用，表层岩块发生剥落而形成象形山石。', '', '', null, null, null);
INSERT INTO `geolandscape` VALUES ('305', '1', 'JDFY0176', '', '流水堆积地貌', '科拜什阶地', '', '', '', '', '', '1670', '', '地质体岩性为第四系卵砾石及含砾亚砂土，处于红山嘴断裂北侧。科拜什阶地位于喀依尔提河西岸，分布范围长900米，宽80米,阶面较平坦，阶缘坡度25-30°。一级阶地高5-6米,宽80-100米，二级阶地高7-8米，宽30-40米，为当地的夏牧场，植被发育，牛羊成群。阶地由洪积卵砾石构成，表面覆盖薄层含砾亚砂土，结构较松散。河流阶地为古河流在侵蚀下切的过程中逐步堆积而成，阶地高度的变化从侧面反映了河流侵蚀下切的速度及新构造运动活跃的程度。', '', '三级保护', '一级阶地高5-6米,宽80-100米，二级阶地高7-8米，宽30-40米，为当地的夏牧场，植被发育，牛羊成群。', '河流阶地为古河流在侵蚀下切的过程中逐步堆积而成。', '', '', null, null, null);
INSERT INTO `geolandscape` VALUES ('306', '1', 'JDFY0111', '', '地方性标准剖面', '科克萨依Dγδο与Pt2s1接触界线', '', '', '', '', '', '1935', '', '该点为Dγδo与Pt2S’的接触界线，接触面呈不规则状，产状为236°∠61°。点北东为Pt2S’深灰色黑云斜长片麻岩，鳞片变晶结构，片麻状构造，主要矿物成分为斜长石，约占45%，呈他形粒状，石英约占35%，他形粒状，具有弱的定向性，黑云母约占12%，呈片状，断续定向分布。点南西为Dγδo粗粒英云闪长岩，粗粒半自形粒状结构，块状构造主要矿物成分为：斜长石约占55%，石英约占20%，黑云母约占15%，还含有少量的角闪石等其它暗色矿物。', '', '三级保护', ' ', '华力西期英云闪长岩侵入形成。', '', '', null, null, null);
INSERT INTO `geolandscape` VALUES ('307', '1', 'JDFY0115', '', '地方性标准剖面', '科克萨依Tξγβm与Pt2s1接触界线', '', '', '', '', '', '1720', '', '该点为Tξγβm与Pt2S’的接触界线，接触面波状起伏，接触面产状205°∠29°。点北东为Tξγβm成肉红色似斑状二云正长花岗岩，似斑状结构，块状构造，斑晶为钾长石，含量约为12%,粒径0.8—3厘米，基质为钾长石，含量为40%，斜长石约占15%，石英约占30%，云母约占5%，还含有少量其它暗色矿物。点南西为Pt2S’黑云斜长片麻岩，鳞片变晶结构，片麻状构造，主要矿物为斜长石，约占45%，石英约占30%，黑云母约占15%，黑云母呈断续定向分布，形成片麻状构造，含有少量其它暗色变质矿物。', '', '三级保护', ' ', '岩体侵入形成。', '', '', null, null, null);
INSERT INTO `geolandscape` VALUES ('308', '1', 'JDFY0180', '', '象形山石', '科克萨依绝壁', '', '', '', '', '', '1720', '', '地质体岩性为印支期中粒似斑状二云正长花岗岩，处于红山嘴断裂南侧。科克萨依绝壁位于喀依尔提河西岸，分布范围长200米，宽70米,高50-70米。由花岗岩构成，岩体中垂向节理较发育，表层岩体风化剥落后逐步形成绝壁，山势陡峻，令人望而却步。绝壁边坡陡峭，坡度85-90°。绝壁上植被稀疏，仅生长少量的西伯利亚云杉及灌木。绝壁下方堆积大量崩落的岩块，形状各异，大小约为0.01-4立方米不等，对坡脚下的树木形成损毁，并威胁坡脚下的简易道路。', '', '三级保护', '位于喀依尔提河西岸，分布范围长200米，宽70米,高50-70米。由花岗岩构成，岩体中垂向节理较发育，表层岩体风化剥落后逐步形成绝壁，山势陡峻，令人望而却步。绝壁边坡陡峭，坡度85-90°。绝壁上植被稀疏，仅生长少量的西伯利亚云杉及灌木。绝壁下方堆积大量崩落的岩块，形状各异，大小约为0.01-4立方米不等。', '岩体中垂向节理较发育，受寒冻风化作用，岩体剥落后形成逐步形成绝壁。', '', '', null, null, null);
INSERT INTO `geolandscape` VALUES ('309', '1', 'JDFY0110', '', '变质岩地貌', '科克萨依蘑菇石', '', '', '', '', '', '2099', '', '该点处为一形似蘑菇的象形石，形似一朵蘑菇生长，生长的绝壁之上，屹立不倒，高约12米，直径约为5米，菇冠呈椭圆形，下部较细，呈圆柱状，主要由深灰色黑云斜长片麻岩中节理发育，在寒冻剥蚀和差异风化作用下，岩石沿节理逐渐崩离坠落形成。', '', '三级保护', '形似蘑菇的象形石，形似一朵蘑菇生长，生长的绝壁之上，屹立不倒，高约12米，直径约为5米，菇冠呈椭圆形，下部较细，呈圆柱状。', '主要由深灰色黑云斜长片麻岩中节理发育，在寒冻剥蚀和差异风化作用下，岩石沿节理逐渐崩离坠落形成。', '', '', null, null, null);
INSERT INTO `geolandscape` VALUES ('310', '1', 'JDFY0112', '', '水体地貌', '科克萨依瀑布', '', '', '', '', '', '1800', '', '地质体岩性为黑云母斜长片麻岩，处于红山嘴断裂南侧。该点为一小型四级瀑布，自下而上落差分别约为0.4米、0.5米、0.3米、0.6米，瀑布宽约1.2—1.5米,水流量约为1.5立方米／秒,水质清澈，水温度约为5℃，在每一级瀑布底部均形成一个小型水潭，流水击打水潭形成洁白的浪花，瀑布周围植被发育，生态环境良好，与瀑布相互衬托，形成一幅优美的画卷。', '', '三级保护', '水质清澈，水温度约为5℃，在每一级瀑布底部均形成一个小型水潭，流水击打水潭形成洁白的浪花，瀑布周围植被发育，生态环境良好，与瀑布相互衬托，形成一幅优美的画卷。', '流水侵蚀下切作用形成。', '', '', null, null, null);
INSERT INTO `geolandscape` VALUES ('311', '1', 'JDFY0116', '', '构造地貌', '科克萨依峡谷', '', '', '', '', '', '1559', '', '地质体岩性为印支期中粒似斑状二云正长花岗岩，处于红山嘴断裂南侧。峡谷长约8千米，宽约60—130米，谷底较开阔，为“U”型，谷底有小的河流穿过，水面宽0.8—2.5米，水质清澈，流量约为1.5立方米／秒,水温约为5℃，谷坡较陡，坡度为21—45°，垂直高度550—850米，河谷两侧地貌景观相差较大，南侧多为原始森林，为白松林，北侧多为裸露的基岩，河谷为原始森林向基岩过渡地带，整个峡谷景色极其优美。', '', '三级保护', '峡谷长约8千米，宽约60—130米，谷底较开阔，为“U”型，谷底有小的河流穿过，水面宽0.8—2.5米，水质清澈，流量约为1.5立方米／秒,水温约为5℃，谷坡较陡，坡度为21—45°，垂直高度550—850米，河谷两侧地貌景观相差较大，南侧多为原始森林，为白松林，北侧多为裸露的基岩，河谷为原始森林向基岩过渡地带，整个峡谷景色极其优美。', '由构造抬升作用和流水侵蚀下切作用形成。', '', '', null, null, null);
INSERT INTO `geolandscape` VALUES ('312', '1', 'JDFY0026', '', '断陷湖', '可可苏里', '', '', '', '', '', '1333', '', '由高山积雪融水汇集而成，是一处天然的沼泽湿地。', '', '三级保护', '既有西湖的精致秀美，又有白洋淀的苇荡迷宫，一派“沙鸥翔集”、“鱼翔浅底”的水乡泽国美景，令人意犹未尽，流连往返。\n', '富蕴地震形成的断陷湖，由高山积雪融水汇集而成。', '', '', null, null, null);
INSERT INTO `geolandscape` VALUES ('313', '1', 'JDFY0128', '', '变质岩地貌', '克协库斯石柱', '', '', '', '', '', '1639', '', '地质体岩性为斜长片麻岩，处于可可托海-二台地震断裂带北东侧。此处为一片石柱，高约3—7米，直径约1—2.5米，顶部成圆锥状，四周较光滑，在寒冻作用下，沿斜长片麻岩节理由崩离坠落形成四方柱。', '', '三级保护', '为一片石柱，高约3—7米，直径约1—2.5米，顶部成圆锥状，四周较光滑。', '在寒冻作用下，沿斜长片麻岩节理由崩离坠落形成四方柱。', '', '', null, null, null);
INSERT INTO `geolandscape` VALUES ('314', '1', 'JDFY0078', '', '象形山石', '孔雀石', '', '', '', '', '', '1611', '', '此处为由重力崩塌和风化剥蚀在峰顶形成一块形似一只孔雀的岩石，长约2.2米，高约5米，头部呈尖棱状，朝向95°，身体较圆滑，头部悬空约4.5米，形似一只孔雀即将开屏，其岩性为加里东期黑云母斜长花岗岩，处于可可托海-二台地震断裂带东侧。', '', '三级保护', '形似一只孔雀，长约2.2米，高约5米，头部呈尖棱状，朝向95°，身体较圆滑，头部悬空约4.5米，形似一只孔雀即将开屏。', '由重力崩塌和风化剥蚀作用形成。', '', '', null, null, null);
INSERT INTO `geolandscape` VALUES ('315', '1', 'JDFY0220', '', '象形山石', '恐龙', '', '', '', '', '', '1890', '', '恐龙位于阿拉散沟左岸山顶，长100米、宽30米、高25米，骨头朝向东南，由中粒似斑状二云正长花岗岩构成，受寒冻风化作用，岩石表面形成的凹坑构成恐龙的眼睛、鼻子和耳朵，岩块剥落后形成了恐龙扁长的嘴巴，整体如一只恐龙耸立在山顶，强壮的体型充满着巨大的力量，足以让其他的动物望风而逃。边坡坡度62°，坡面上生长少量的松树及灌木。阿拉散沟在坡脚处由西北向东南径流，汇入喀依尔提河。', '', '三级保护', '长100米、宽30米、高25米，骨头朝向东南，岩石表面形成的凹坑构成恐龙的眼睛、鼻子和耳朵，岩块剥落后形成了恐龙扁长的嘴巴，整体如一只恐龙耸立在山顶，强壮的体型充满着巨大的力量，足以让其他的动物望风而逃。坡面上生长少量的松树及灌木。阿拉散沟在坡脚处由西北向东南径流，汇入喀依尔提河。', '受寒冻风化作用，岩石表面形成的凹坑，岩块剥落后形成似恐龙的象形山石。', '', '', null, null, null);
INSERT INTO `geolandscape` VALUES ('316', '1', 'JDFY0061', '', '象形山石', '恐龙下山', '', '', '', '', '', '1735', '', '处于可可托海-二台断裂东侧，由华力西期早期片麻状状花岗闪长岩形成，长约11米，由于流水和寒冻的侵蚀，使岩石一端形成形似恐龙的头，由岩石的节理形成恐龙的嘴，头朝向273°，向正向山下行走，寻找猎物，岩石表面被侵蚀的较光滑。', '', '三级保护', '由于流水和寒冻的侵蚀，岩石一端形似恐龙的头，岩石的节理形成恐龙的嘴，头朝向273°，向正向山下行走，寻找猎物，岩石表面被侵蚀的较光滑。', '由于流水侵蚀和寒冻风化作用形成。', '', '', null, null, null);
INSERT INTO `geolandscape` VALUES ('317', '1', 'JDFY0101', '', '构造地貌', '库卫沟断层', '', '', '', '', '', '1634', '', '地质体岩性为斜长片麻岩，处于可可托海-二台断裂。该点处为一断层通过位置，岩石破碎，形成碎裂岩，岩性为石英片麻岩、花岗岩，并发育有较多的石英脉，在河对岸形成断层崖，断层产状为40°∠75°。断层面高约70米，延伸长度约为600米，在断层面附近有串珠状的地下水出露。', '', '三级保护', ' ', '由区域构造运动形成。', '', '', null, null, null);
INSERT INTO `geolandscape` VALUES ('318', '1', 'JDFY0107', '', '构造地貌', '库卫沟峡谷', '', '', '', '', '', '1455', '', '地质体岩性为片麻岩，处于红山嘴断裂南侧。峡谷长约12千米，宽40—110米不等，谷底较开阔，为“U”型谷，水面宽约2—8米，水质清澈，温度约为5℃，流量约为1.5立方米／秒，两侧谷坡较陡，坡度约为30—48°，两侧高差约为450—600米，峡谷两侧地貌景观差异较大，南侧为原始森林，主要为白松林，北侧多为裸露的基岩。', '', '三级保护', '峡谷长约12千米，宽40—110米不等，谷底较开阔，为“U”型谷，水面宽约2—8米，水质清澈，温度约为5℃，流量约为1.5立方米／秒，两侧谷坡较陡，坡度约为30—48°，两侧高差约为450—600米，峡谷两侧地貌景观差异较大，南侧为原始森林，主要为白松林，北侧多为裸露的基岩。', '流水侵蚀及构造作用共同形成窄而深的峡谷。', '', '', null, null, null);
INSERT INTO `geolandscape` VALUES ('319', '1', 'JDFY0177', '', '象形山石', '狼牙峰', '', '', '', '', '', '1903', '', '狼牙峰位于喀依尔提河东岸山体顶部，分布范围长150米，宽50米,高20-30米，犹如六颗尖利的猜度牙镶嵌石山顶。由黑云母花岗岩构成，岩体中垂向节理较发育，受寒冻风化作用，岩体剥落后形成锥状花岗岩山峰，峰体修长，顶端尖锐，如同尖利的狼牙。狼牙峰边坡陡峭，坡度65-75°。坡面植被稀疏，仅生长少量的灌木。', '', '三级保护', '岩体剥落后形成锥状花岗岩山峰，峰体修长，顶端尖锐，如同尖利的狼牙。狼牙峰边坡陡峭，坡度65-75°。坡面植被稀疏，仅生长少量的灌木。', '岩体中垂向节理较发育，受寒冻风化作用，岩体剥落后形成锥状花岗岩山峰，尖利如狼牙。', '', '', null, null, null);
INSERT INTO `geolandscape` VALUES ('320', '1', 'JDFY0209', '', '象形山石', '龙虎斗', '', '', '', '', '', '1960', '', '龙虎斗位于阿拉散沟北岸边坡上，其上部为龙，长30米，宽6米，高10米，下部为虎，长25米，宽6米，高8米。由中粒似斑状二云正长花岗岩构成，岩体中垂向及近水平节理较发育，受寒冻风化作用，岩体中部岩石剥落后，将整块岩体分成了龙、虎两部分，龙首朝向南，与虎对视，龙嘴张开露出龙牙，似有龙呤之声；虎头朝向北，岩石表面的凹坑形成了圆睁的虎目，头略向上抬，前肢贴向坡面，不停的啸叫，似乎要向龙发动挑战，又显得有些胆怯。边坡坡度55°,坡面上植被稀疏，生长少量的松树及灌木。', '', '三级保护', '上部为龙，长30米，宽6米，高10米，下部为虎，长25米，宽6米，高8米。龙首朝向南，与虎对视，龙嘴张开露出龙牙，似有龙呤之声；虎头朝向北，岩石表面的凹坑形成了圆睁的虎目，头略向上抬，前肢贴向坡面，不停的啸叫，似乎要向龙发动挑战，又显得有些胆怯。边坡坡度55°,坡面上植被稀疏，生长少量的松树及灌木。', '岩体中垂向及近水平节理较发育，受寒冻风化作用，岩块剥落后形成象形山石。', '', '', null, null, null);
INSERT INTO `geolandscape` VALUES ('321', '1', 'JDFY0004', '', '象形山石', '骆驼峰', '', '', '', '', '', '1454', '', '燕山期的巨斑状黑云母花岗岩，因其所含矿物的抗风化能力存在较大差异而形成的象形山石，属于花岗岩地貌。', '', '三级保护', '远观似一只傲立群峰的骆驼，活灵活现，栩栩如生。', '燕山期的巨斑状黑云母花岗岩，因其所含矿物的抗风化能力存在较大差异而形成的象形山石，属于花岗岩地貌。', '', '', null, null, null);
INSERT INTO `geolandscape` VALUES ('322', '1', 'JDFY0103', '', '变质岩地貌', '麻雀石', '', '', '', '', '', '1748', '', '地质体岩性为斜长片麻岩，处于红山嘴断裂南侧。该处为一象形石，由深灰色黑云斜长片麻岩组成，形似麻雀的石头，高约4米，直径约为2米，头朝向20°方向，其中一块较薄的岩石向外凸出30厘米左右，形似麻雀的嘴。顶部岩石呈圆锥状，形似麻雀的头，岩石中节理较发育，由黑云斜长片麻岩经寒冻和差异风化剥离坠落而形成。', '', '三级保护', '形似麻雀的石头，高约4米，直径约为2米，头朝向20°方向，其中一块较薄的岩石向外凸出30厘米左右，形似麻雀的嘴。顶部岩石呈圆锥状，形似麻雀的头。', '由黑云斜长片麻岩经寒冻和差异风化剥离坠落而形成。', '', '', null, null, null);
INSERT INTO `geolandscape` VALUES ('323', '1', 'JDFY0102', '', '变质岩地貌', '马头石', '', '', '', '', '', '1773', '', '地质体岩性为黑云母斜长片麻岩，处于可可托海-二台断裂东侧。该点为一象形石，形似一马头，头朝向25°方向，高约2米，长约4米，头部岩石较圆滑，并向下凸出，形似马头，其颈部岩石较光滑，形似马的鬃毛，向后飘逸，主要由黑云斜长片麻岩经寒冻剥蚀沿节理面崩离坠落形成。', '', '三级保护', '形似一马头，头朝向25°方向，高约2米，长约4米，头部岩石较圆滑，并向下凸出，形似马头，其颈部岩石较光滑，形似马的鬃毛，向后飘逸。', '主要由黑云斜长片麻岩经寒冻剥蚀沿节理面崩离坠落形成。', '', '', null, null, null);
INSERT INTO `geolandscape` VALUES ('324', '1', 'JDFY0231', '', '河流堆积地貌', '买增萨依阶地', '', '', '', '', '', '1460', '', '河流阶地位于喀依尔提河东岸，仅分布一级阶地，长400米、宽60-70米、高4-5米，阶缘坡度25-30°。阶地面较平坦，主要由卵砾石构成，砾径5-15厘米，次圆状，表层覆盖0.4-0.5米的含砾亚砂土，地表植被较发育，为天然牧草地。阶地东侧为起伏状的山体，坡面上生长松树及灌木，阶地与山体间界限分明。喀依尔提和自阶地两侧流经，流向为自北向南，河水清澈。', '', '三级保护', '仅分布一级阶地，长400米、宽60-70米、高4-5米，阶缘坡度25-30°。阶地面较平坦，为天然牧草地。阶地东侧为起伏状的山体，坡面上生长松树及灌木，阶地与山体间界限分明。喀依尔提和自阶地两侧流经，流向为自北向南，河水清澈。', '河流阶地为古河流在侵蚀下切的过程中逐步堆积而成。', '', '', null, null, null);
INSERT INTO `geolandscape` VALUES ('325', '1', 'JDFY0164', '', '变质岩地貌', '买增萨依石景群', '', '', '', '', '', '1890', '', '地质体岩性为华力西期早期斜长片麻岩，处于可可托海-二台断裂西侧0.18千米。分布范围长80米，宽40米，由斜长片麻岩构成，岩体较为破碎。形如直立的松鼠、卧伏的骆驼、爬行的海龟等。坡面上生长少量灌木，植被覆盖率较低。', '', '三级保护', '形如直立的松鼠、卧伏的骆驼、爬行的海龟等。坡面上生长少量灌木，植被覆盖率较低。', '岩体受寒冻风化作用及雪蚀作用，在岩体表面形成凹坑、洞穴或孤立的山石，构成形态各异的象形山石石景群。', '', '', null, null, null);
INSERT INTO `geolandscape` VALUES ('326', '1', 'JDFY0161', '', '构造地貌', '买增萨依峡谷', '', '', '', '', '', '1967', '', '峡谷长11千米，谷底宽20-50米，深100-160米，呈近东西向延伸，地质体岩性为华力西期早期、中元古界中粒英云闪长岩、斜长片麻岩，处于可可托海-二台断裂西侧。河水自西向东径流，流量约80-100立方米/秒，峡谷两侧边坡坡度30-40°,上部坡度较陡，达40-50°。峡谷两岸分布奇异的萨依峡谷花岗岩山峰，峡谷中生长西伯利亚云杉及白桦树等树种，植被覆盖率高，生态环境好。河水沟峡谷中蜿蜒流动，水声潺潺，白色的毡房点缀石峡谷中，构成了一幅灵动的峡谷风光画卷。', '', '三级保护', '河水自西向东径流，流量约80-100立方米/秒，峡谷两侧边坡坡度30-40°,上部坡度较陡，达40-50°。峡谷两岸分布奇异的萨依峡谷花岗岩山峰，峡谷中生长西伯利亚云杉及白桦树等树种，植被覆盖率高，生态环境好。河水沟峡谷中蜿蜒流动，水声潺潺，白色的毡房点缀石峡谷中，构成了一幅灵动的峡谷风光画卷。', '因山体构造上升及流水侵蚀共同作用而形成深而狭窄的河谷。', '', '', null, null, null);
INSERT INTO `geolandscape` VALUES ('327', '1', 'JDFY0222', '', '象形山石', '猫头鹰', '', '', '', '', '', '1540', '', '猫头鹰位于喀依尔提和东岸，形似猫头的象形山石，高18米，直径约3米，由似斑状二云正长花岗岩构成，受寒冻风化作用形成一个类似猫头鹰眼睛的凹陷坑，两侧岩块剥落形成猫头鹰尖利的嘴巴，身侧岩体表层为黑褐色，纵向节理将岩体分割为竖向的条状，如同猫头鹰翅膀上的根根羽毛，整个身体掩映在树林之中，似在深深的睡眠之中。边坡坡度65°，坡面上生长松树及白桦树。', '', '三级保护', '形似猫头的象形山石，高18米，直径约3米，由似斑状二云正长花岗岩构成，受寒冻风化作用形成一个类似猫头鹰眼睛的凹陷坑，两侧岩块剥落形成猫头鹰尖利的嘴巴，身侧岩体表层为黑褐色，纵向节理将岩体分割为竖向的条状，如同猫头鹰翅膀上的根根羽毛，整个身体掩映在树林之中，似在深深的睡眠之中。边坡坡度65°，坡面上生长松树及白桦树。', '花岗岩体受寒冻风化作用，岩块剥落形成一个类似猫头鹰的象形山石。', '', '', null, null, null);
INSERT INTO `geolandscape` VALUES ('328', '1', 'JDFY0254', '', '象形山石', '帽顶山', '', '', '', '', '', '1351', '', '帽顶山位于喀依尔提河两岸，山顶高150米，直径约90米，边坡坡度35-65°，岩体中垂向节理较发育，经风化剥蚀形成帽形山体，山顶部突出的岩体犹如帽子上的花穗，略微向西倾斜，似乎被风吹拂。帽顶山由二长花岗岩闪长岩构成，中粒结构、块状构造。山体边坡上基岩裸露，生长少量的松树及灌木。', '', '三级保护', '山顶部突出的岩体犹如帽子上的花穗，略微向西倾斜，似乎被风吹拂。', '岩体中垂向节理较发育，经风化剥蚀形成帽形山体。', '', '', null, null, null);
INSERT INTO `geolandscape` VALUES ('329', '1', 'JDFY0247', '', '象形山石', '美女峰', '', '', '', '', '', '1920', '', '美女峰位于特斯库北岸 ，长60米、宽25米、高15米，美女头朝向东方，犹如一位站在山顶跳舞的哈萨克族姑娘，体态婀娜，裙裾随着舞蹈而飘扬。由中粒二长花岗岩构成，岩体中垂向节理较发育，受寒冻风化作用形成人形山峰，边坡坡度65°，坡面上基岩裸露，植被稀少，坡脚处生长松树及灌木。', '', '三级保护', '长60米、宽25米、高15米，美女头朝向东方，犹如一位站在山顶跳舞的哈萨克族姑娘，体态婀娜，裙裾随着舞蹈而飘扬。', '岩体中垂向节理较发育，受寒冻风化作用形成人形山峰。', '', '', null, null, null);
INSERT INTO `geolandscape` VALUES ('330', '1', 'JDFY0069', '', '钟状花岗岩地貌', '蒙古包', '', '', '', '', '', '1488', '', '处于可可托海-二台断裂东侧，由印支期细粒二云母花岗岩组成的花岗岩钟状地貌，山体表面圆润平滑，形似草原上的蒙古包，这是由岩体发育平行山坡面的同心层状层理受寒冻风化作用不断的崩离垮塌形成，高约110米，宽约130米。', '', '三级保护', '山体表面圆润平滑，形似草原上的蒙古包。', ' ', '', '', null, null, null);
INSERT INTO `geolandscape` VALUES ('331', '1', 'JDFY0080', '', '象形山石', '猛虎守谷', '', '', '', '', '', '1677', '', '该处为一象形山石，由加里东期英云闪长岩组成，处于可可托海-二台地震断裂带东侧，形似一只卧着在远处山脊的老虎，长6米，宽2米，高2米，面朝261°方向，头部呈圆锥状，悬空约1.5米，并发育有椭圆状的凹坑，形似其眼睛，其身体较圆滑，远观形似一只老虎卧在山脊的巨石上日夜守卫着这条优美的峡谷，为英云闪长岩在寒冻作用下崩离坠落形成。', '', '三级保护', '形似一只卧在远处山脊的老虎，长6米，宽2米，高2米，面朝261°方向，头部呈圆锥状，悬空约1.5米，并发育有椭圆状的凹坑，形似其眼睛，其身体较圆滑，远观形似一只老虎卧在山脊的巨石上日夜守卫着这条优美的峡谷。', '为英云闪长岩在寒冻作用下崩离坠落形成。', '', '', null, null, null);
INSERT INTO `geolandscape` VALUES ('332', '1', 'JDFY0012', '', '象形山石', '蘑菇石', '', '', '', '', '', '1367', '', '燕山期的巨斑状黑云母花岗岩，因其所含矿物的抗风化能力存在较大差异，而在风化剥蚀过程中形成的象形山石，属于花岗岩地貌。', '', '三级保护', '形状酷似一朵蘑菇，在瀑布沟中矗立，任凭流水在周围缓缓流过，组成了一幅石与水、静与动结合的美丽画面。', '燕山期的巨斑状黑云母花岗岩，因其所含矿物的抗风化能力存在较大差异，而在风化剥蚀过程中形成的象形山石，属于花岗岩地貌。', '', '', null, null, null);
INSERT INTO `geolandscape` VALUES ('333', '1', 'JDFY0120', '', '象形山石', '母子崖', '', '', '', '', '', '1731', '', '地质体岩性为印支期中粒似斑状二云正长花岗岩，处于红山嘴断裂南侧。该处为一象形山石陡崖，形似一位慈祥的母亲怀抱婴儿，由一大块锥状花岗岩和一小块柱状花岗岩组成，大块花岗岩高约65米，上部较圆滑，形似母亲的面容，中部向外凸出，形似母亲的手臂抱出他的孩子，小块柱状花岗岩高约5米，直径约为1.5米，直立在母亲的怀抱中，母亲面朝255°方向，由正长花岗岩在寒冻侵蚀作用下，沿节理面崩离坠落形成。', '', '三级保护', '为一象形山石陡崖，形似一位慈祥的母亲怀抱婴儿，由一大块锥状花岗岩和一小块柱状花岗岩组成，大块花岗岩高约65米，上部较圆滑，形似母亲的面容，中部向外凸出，形似母亲的手臂抱出他的孩子，小块柱状花岗岩高约5米，直径约为1.5米，直立在母亲的怀抱中，母亲面朝255°方向。', '由正长花岗岩在寒冻侵蚀作用下，沿节理面崩离坠落形成。', '', '', null, null, null);
INSERT INTO `geolandscape` VALUES ('334', '1', 'JDFY0007', '', '象形山石', '馕峰', '', '', '', '', '', '1446', '', '燕山期的巨斑状黑云母花岗岩，因其所含矿物的抗风化能力存在较大差异，而在风化剥蚀过程中形成的板状花岗岩地貌。馕峰下为一绝壁，壁上凹坑及冲沟十分发育，凹坑局部集中发育，冲沟则遍布整个绝壁。绝壁坡度在65º以上，高300m，宽500m。', '', '三级保护', '形似哈萨克族常食用的一种面馍—馕饼，形象逼真，惟妙惟肖，故而得名“馕峰”。', '燕山期的巨斑状黑云母花岗岩，因其所含矿物的抗风化能力存在较大差异，而在风化剥蚀过程中形成的板状花岗岩地貌。', '', '', null, null, null);
INSERT INTO `geolandscape` VALUES ('335', '1', 'JDFY0221', '', '象形山石', '屏风', '', '', '', '', '', '1530', '', '屏风位于喀依尔提河左岸，高40米、宽120米，由中粒似斑状二云正长花岗岩构成，垂向节理较发育，受河水冲刷及冻融风化形成陡直的岩壁，如一道屏风竖立在河畔，岩壁上生长松树，喀依尔提河从坡脚流过，形成了一幅具有山水内容的屏风，画面生动而形象。', '', '三级保护', '高40米、宽120米，如一道屏风竖立在河畔，岩壁上生长松树，喀依尔提河从坡脚流过，形成了一幅具有山水内容的屏风，画面生动而形象。', '边坡岩体受河水冲刷及冻融风化形成陡直的岩壁，如一道屏风竖立在河畔。', '', '', null, null, null);
INSERT INTO `geolandscape` VALUES ('336', '1', 'JDFY0043', '', '锥状花岗岩地貌', '七仙女峰', '', '', '', '', '', '1408', '', '燕山期的巨斑状黑云母花岗岩，因其所含矿物的抗风化能力存在较大差异，而在风化剥蚀作用过程中形成的锥状花岗岩地貌。\n', '', '三级保护', '山峰被松树簇拥，雄伟浑厚之中透出俏丽，高矮相似，婉若天仙，误落凡尘，游玩于此，令人赏心悦目。', '燕山期的巨斑状黑云母花岗岩，因其所含矿物的抗风化能力存在较大差异，而在风化剥蚀作用过程中形成的锥状花岗岩地貌。\n', '', '', null, null, null);
INSERT INTO `geolandscape` VALUES ('337', '1', 'JDFY0141', '', '风景河段', '恰尔格尔S形河湾', '', '', '', '', '', '1352', '', '地质体岩性为华力西期早期中细粒英云闪长岩，处于可可托海-二台断裂东侧6千米。该段河流呈“S”型，河道宽约5—10米，河中有大量泥沙堆积，现为干涸状态，周围以草地为主，树木稀少，周围岩性为花岗闪长岩。', '', '三级保护', ' ', '此段河道曲折，河流凹岸受河水侵蚀不断后退，河道弯曲度不断增大，逐步形成现在的“S”形河湾。', '', '', null, null, null);
INSERT INTO `geolandscape` VALUES ('338', '1', 'JDFY0142', '', '构造地貌', '恰尔格尔X节理', '', '', '', '', '', '1330', '', '此处岩性为花岗闪长岩，X节理发育，沿节理填充大量石英脉，节理产状分别为：225 º∠46 º、186 º∠47 º，周围有花岗岩象形山石，植被主要以草地为主，树木稀少，当地有少量牧民在此搭建毡房放牧。周围河沟已干涸。', '', '三级保护', ' ', '岩石受剪切应力破裂形成的裂隙。', '', '', null, null, null);
INSERT INTO `geolandscape` VALUES ('339', '1', 'JDFY0139', '', '水体地貌', '恰尔格尔草甸', '', '', '', '', '', '1479', '', '地质体岩性为华力西期早期中细粒英云闪长岩，处于可可托海-二台断裂东侧8公里。此处草甸出露范围长300米，宽约200米，草甸直径大小约10—45厘米，呈馒头状凸起，表层为含砾亚砂土，厚0.3-0.5米，深褐色，土层中腐殖植含量较高，植物根系较发育，下部为卵砾石。，草甸周围有围栏，牧草长势良好，鲜花盛开，景色优美。周围山体起伏较小，岩性主要为花岗闪长岩，树木稀少，以草地为主。', '', '三级保护', '草甸出露范围长300米，宽约200米，草甸直径大小约10—45厘米，呈馒头状凸起，表层为含砾亚砂土，厚0.3-0.5米，深褐色，土层中腐殖植含量较高，植物根系较发育，下部为卵砾石。，草甸周围有围栏，牧草长势良好，鲜花盛开，景色优美。周围山体起伏较小，岩性主要为花岗闪长岩，树木稀少，以草地为主。', '草甸地下水位浅，土体潮湿，受反复冻融作用形成鼓包状草甸。', '', '', null, null, null);
INSERT INTO `geolandscape` VALUES ('340', '1', 'JDFY0140', '', '风景河段', '恰尔格尔干沟', '', '', '', '', '', '1445', '', '地质体岩性为华力西期早期中细粒英云闪长岩，处于可可托海-二台断裂东侧6千米。该点为季节性沟谷，呈树枝状，目前为干涸状态，有水时由东向西流，沟谷四周出露岩性为花岗闪长岩，沟宽度约5米，周围以草地为主，树木稀少。覆盖率较低。', '', '三级保护', ' ', '因山体构造上升及流水侵蚀共同作用而形成季节性河谷。', '', '', null, null, null);
INSERT INTO `geolandscape` VALUES ('341', '1', 'JDFY0138', '', '锥状花岗岩地貌', '恰尔格尔花岗岩峰丛', '', '', '', '', '', '1529', '', '恰尔格尔峡谷主要以花岗岩地貌为主，周围山体坡度较缓，相对高度在20米左右，坡度10—20 º，基岩出露较少，植被以草地为主，树木较为稀少，是当地牧民天然的牧场。河流现已干涸，岩性主要为花岗闪长岩，处于可可托海-二台断裂东侧9千米。', '', '三级保护', ' ', '因受寒冻风化剥蚀作用，坡面上表层岩体风化剥落。', '', '', null, null, null);
INSERT INTO `geolandscape` VALUES ('342', '1', 'JDFY0137', '', '构造地貌', '恰尔格尔峡谷', '', '', '', '', '', '1525', '', '地质体岩性为华力西期早期中细粒英云闪长岩、中粒花岗闪长岩，处于可可托海-二台断裂东侧10千米。峡谷全长约14千米，谷底宽50—200米，两岸地势较缓，谷底开阔，坡度在20—45º，峡谷发育泥盆纪英云闪长岩（Dγδo）、中粒花岗闪长岩（Dγδ）、闪长岩（Dδ），目前河流已干涸，峡谷内是当地牧民的牧场，植被以草地为主，树木稀少。成片的草地上鲜花盛开，景色十分优美，人犹如画中，河流由东向西248 º方向。峡谷上游有少量牧民长期居住，峡谷中部有原吐尔洪牧八队牧民居住。', '', '三级保护', '峡谷内是当地牧民的牧场，植被以草地为主，树木稀少。成片的草地上鲜花盛开，景色十分优美，人犹如画中，河流由东向西248 º方向。峡谷上游有少量牧民长期居住，峡谷中部有原吐尔洪牧八队牧民居住。', '因山体构造上升及流水侵蚀共同作用而形成季节性河谷。', '', '', null, null, null);
INSERT INTO `geolandscape` VALUES ('343', '1', 'JDFY0145', '', '地方性标准剖面', '恰尔沟Pt3γβ与Pt2s2接触界线', '', '', '', '', '', '1400', '', '该点为Pt3γβ与Pt2s2接触界线，点北西为Pt3γβ，地层产状133°∠17°，为浅灰色黑云母花岗岩，中一细粒花岗，块状构造，岩石主要由石英、长石、黑云母、白云母及少量副矿物组成，其中石英含量约为30％，长石约占60％左右，主要由微斜长石和更长石组成，黑云母约为7％左右，含有少量的白云母。副矿物主要为磁铁矿等矿物。点南东为Pt2S2，灰黑色黑云母斜长片麻岩，鳞片变晶结构，片麻构造，主要矿物成分为斜长石约占50％，石英约占35％，黑云母约占8％，其它变质矿物约占7％，黑云母呈断续定向分布，形成片麻状构造', '', '三级保护', ' ', '黑云母花岗岩（Pt3γβ）与黑云斜长片麻岩（Pt2s2）侵入接触。', '', '', null, null, null);
INSERT INTO `geolandscape` VALUES ('344', '1', 'JDFY0143', '', '地方性标准剖面', '恰尔沟Qp3alp与Pt2s2接触界线', '', '', '', '', '', '1404', '', '此处为吐尔洪盆地北侧最佳观景点，该点也是第四系（Qp3alp）与更新统（Pt2s2）接触界线，出露基岩以黑云斜长片麻岩为主，站在该点可欣赏到草地、农田、民屋风光。景色优美，像一幅美丽的天然画卷。', '', '三级保护', '站在该点可欣赏到草地、农田、民屋风光。景色优美，像一幅美丽的天然画卷。', '第四系（Qp3alp）冲洪积物与更新统（Pt2s2）不整合接触界线。', '', '', null, null, null);
INSERT INTO `geolandscape` VALUES ('345', '1', 'JDFY0027', '', '地震陡坎', '恰尔沟地震陡坎', '', '', '', '', '', '1866', '', '陡坎产状75°∠50°，走向345°，陡坎高0.7米，可见长度约20米，中间有一后期冲沟。它是1931年富蕴大地震陡坎的一部分。', '', '三级保护', ' ', '它是1931年富蕴大地震陡坎的一部分，是地震断层和地震地表破裂带两侧差异升降运动形成的、由一个倾向下降盘的自由面组成的线状陡坎或陡崖。', '', '', null, null, null);
INSERT INTO `geolandscape` VALUES ('346', '1', 'JDFY0196', '', '象形山石', '千丈崖', '', '', '', '', '', '1604', '', '千丈崖分布于喀依尔提河西岸边坡，坡高360-400米，宽400米，坡度80-85°,由中粒似斑状二云正长花岗岩构成，岩体中发育平行于坡面的同心层状节理，受寒冻风化作用，花岗岩主要沿平行于坡面的节理发生崩解垮落而形成钟状花岗岩山峰，边坡陡峭面圆润光滑，其相对高差约400米，故名千丈崖，崖壁上基岩裸露，生长少量的的松树及白桦树，植被稀疏。', '', '三级保护', '千丈崖分布于喀依尔提河西岸边坡，坡高360-400米，宽400米，坡度80-85°,边坡陡峭面圆润光滑，其相对高差约400米，故名千丈崖，崖壁上基岩裸露，生长少量的的松树及白桦树，植被稀疏。', '受寒冻风化作用，花岗岩主要沿平行于坡面的节理发生崩解垮落而形成钟状花岗岩山峰，边坡陡峭面圆润光滑。', '', '', null, null, null);
INSERT INTO `geolandscape` VALUES ('347', '1', 'JDFY0214', '', '象形山石', '情侣石', '', '', '', '', '', '1902', '', '情侣石位于阿拉散沟北岸山顶，长80米，宽30米，高25米。由中粒似斑状二云正长花岗岩构成，块状构造，受寒冻风化作用，边坡上岩块发生崩解垮落，并石岩体中形成穿透的孔洞，残余的花岗岩体形成锥状及钟状的峰丛，犹如一对情侣依偎在一起，其中男子身体魁梧壮实，姑娘则苗条修长，长发飘飘，两人头挨着头，似乎在诉说绵绵的情话，让人不忍打扰。边坡坡度50-60°,坡面上生长松树及灌木，植被较发育。', '', '三级保护', '情侣石位于阿拉散沟北岸山顶，长80米，宽30米，高25米。犹如一对情侣依偎在一起，其中男子身体魁梧壮实，姑娘则苗条修长，长发飘飘，两人头挨着头，似乎在诉说绵绵的情话，让人不忍打扰。边坡坡度50-60°,坡面上生长松树及灌木，植被较发育。', '岩体受寒冻风化作用，边坡上岩块发生崩解垮落，并石岩体中形成穿透的孔洞，残余的花岗岩体形成锥状及钟状的峰丛。', '', '', null, null, null);
INSERT INTO `geolandscape` VALUES ('348', '1', 'JDFY0104', '', '变质岩地貌', '人面石', '', '', '', '', '', '1595', '', '地质体岩性为黑云母斜长片麻岩，处于红山嘴断裂南侧。该点为一形似一位慈祥老人面容的象形石，高约9米，宽约5米，上部由风化坠落形成两个凹坑形似其眼睛，中部岩石较圆滑，并向外凸出，形似其鼻子，下部由溶蚀作用形成一凹坑，形似其嘴巴，其面朝195°方向，主要由黑云斜长片麻岩在寒冻和差异风化作用下，沿岩石节理面崩离坠落而形成。', '', '三级保护', '形似一位慈祥老人面容的象形石，高约9米，宽约5米，上部由风化坠落形成两个凹坑形似其眼睛，中部岩石较圆滑，并向外凸出，形似其鼻子，下部由溶蚀作用形成一凹坑，形似其嘴巴。', '主要由黑云斜长片麻岩在寒冻和差异风化作用下，沿岩石节理面崩离坠落而形成。', '', '', null, null, null);
INSERT INTO `geolandscape` VALUES ('349', '1', 'JDFY0005', '', '象形山石', '人头马面石', '', '', '', '', '', '1452', '', '燕山期的巨斑状黑云母花岗岩，因其所含矿物的抗风化能力存在较大差异，而在风化剥蚀过程中形成的象形山石，属于花岗岩地貌。', '', '三级保护', '一块岩石由西向东望去犹如马头，一岩石的裂隙与风化色构成了黑面人头像，两者形象生动，相互映衬，共同组成了人头马面石。', '燕山期的巨斑状黑云母花岗岩，因其所含矿物的抗风化能力存在较大差异，而在风化剥蚀过程中形成的象形山石。', '', '', null, null, null);
INSERT INTO `geolandscape` VALUES ('350', '1', 'JDFY0188', '', '象形山石', '人头石', '', '', '', '', '', '1775', '', '地质体岩性为印支期中粒似斑状二云正长花岗岩，处于红山嘴断裂南侧。人头石位于阿拉阿依格尔沟北岸边坡上，长5米，宽4米，高9米。脸部的嘴、眼睛、头发等十分逼真，脸部的皱纹好似表明这是一位饱经风霜的哈萨克牧羊人，人头望向沟谷，似在凝视沟谷吃草的羊群。岩体中垂向及近水平的节理较发育，岩块崩落后逐步形成人对的形状，岩石表面的凹坑及孔洞构成了人头上的眼睛、鼻子和嘴，岩石中的节理裂缝则构成了人脸上如刀刻的皱纹。所处边坡坡度65°,坡面上植被稀疏，生长少量的松树及灌木。', '', '三级保护', '人头石位于阿拉阿依格尔沟北岸边坡上，长5米，宽4米，高9米。脸部的嘴、眼睛、头发等十分逼真，脸部的皱纹好似表明这是一位饱经风霜的哈萨克牧羊人，人头望向沟谷，似在凝视沟谷吃草的羊群。岩体中垂向及近水平的节理较发育，岩块崩落后逐步形成人对的形状，岩石表面的凹坑及孔洞构成了人头上的眼睛、鼻子和嘴，岩石中的节理裂缝则构成了人脸上如刀刻的皱纹。所处边坡坡度65°,坡面上植被稀疏，生长少量的松树及灌木。', '岩体中垂向及近水平的节理较发育，受寒冻风化作用，岩块崩落后逐步形成人对的形状，岩石表面的凹坑及孔洞构成了人头上的眼睛、鼻子和嘴。', '', '', null, null, null);
INSERT INTO `geolandscape` VALUES ('351', '1', 'JDFY0040', '', '象形山石', '忍者', '', '', '', '', '', '1249', '', '由华里西中期的灰色花岗岩，因其所含矿物的抗风化能力存在较大差异，而在风化剥蚀过程中形成的象形山石，属于花岗岩地貌。', '', '三级保护', '形似忍者神龟', '由华里西中期的灰色花岗岩，因其所含矿物的抗风化能力存在较大差异，而在风化剥蚀过程中形成的象形山石，属于花岗岩地貌。', '', '', null, null, null);
INSERT INTO `geolandscape` VALUES ('352', '1', 'JDFY0089', '', '锥状花岗岩地貌', '刃峰', '', '', '', '', '', '1017', '', '该点为一刀刃状山峰，高约为140米，宽度由下向上逐渐变小，逐渐变为圆锥状，形似刀尖，刀面较光滑，向两侧逐渐变薄，形似刀锋，由中一细粒黑云母花岗岩组成，在寒冻和冰雪的冻融作用下，沿岩石节理面崩离坠落形成。', '', '三级保护', '刀刃状山峰，高约为140米，宽度由下向上逐渐变小，逐渐变为圆锥状，形似刀尖，刀面较光滑，向两侧逐渐变薄，形似刀锋。', '寒冻和冰雪的冻融作用下，沿岩石节理面崩离坠落形成。', '', '', null, null, null);
INSERT INTO `geolandscape` VALUES ('353', '1', 'JDFY0259', '', '地方性标准剖面', '萨尔O3bh与Dγδβ接触界线剖面', '', '', '', '', '', '1242', '', '花岗闪长岩与片岩接触界线清楚，界线走向300°。界线北东侧为中粒黑云母花岗闪长石，块状构造。岩体中垂向节理较发育，受风化剥蚀作用在岩体表层形成凹坑及孔洞。界线南西侧为片岩，灰褐色，鳞片变晶结构，片理状构造，产状40°∠65°。矿物成分主要为绢云母、长石、石英等。', '', '三级保护', ' ', '花岗闪长岩与片岩呈侵入接触。', '', '', null, null, null);
INSERT INTO `geolandscape` VALUES ('354', '1', 'JDFY0229', '', '水体地貌', '萨尔普赛观景点', '', '', '', '', '', '1671', '', ' ', '', '三级保护', '从该点向南东方向观察可见喀依尔特河下游河谷优美的景观，河流弯曲呈蛇状，宛如一条翠绿的丝带，向远处延伸，河流两侧的阶地清晰可见，成片的小麦金黄与翠绿相间，哈萨克族具有民族特色的村落点缀其中，景色极其优美，建议在该点所在位置修建观景点。', ' ', '', '', null, null, null);
INSERT INTO `geolandscape` VALUES ('355', '1', 'JDFY0100', '', '变质岩地貌', '萨尔台普赛石英岩脉', '', '', '', '', '', '1631', '', '地质体岩性为中元古界斜长片麻岩，处于可可托海-二台断裂附近。该点处为一石英岩脉，脉宽约为55米，延伸方向为310°左右，主要由石英、斜长石、黑云母组成，石英呈不规则粒状约占70％，粒径0.3—0.4毫米，具有一定的定向性，斜长石呈他形粒状约占25%，多拉长定向，黑云母呈片状，片径0.5—1厘米，呈定向排列，含有少量的白云母及其它暗色矿物，围岩为深灰色黑云母斜长片麻岩。', '', '三级保护', ' ', '由砂岩或其他硅质岩石等经过区域变质作用，重结晶而形成的。', '', '', null, null, null);
INSERT INTO `geolandscape` VALUES ('356', '1', 'JDFY0205', '', '地方性标准剖面', '萨依肯Pt2S1与Oγδ接触界线剖面', '', '', '', '', '', '1760', '', '界线东侧为中粒花岗闪长岩，灰黑色，块状构造，矿物成份主要为长石、角闪石、石英等。界线西侧为斜长片麻岩，黑褐色，细粒结构，片麻状构造，矿物成份主要为长石，石英及云母等。界线走向300°,两者间为侵入接触关系。界线东侧花岗闪长岩抗风化能力相对较差，坡面岩体风化破碎，剥落岩块堆积于坡面及坡脚处。山坡坡度45°,坡面上植被稀疏，生长少量的松树及灌木。', '', '三级保护', ' ', '花岗闪长岩与斜长片麻岩呈侵入接触关系。', '', '', null, null, null);
INSERT INTO `geolandscape` VALUES ('357', '1', 'JDFY0203', '', '构造地貌', '萨依肯布拉克峡谷', '', '', '', '', '', '1834', '', '萨依肯布拉克峡谷全长10千米，谷底宽15-20米,深150-180米。峡谷呈近东西向，河水由西向东径流。峡谷两侧出露中粒英云闪长岩、中粒花岗闪长岩，奇异多姿的花岗岩奇峰较发育。两侧山坡坡度40-60°,萨依肯布拉克河从谷底流过，水色清澈，水流潺潺，流量约300-350立方米/时。河谷中出露第四系漂卵石，呈次圆状及次棱角状，磨圆及分选一般，砾径一般10-25厘米。峡谷中植被发育，生态环境好，主要生长白桦树、西伯利亚云杉等树种。', '', '三级保护', '萨依肯布拉克峡谷全长10千米，谷底宽15-20米,深150-180米。峡谷呈近东西向，河水由西向东径流。萨依肯布拉克河从谷底流过，水色清澈，水流潺潺，流量约300-350立方米/时。峡谷中植被发育，生态环境好，主要生长白桦树、西伯利亚云杉等树种。', '流水侵蚀及构造作用共同形成窄而深的峡谷，峡谷两侧分布花岗岩奇峰，植被发育，风景优美。', '', '', null, null, null);
INSERT INTO `geolandscape` VALUES ('358', '1', 'JDFY0149', '', '风景河段', '萨孜几字形河湾', '', '', '', '', '', '1514', '', '地质体岩性为中元古界泥盆纪英云闪长岩、黑云石英片岩，处于地震断裂带震中东侧。河湾成“几”字形，凸出部分长240米，最窄处仅60米，周围岩性为英云闪长岩，两岸坡度70º左右，谷底10—30米，谷顶50—60米，崖高约80—100米，现该段为干涸，周围植被稀少，有零星几棵松树，地震崩塌物在河中随处可见，河流中水量长期不足，河道中长满植被。', '', '三级保护', '河湾成“几”字形，凸出部分长240米，最窄处仅60米，周围岩性为英云闪长岩，两岸坡度70º左右，谷底10—30米，谷顶50—60米，崖高约80—100米，现该段为干涸，周围植被稀少，有零星几棵松树，地震崩塌物在河中随处可见，河流中水量长期不足，河道中长满植被。', '此段河道曲折，河流凹岸受河水侵蚀不断后退，河道弯曲度不断增大，逐步形成现在的“几”形河湾。', '', '', null, null, null);
INSERT INTO `geolandscape` VALUES ('359', '1', 'JDFY0150', '', '水体地貌', '萨孜湿地', '', '', '', '', '', '1576', '', '地质体岩性为中元古界泥盆纪英云闪长岩、黑云石英片岩，处于地震断裂带震中东侧。萨孜湿地长约210米，宽约15—50米，此处水草长势良好，有大小水凼5处，在干涸的河道中显得生机勃勃，湿地上鲜花盛开，有牛羊在沟中享受大自然的美味，周围河道宽50—80米，植被以草地为主，树木稀少，风景优美，该段河谷较开阔，为萨孜源头。', '', '三级保护', '萨孜湿地长约210米，宽约15—50米，此处水草长势良好，有大小水凼5处，在干涸的河道中显得生机勃勃，湿地上鲜花盛开，有牛羊在沟中享受大自然的美味，周围河道宽50—80米，植被以草地为主，树木稀少，风景优美，该段河谷较开阔，为萨孜源头。', '河道中的洼地，汇水后形成沼泽湿地。', '', '', null, null, null);
INSERT INTO `geolandscape` VALUES ('360', '1', 'JDFY0148', '', '构造地貌', '萨孜峡谷', '', '', '', '', '', '1474', '', '地质体岩性为中元古界泥盆纪英云闪长岩、黑云石英片岩，处于地震断裂带震中东侧。整个峡谷长约8千米，谷底宽10—60米，坡度在30 º—50 º，谷顶部100—150米，峡谷发育泥盆纪英云闪长岩、黑云石英片岩。目前峡谷内水量较小，局部河段干涸。受到大地震影响，河道中堆积有大量地震崩塌物，两岸树木稀少，以松树为主。有水河段植被长势较好，形成了众多河湾湿地景观，有壶穴景观，壶穴大小5—15厘米，深5—8厘米，与青河县交界处有长约850米的草地风光，牛羊成群，景色优美。水流方向由北东流向南西，从青河县流入富蕴。', '', '三级保护', '整个峡谷长约8千米，谷底宽10—60米，坡度在30 º—50 º，谷顶部100—150米，峡谷发育泥盆纪英云闪长岩、黑云石英片岩。目前峡谷内水量较小，局部河段干涸。受到大地震影响，河道中堆积有大量地震崩塌物，两岸树木稀少，以松树为主。有水河段植被长势较好，形成了众多河湾湿地景观，有壶穴景观，壶穴大小5—15厘米，深5—8厘米，与青河县交界处有长约850米的草地风光，牛羊成群，景色优美。水流方向由北东流向南西，从青河县流入富蕴。', '流水侵蚀及构造作用共同形成峡谷。', '', '', null, null, null);
INSERT INTO `geolandscape` VALUES ('361', '1', 'JDFY0263', '', '矿物与矿床', '三号矿观景点', '', '', '', '', '', '0', '', ' ', '', '三级保护', '在观景点可以观赏三号矿坑及可可托海镇全貌。三号矿坑长250米、宽240米、深约140米，形成13层旋环运矿车道，气势壮观，围绕3号矿坑进行的深井疏干排水技术及边坡稳定技术在当时就已超越世界领先水平。矿坑中产生的矿物种类众多，规模巨大，工业价值大，是名副其实的“红色功勋坑”。在观景点还可以观赏掩映在绿树中的可可托海镇及穿镇而过的额尔齐斯河，小镇坐落于山间盆地，景色优美。', ' ', '', '', null, null, null);
INSERT INTO `geolandscape` VALUES ('362', '1', 'JDFY0047', '', '矿物与矿床', '三号伟晶岩矿脉', '', '', '', '', '', '1208', '', '主体走向为西北向，倾向南西。帽高、帽宽均为250米，帽缘直径为2千米，厚20-40米，具有同心环带状构造，钟状体部分由外向内依次划分为9个带：\nⅠ带文象及变文象结构中粗粒伟晶岩带，为次要含铍矿带；\nⅡ带细粒钠长石带，为主要含铍矿带；\nⅢ带块体微斜长石带，为钾长石矿带；\nⅣ带石英-白云母带，含铍矿带；\nⅤ带叶钠长石-锂辉石带，为含铍、钽铌的锂矿带；\nⅥ带石英-锂辉石带，为含铍、钽铍的锂矿带；\nⅦ带白云母-薄片钠长石带，为含锂、铍的钽铌矿带；\nⅧ带锂云母-薄片钠长石带，为含钽铌的锂矿带；\nⅨ带块体石英带（核）', '', '二级保护', '形态独特，呈草帽状。', '阿尔泰山地带在主造山期出现的构造-岩浆-热事件，引起壳层片麻岩的局部重熔，是形成可可托海稀有金属矿床的主导因素。', '', '', null, null, null);
INSERT INTO `geolandscape` VALUES ('363', '1', 'JDFY0048', '', '矿物与矿床', '三号伟晶岩矿脉采矿坑', '', '', '', '', '', '1208', '', '整个矿坑长250米、宽240米，是3号矿脉开采所遗留下来的采矿坑，现已采到深约140米，形成13层环状运矿车道。', '', '二级保护', '气势磅礴，犹如古罗马巨型“斗牛场”。', '3号矿脉开采所遗留下来的采矿坑', '', '', null, null, null);
INSERT INTO `geolandscape` VALUES ('364', '1', 'JDFY0154', '', '象形山石', '山顶剧场', '', '', '', '', '', '1760', '', '此处可看到山顶上有几块造型奇特的岩体，共同组成了石景群，岩体形态有的像动物，有的像城堡，有的像交通工具，远远望去就好似在山顶表演的木偶剧，故取名“山顶剧场”。岩石岩性为华力西期黑云母花岗岩，主要成因为受差异风化剥蚀作用形成。岩石大小长2—6米，宽1—4米，高3—8米。', '', '三级保护', '山顶上有几块造型奇特的岩体，共同组成了石景群，岩体形态有的像动物，有的像城堡，有的像交通工具，远远望去就好似在山顶表演的木偶剧，故取名“山顶剧场”。', '花岗岩岩体较破碎，岩体经风化剥落后形成如城堡等各种象形山石。', '', '', null, null, null);
INSERT INTO `geolandscape` VALUES ('365', '1', 'JDFY0215', '', '钟状花岗岩地貌', '山顶毡房', '', '', '', '', '', '1991', '', '山顶毡房位于阿拉散沟北岸山顶，长80米，宽40米，高60米。由中粒似斑状二云正长花岗岩构成，块状构造，同心层状节理较发育，受寒冻风化作用，边坡上岩块发生崩解垮落形成钟状的山峰，犹如一座巨大的哈萨克牧民毡房，毡房周边生长茂密的松树，牛羊在林中悠闲的吃草，呈现一片和谐美好的牧场风光。山坡坡度60-65°,坡面上生长少量的松树及灌木。', '', '三级保护', '山顶毡房位于阿拉散沟北岸山顶，长80米，宽40米，高60米。犹如一座巨大的哈萨克牧民毡房，毡房周边生长茂密的松树，牛羊在林中悠闲的吃草，呈现一片和谐美好的牧场风光。山坡坡度60-65°,坡面上生长少量的松树及灌木。', '岩体受寒冻风化作用，边坡上岩块发生崩解垮落形成钟状的山峰。', '', '', null, null, null);
INSERT INTO `geolandscape` VALUES ('366', '1', 'JDFY0075', '', '象形山石', '神龟望月', '', '', '', '', '', '1907', '', '位于吐尔河上游北侧山顶，是形似乌龟的奇特象形山石，长6米，宽2米，高1.5米，面朝270°方向。由加里东期英云闪长岩构成，处于可可托海-二台地震断裂带东侧。乌龟头部较细长，背面较滑，主要为黑云斜长花岗岩在寒冻风化作用下沿节理面脱落而形成，周围植被发育。', '', '三级保护', '形似乌龟的奇特象形山石，长6米，宽2米，高1.5米，面朝270°方向。乌龟头部较细长，背面较滑。', '主要为黑云斜长花岗岩在寒冻风化作用下沿节理面脱落而形成。', '', '', null, null, null);
INSERT INTO `geolandscape` VALUES ('367', '1', 'JDFY0218', '', '象形山石', '神鸟戏蛙', '', '', '', '', '', '1680', '', '神鸟戏蛙位于阿拉散沟北岸边坡山顶，长60米，宽8米,高20米。由中粒似斑状二云正长花岗岩构成，块状构造，受寒冻风化作用，表层岩块发生剥落而形成凹坑及孔洞，构成了神鸟的的眼睛、尖嘴和青蛙的眼睛，神鸟头部后侧壳状的岩块如同其收拢的翅膀，青蛙和神鸟相向对视，青蛙想要上山，神鸟挡住了去路，似乎在戏弄青蛙，场面灵动而形象。边坡坡度72°,坡面上生长少量的松树及灌木，植被较稀疏。', '', '三级保护', '长60米，宽8米,高20米。由中粒似斑状二云正长花岗岩构成，块状构造，受寒冻风化作用，表层岩块发生剥落而形成凹坑及孔洞，构成了神鸟的的眼睛、尖嘴和青蛙的眼睛，神鸟头部后侧壳状的岩块如同其收拢的翅膀，青蛙和神鸟相向对视，青蛙想要上山，神鸟挡住了去路，似乎在戏弄青蛙，场面灵动而形象。边坡坡度72°,坡面上生长少量的松树及灌木，植被较稀疏。', '受寒冻风化作用，表层岩块发生剥落而形成象形山石。', '', '', null, null, null);
INSERT INTO `geolandscape` VALUES ('368', '1', 'JDFY0162', '', '变质岩地貌', '神犬石', '', '', '', '', '', '1956', '', '地质体岩性为中元古界斜长片麻岩，处于可可托海-二台断裂西侧3千米。神犬石位于沟谷北侧边坡上，距沟口处约2.8千米，长8米，宽3米，高4米，犬首朝向70°，由斜长片麻岩构成。神犬侧目望向沟谷，敏锐的目光注视着沟谷里的一切动静，守护着沟谷的安宁。坡面上生松树及少量灌木，植被覆盖率较低。', '', '三级保护', '神犬侧目望向沟谷，敏锐的目光注视着沟谷里的一切动静，守护着沟谷的安宁。坡面上生松树及少量灌木，植被覆盖率较低。', '因岩体中垂向及近水平节理裂隙较发育，受差异风化作用形成犬形山石。', '', '', null, null, null);
INSERT INTO `geolandscape` VALUES ('369', '1', 'JDFY0008', '', '象形山石', '神象峰', '', '', '', '', '', '1446', '', '燕山期的巨斑状黑云母花岗岩，因其所含矿物的抗风化能力存在较大差异，而在风化剥蚀过程中形成的钟状花岗岩地貌。', '', '三级保护', '整个山体远观似大象头部，高约90米，峰顶残留的两块岩石为大象耳朵，下方长条状光滑岩体为象鼻，朝向南西方向，长120米，形象逼真，栩栩如生。', '燕山期的巨斑状黑云母花岗岩，因其所含矿物的抗风化能力存在较大差异，而在风化剥蚀过程中形成的钟状花岗岩地貌。', '', '', null, null, null);
INSERT INTO `geolandscape` VALUES ('370', '1', 'JDFY0042', '', '锥状花岗岩地貌', '神鹰峰', '', '', '', '', '', '2418', '', '燕山期的巨斑状黑云母花岗岩，沿节理面脱落而形成的锥状花岗岩地貌。', '', '三级保护', '顶部平坦状岩体与下部锥形山体共同构成一只巨大的老鹰头，故而得名“神鹰峰”。鹰头向北凝望，正视四周，神态威严，栩栩如生。', '燕山期的巨斑状黑云母花岗岩，沿节理面脱落而形成的锥状花岗岩地貌。', '', '', null, null, null);
INSERT INTO `geolandscape` VALUES ('371', '1', 'JDFY0001', '', '钟状花岗岩地貌', '神钟山', '', '', '', '', '', '1359', '', '由燕山期似斑状粗粒二云母花岗岩组成。花岗岩体发育平行山坡面的同心层状节理，因寒冻风化作用，沿节理面不断地拆离崩解垮塌而形成的钟状地貌。', '', '一级保护', '一座如钟如锥的花岗岩奇峰在南岸平地拔起，气势逼人。山体表面形态既圆润平滑，又十分陡峭，还发育好似凝固的巨瀑一样的竖直沟槽。', '花岗岩体发育平行山坡面的同心层状节理，因寒冻风化作用，沿节理面不断地拆离崩解垮塌而形成的钟状地貌。\n', '', '', null, null, null);
INSERT INTO `geolandscape` VALUES ('372', '1', 'JDFY0041', '', '构造地貌', '神钟山峡谷', '', '', '', '', '', '1335', '', '峡谷两岸为由燕山期的巨斑状黑云母花岗岩构成的奇峰，额尔齐斯河从中穿过，河谷两侧为花岗岩崩落形成的石景群。', '', '三级保护', '河水时而湍急，时而舒缓，还生长着白桦树、西伯利亚云杉等树种，俨然一幅动静相宜、生气蓬勃的山水风景画。人游峡谷，在赏画亦在构画。', ' ', '', '', null, null, null);
INSERT INTO `geolandscape` VALUES ('373', '1', 'JDFY0086', '', '水体地貌', '胜利水库', '', '', '', '', '', '1405', '', '地质体岩性为加里东期黑云母斜长花岗岩，处于红山嘴断裂南侧。该点为胜利水库所在位置，该水库为一灌溉用水水库，堤坝长约810米，高15米，宽6米，堤坝坡度约为45°，目估该水库需水量约为1.2×1.8立方米，目前处于枯水期，蓄水量较少，水库中生长着多种野生鱼类，能见当地村民在水库中垂钓。', '', '三级保护', ' ', ' ', '', '', null, null, null);
INSERT INTO `geolandscape` VALUES ('374', '1', 'JDFY0085', '', '水体地貌', '胜利水库湿地', '', '', '', '', '', '1398', '', '地质体岩性为加里东期黑云母斜长花岗岩，处于红山嘴断裂南侧。该点位于胜利水库库尾，为一片生态环境良好的湿地，其中发育多条小型的曲流河，其中植被发育，主要为水草、杨柳等植物，该处湿地为多种野生鸟类提供了天然的栖息地。', '', '三级保护', '一片生态环境良好的湿地，其中发育多条小型的曲流河，其中植被发育，主要为水草、杨柳等植物，该处湿地为多种野生鸟类提供了天然的栖息地。', '由河流上游携带的泥沙在胜利水库库尾沉积形成多条小型的曲流河，其中植被发育，主要为水草、杨柳等植物。', '', '', null, null, null);
INSERT INTO `geolandscape` VALUES ('375', '1', 'JDFY0249', '', '象形山石', '狮子王', '', '', '', '', '', '1399', '', '狮子王位于喀依尔特管护厂大沟管护站东侧上部，长80米、宽60米、高25米，狮子头朝向东方。由似斑状二长花岗岩构成，受寒冻风化作用形成狮形山石，狮鼻及颈部鬃毛清晰可见，犹如一只东方醒狮趴卧在山头，凝望东方，威风凛凛。所处山体边坡坡度45-50°，坡面上植被发育，主要生长松树及灌木。', '', '三级保护', '长80米、宽60米、高25米，狮子头朝向东方，狮鼻及颈部鬃毛清晰可见，犹如一只东方醒狮趴卧在山头，凝望东方，威风凛凛。坡面上植被发育，主要生长松树及灌木。', '由似斑状二长花岗岩构成，受寒冻风化作用形成狮形山石。', '', '', null, null, null);
INSERT INTO `geolandscape` VALUES ('376', '1', 'JDFY0122', '', '象形山石', '狮子崖', '', '', '', '', '', '1583', '', '地质体岩性为印支期中粒似斑状二云正长花岗岩，处于可可托海-二台地震断裂东侧。该点处为一陡崖，在陡崖的中部凸出一形似狮子的象形山石，高约30米，宽约15米，面朝195°方向，顶部岩呈不规则的柱状，像狮子头上的毛发，面部有两个凹坑，呈椭球状，直径约为25厘米，形似其眼睛，眼睛下部一椭圆状凹坑，形似其鼻子，下部岩石沿节理面脱落，形成透镜状凹坑，形似其嘴，下部变细，似其颈部，由二云正长花岗岩在寒冻侵蚀作用下崩离坠落而形成。', '', '三级保护', '形似狮子的象形山石，高约30米，宽约15米，面朝195°方向，顶部岩呈不规则的柱状，像狮子头上的毛发，面部有两个凹坑，呈椭球状，直径约为25厘米，形似其眼睛，眼睛下部一椭圆状凹坑，形似其鼻子，下部岩石沿节理面脱落，形成透镜状凹坑，形似其嘴，下部变细，似其颈部。', '由二云正长花岗岩在寒冻侵蚀作用下崩离坠落而形成。', '', '', null, null, null);
INSERT INTO `geolandscape` VALUES ('377', '1', 'JDFY0235', '', '变质岩地貌', '石材山', '', '', '', '', '', '1428', '', '石材山位于喀依尔提河左岸边坡，坡高15米、宽200米，坡度45°，边坡岩性Pt、S2为黑云母石英片岩，节理产状235°∠54°、325°∠72°，岩体被两组裂隙切割成矩形岩块，长0.4-2.0米、宽0.4-0.8米，如同砖块，当地村民取之用于砌筑房屋和牧圈，为天然石材，故名“石材山”。坡面上生长松树及灌木，植被覆盖率40-50%，此处还可欣赏到两侧喀依尔提河河谷风光。', '', '三级保护', '岩体被两组裂隙切割成矩形岩块，长0.4-2.0米、宽0.4-0.8米，如同砖块，当地村民取之用于砌筑房屋和牧圈，为天然石材，故名“石材山”。坡面上生长松树及灌木，植被覆盖率40-50%，此处还可欣赏到两侧喀依尔提河河谷风光。', '岩体被两组裂隙切割成矩形岩块，如同砖块，当地村民取之用于砌筑房屋和牧圈，为天然石材。', '', '', null, null, null);
INSERT INTO `geolandscape` VALUES ('378', '1', 'JDFY0064', '', '象形山石', '石海', '', '', '', '', '', '1522', '', '位于圭石沟中段，主要由成片的华力西期早期花岗闪长岩组成，处于可可托海-二台断裂东侧。岩石节理发育，由于崩塌和冻溶作用形成了众多的形态各异的象形山石，宛如一片岩石的海洋，有形似乌龟的，有形似鸟类的，极具观赏性。', '', '三级保护', '岩石节理发育，由于崩塌和冻溶作用形成了众多的形态各异的象形山石，宛如一片岩石的海洋，有形似乌龟的，有形似鸟类的，极具观赏性。', '由重力崩塌和冻溶作用形成。', '', '', null, null, null);
INSERT INTO `geolandscape` VALUES ('379', '1', 'JDFY0216', '', '象形山石', '石猴山', '', '', '', '', '', '1860', '', '石猴山位于阿拉散沟北岸山顶，分布范围长200米，宽40米，高30米。由中粒似斑状二云正长花岗岩构成，块状构造，受寒冻风化作用，边坡上岩块发生崩解垮落，并在岩石表面形成凹坑及孔洞，构成了猴子的眼、耳、鼻子及圆润的头部，犹如一只猴子正在山坡上攀爬，头望向西，似乎在寻找自己的同伴。山坡坡度60°,坡面上生长松树及白桦树，植被较发育。', '', '三级保护', '分布范围长200米，宽40米，高30米。由中粒似斑状二云正长花岗岩构成，块状构造，受寒冻风化作用，边坡上岩块发生崩解垮落，并在岩石表面形成凹坑及孔洞，构成了猴子的眼、耳、鼻子及圆润的头部，犹如一只猴子正在山坡上攀爬，头望向西，似乎在寻找自己的同伴。山坡坡度60°,坡面上生长松树及白桦树，植被较发育。', '受寒冻风化作用，边坡上岩块发生崩解垮落，并在岩石表面形成凹坑及孔洞，构成象形山石。', '', '', null, null, null);
INSERT INTO `geolandscape` VALUES ('380', '1', 'JDFY0037', '', '崩塌堆积地貌', '石门', '', '', '', '', '', '1465', '', '石门高5-6米，门底宽4.5米。两块华力西中期的巨厚状灰色花岗岩滚石相对而立，园区公路从中穿过，形似一座天然石门，是崩塌堆积地貌，属于花岗岩地貌。\n', '', '三级保护', ' ', '两块华力西中期的巨厚状灰色花岗岩滚石相对而立，园区公路从中穿过，形似一座天然石门，是崩塌堆积地貌，属于花岗岩地貌。', '', '', null, null, null);
INSERT INTO `geolandscape` VALUES ('381', '1', 'JDFY0183', '', '地质灾害遗迹', '石门崩塌', '', '', '', '', '', '1752', '', '石门崩塌位于喀依尔提河西岸边坡，坡高120-150米，宽300米,坡度75-80°。边坡由中粒似斑状二云正长花岗岩构成，岩体中的垂向及水平节理较发育，受寒冻风化及重力作用，岩块崩落后形成陡峭的山坡。坡脚处堆积大量的岩块，大小0.01-2立方米不等，堆积体长300米，宽6米，厚2-3米，体积3000-4000立方米。坡面上生长少量的西伯利亚云杉及灌木。崩塌毁坏坡脚处的树木，并对简易道路及道路上的行人构成威胁。', '', '三级保护', ' ', '岩体中的垂向及水平节理较发育，受寒冻风化及重力作用，岩块剥落形成崩塌。', '', '', null, null, null);
INSERT INTO `geolandscape` VALUES ('382', '1', 'JDFY0039', '', '冰川堆积地貌', '石门冰碛物', '', '', '', '', '', '1340', '', '为冰川堆积作用形成的冰川堆积地貌。冰碛物由华力西中期的灰色花岗岩组成，个体大小不一，直径较大者约为3-4米，较小者约为10cm。冰碛物堆积层的垂直层高约15m。冰碛物磨圆度较好，偶见次棱角状，分选性差。因受风化作用影响，冰碛物磨蚀面风化现象明显，呈现为桔黄色。', '', '三级保护', ' ', '为冰川堆积作用形成的冰川堆积地貌。\n', '', '', null, null, null);
INSERT INTO `geolandscape` VALUES ('383', '1', 'JDFY0147', '', '构造地貌', '石门断层', '', '', '', '', '', '1778', '', '该点处为断层通过位置，断层面发育擦痕，接触带上岩石破碎，并有石英脉填充。同时该点也是Pt2S2与Pt2K2分界线，断层北东为Pt2K2，为深灰色变粒岩，粒状变晶结构，块状构造，主要由石英、斜长石、黑云母等矿物组成。断层南西为Pt2S2深灰色黑云斜长片麻岩、鳞片变晶结构、片麻状构造，具有定向性。此处为一季节性冲沟，两侧基岩形如石门，故称“石门断层”。', '', '三级保护', ' ', '“富蕴地震”的8级大地震、地震断裂带。', '', '', null, null, null);
INSERT INTO `geolandscape` VALUES ('384', '1', 'JDFY0225', '', '象形山石', '石瀑布', '', '', '', '', '', '1701', '', '石瀑布位于喀依尔提河右岸边坡上，瀑布长200米，宽120米。由中粒似斑状二云正长花岗岩构成，垂向及近水平节理较发育，经寒冻风化作用形成光滑的岩壁，垂向节理裂隙逐步风化剥蚀而形成纵向的沟槽，沟槽受降水的冲刷与侵染，颜色相对较深，如同一道瀑布从山顶直泻而下，气势逼人。边坡坡度为75°，坡面上仅生长少量的灌木。', '', '三级保护', '瀑布长200米，宽120米，如同一道瀑布从山顶直泻而下，气势逼人，坡面上仅生长少量的灌木。', '岩体中垂向及近水平节理较发育，经寒冻风化作用形成光滑的岩壁，如同一道瀑布。', '', '', null, null, null);
INSERT INTO `geolandscape` VALUES ('385', '1', 'JDFY0245', '', '象形山石', '石蛙', '', '', '', '', '', '1494', '', '石蛙位于特斯库沟右岸边坡，长60米、宽20米、高15米，蛙头朝向65°，由似斑状二长花岗岩构成，受寒冻风化作用，在岩石表面形成凹坑，部分岩体剥落后形成蛙形山石，石蛙的眼睛、嘴及腿部清晰可见，如同一只蹲守在从林中的青蛙，时刻等待害虫的出现。边坡上植被十分发育，主要生长松树及白桦树。', '', '三级保护', '岩石表面形成凹坑，部分岩体剥落后形成蛙形山石，石蛙的眼睛、嘴及腿部清晰可见，如同一只蹲守在从林中的青蛙，时刻等待害虫的出现。边坡上植被十分发育，主要生长松树及白桦树。', '受寒冻风化作用，在岩石表面形成凹坑，部分岩体剥落后形成蛙形山石。', '', '', null, null, null);
INSERT INTO `geolandscape` VALUES ('386', '1', 'JDFY0106', '', '变质岩地貌', '石柱丛', '', '', '', '', '', '1679', '', '地质体岩性为黑云母斜长片麻岩，处于红山嘴断裂南侧。该点为黑云斜长片麻岩组成柱状岩石，由多根石柱相互靠拢形成，石柱高矮不一，最高达45米，直径为1.5—5.5米，顶部呈锥状，主要由竖直向下的多组节理经后期的寒冻作用崩离坠落而形成。', '', '三级保护', '由多根石柱相互靠拢形成，石柱高矮不一，最高达45米，直径为1.5—5.5米，顶部呈锥状。', '主要由竖直向下的多组节理经后期的寒冻作用崩离坠落而形成。', '', '', null, null, null);
INSERT INTO `geolandscape` VALUES ('387', '1', 'JDFY0059', '', '水体地貌', '时光瀑布', '', '', '', '', '', '1383', '', '地质体岩性为华力西早期中粒花岗闪长岩，处于可可托海-二台断裂东侧。瀑布发育在朔涅克峡谷，落差约5.5米，最大宽度约为2米，上下端较宽，约为1.5—2米，中部较窄，宽仅0.3米，形似古代计时用的沙漏，流水呈片状，水质清澈，流量约为5L／S,坡度为31°。', '', '三级保护', '瀑布发育在朔涅克峡谷，落差约5.5米，最大宽度约为2米，上下端较宽，约为1.5—2米，中部较窄，宽仅0.3米，形似古代计时用的沙漏，流水呈片状，水质清澈，流量约为5L／S,坡度为31°。', '流水流经花岗岩陡坎落差突然增大形成。', '', '', null, null, null);
INSERT INTO `geolandscape` VALUES ('388', '1', 'JDFY0199', '', '象形山石', '双鹰展翅', '', '', '', '', '', '1880', '', '双鹰展翅位于喀依尔提河西岸山顶，两只雄鹰站立于山顶，一只雄鹰展翅欲飞，另一只鹰望向欲飞的雄鹰，也准备立即起飞，其分布范围长400米，宽200米。由中粒似斑状二云正长花岗岩构成，受寒冻风化作用形成钟状山峰，构成了雄鹰大而有力的翅膀，山峰间突起的岩块则构成了鹰的头部，巧妙地勾勒出一幅双鹰展翅欲翱翔蓝天的画卷。山体坡度约45-60°,坡面植被较发育，主要生长松树及白桦树等树种。', '', '三级保护', '两只雄鹰站立于山顶，一只雄鹰展翅欲飞，另一只鹰望向欲飞的雄鹰，也准备立即起飞，其分布范围长400米，宽200米。受寒冻风化作用形成钟状山峰，构成了雄鹰大而有力的翅膀，山峰间突起的岩块则构成了鹰的头部，巧妙地勾勒出一幅双鹰展翅欲翱翔蓝天的画卷。山体坡度约45-60°,坡面植被较发育，主要生长松树及白桦树等树种。', '花岗岩山体受寒冻风化作用形成钟状山峰，构成了雄鹰大而有力的翅膀，山峰间突起的岩块则构成了鹰的头部。', '', '', null, null, null);
INSERT INTO `geolandscape` VALUES ('389', '1', 'JDFY0081', '', '水体地貌', '水源保护区', '', '', '', '', '', '1503', '', '该点位于水源保护区上游，水草茂盛，用栅栏进行圈闭，并设立了标志牌，为国家二级水源保护区，水质清澈，流量约为0.2立方米／秒，水温约为4℃，周围植被发育，生态环境良好。地质体岩性为加里东期黑云母斜长花岗岩，处于红山嘴断裂南侧。', '', '三级保护', '水草茂盛，用栅栏进行圈闭，并设立了标志牌，为国家二级水源保护区，水质清澈，流量约为0.2立方米／秒，水温约为4℃，周围植被发育，生态环境良好。', '冰雪融水与地下水汇聚而成。', '', '', null, null, null);
INSERT INTO `geolandscape` VALUES ('390', '1', 'JDFY0082', '', '水体地貌', '水源保护区湿地', '', '', '', '', '', '1469', '', '地质体岩性为加里东期黑云母斜长花岗岩，处于红山嘴断裂南侧。该点为二级水源保护区内的湿地，水草茂盛，由于保护较好，湿地沿吐尔洪河一直延伸到团结水库上游，湿地内水质清澈，水流量约为0.2立方米／秒，水温约为4℃，在湿地内的河流中生长着多种野生鱼类，在水草中生长着多种水鸟，生态环境优美。', '', '三级保护', '水草茂盛，由于保护较好，湿地沿吐尔洪河一直延伸到团结水库上游，湿地内水质清澈，水流量约为0.2立方米／秒，水温约为4℃，在湿地内的河流中生长着多种野生鱼类，在水草中生长着多种水鸟，生态环境优美。', '冰雪融水与地下水汇聚而成。', '', '', null, null, null);
INSERT INTO `geolandscape` VALUES ('391', '1', 'JDFY0036', '', '构造地貌', '朔涅克峡谷', '', '', '', '', '', '1340', '', '峡谷发育于华力西中期的灰色混合花岗岩、花岗岩中。因花岗岩所含矿物的抗风化能力存在较大差异，故而在风化作用过程中，峡谷两岸绝壁上形成了零星分布的“佛龛”地貌。\n', '', '三级保护', '湍急的水流跳跃、撞击着巨石，一路欢歌，谷中次生林较发育，树种多为桦树、柏树、杉树等，整个峡谷幽深，两岸对峙，气势雄伟，惊心动魄，可寻幽探秘。', ' ', '', '', null, null, null);
INSERT INTO `geolandscape` VALUES ('392', '1', 'JDFY0132', '', '构造地貌', '苏尔特峡谷', '', '', '', '', '', '1360', '', '地质体岩性为华力西期黑云母花岗闪长岩，处于可可托海-二台地震断裂东侧。该峡谷全长约为10千米，公园内约为6千米，谷底宽50—300米，坡度约为15°—50°，谷底有流水通过，两侧树木环绕，主要分布为桦树、松树等，植被发育旺盛，覆盖率较高，生态环境良好，流水宽度约为0.5米—2米，出露岩性以花岗岩、片麻岩为主。', '', '三级保护', '峡谷全长约为10千米，公园内约为6千米，谷底宽50—300米，坡度约为15°—50°，谷底有流水通过，两侧树木环绕，主要分布为桦树、松树等，植被发育旺盛，覆盖率较高，生态环境良好，流水宽度约为0.5米—2米。', '由构造抬升和流水侵蚀下切作用形成。', '', '', null, null, null);
INSERT INTO `geolandscape` VALUES ('393', '1', 'JDFY0243', '', '象形山石', '塔布塔依石景群', '', '', '', '', '', '1395', '', '石景群位于塔布塔依村东侧的边坡上，分布范围长400米，宽80米，边坡坡度40-50°，有黑云石英片岩构成，垂向及近水平的节理较发育，经寒冻风化作用，在岩体表面形成凹坑及孔洞，剥落后形成残余的岩体突出坡面，构成各种形态各异的象形山石，如青蛙、小鸟、牧羊犬、绵羊，大小形态各异，令人惊叹。边坡上植被稀疏，仅生长少量的灌木。在此处游览石景群还可以欣赏到塔布塔依村特色村庄及田园风光。', '', '三级保护', '岩体表面形成凹坑及孔洞，剥落后形成残余的岩体突出坡面，构成各种形态各异的象形山石，如青蛙、小鸟、牧羊犬、绵羊，大小形态各异，令人惊叹。边坡上植被稀疏，仅生长少量的灌木。在此处游览石景群还可以欣赏到塔布塔依村特色村庄及田园风光。', '岩体中垂向及近水平的节理较发育，经寒冻风化作用，在岩体表面形成凹坑及孔洞，剥落后形成残余的岩体突出坡面，构成各种形态各异的象形山石。', '', '', null, null, null);
INSERT INTO `geolandscape` VALUES ('394', '1', 'JDFY0158', '', '冰川堆积地貌', '塔孜比克冰川堆积地貌', '', '', '', '', '', '1826', '', '位于公园北侧，分布于喀依尔提河西侧。由冰川的堆积作用形成。冰碛物大小不一，最大直径3.8米，最小约15厘米，冰碛物堆积层的垂直层高约10米，冰碛物磨圆较好，在此处可远观冰斗景观，现有牧民临时搭建的毡房和边防哨所。主要由2期形态较为完整的冰碛物组成，由上向下，第一阶高3—8米，宽约150米，有少量砾石堆积，第二阶高约2—4米，宽约400米，有大量砾石堆积，岩性以中粗粒黑云母花岗岩为主。', '', '三级保护', ' ', '由寒冻风化和冰川作用形成的碎屑物质，经冰川搬运和直接堆积。含有砾石和巨大的漂砾。', '', '', null, null, null);
INSERT INTO `geolandscape` VALUES ('395', '1', 'JDFY0157', '', '水体地貌', '塔孜比克两河口', '', '', '', '', '', '1786', '', '地质体岩性为加里东期中粗粒黑云母花岗岩，处于红山嘴断裂北侧。此处为西沟上游最大的两条支沟交汇处，汇合后水流由北向南流，一条支沟宽约6米，另一条宽约10米，汇合后达12米以上，水流量12立方米／秒。河流两侧植被发育较好，水质清澈见底，水温约7℃。总形态呈“Y”形。', '', '三级保护', ' ', '受寒冻风化作用，花岗岩主要沿平行于坡面的节理发生崩解垮落而形成钟状花岗岩山峰，边坡陡峭面圆润光滑。', '', '', null, null, null);
INSERT INTO `geolandscape` VALUES ('396', '1', 'JDFY0159', '', '变质岩地貌', '坦克上山', '', '', '', '', '', '1986', '', '地质体岩性为华力西期早期中粒英云闪长岩，处于可可托海-二台断裂西侧5公里。坦克呈灰褐色，坡面上突起的岩体形如一辆向上行驶的坦克，坦克朝向245°，长100米，宽60米，高13米。坦克前方两侧条带状岩体犹如履带清晰可见。坦克穿行于茂密的森林中，前进之势锐不可挡。', '', '三级保护', '坦克呈灰褐色，坡面上突起的岩体形如一辆向上行驶的坦克，坦克朝向245°，长100米，宽60米，高13米。坦克前方两侧条带状岩体犹如履带清晰可见。坦克穿行于茂密的森林中，前进之势锐不可挡。', '因受差异风化剥蚀作用，坡面上表层岩体风化剥落，残余的岩体形成外观似坦克的象形山石。', '', '', null, null, null);
INSERT INTO `geolandscape` VALUES ('397', '1', 'JDFY0244', '', '地方性标志剖面', '特尔库Pt2S2与Cηγ接触界线', '', '', '', '', '', '1535', '', '界线北东为黑云石英片岩，黑褐色，细粒变晶结构，似层状构造，产状238°∠66°。南西为粗粒似斑状二长花岗岩，灰褐色，块状构造，矿物成分主要为正长石、斜长石、石英、黑云母等。界线走向310°，两者为侵入关系。界线两侧岩体受风化剥蚀作用，节理裂隙较发育，岩石较破碎。坡面上植被较发育，生长松树及灌木。', '', '三级保护', ' ', 'Pt2S2与Cηγ两者为侵入关系。', '', '', null, null, null);
INSERT INTO `geolandscape` VALUES ('398', '1', 'JDFY0246', '', '风景河段', '特斯库风景河段', '', '', '', '', '', '1452', '', '特斯库风景河段位于特斯库沟中段，河谷宽40-50米，长约4千米。河谷两侧坡面上生长松树、桦树等树木，植被较发育，生态环境良好。特斯库河水自东向西径流，水色清澈，水量约150-200立方米/小时，流水哗哗声在山谷中十分响亮。河床分布漂卵砾石，磨圆及分选一般。河谷两侧山体高耸，坡度40-60°，出露岩性为似斑状二长花岗岩，块状构造，受寒冻风化 ，在河谷两侧形成锥状或钟山花岗岩山峰，山水风光十分优美。', '', '三级保护', '河谷宽40-50米，长约4千米。河谷两侧坡面上生长松树、桦树等树木，植被较发育，生态环境良好。流水哗哗声在山谷中十分响亮。在河谷两侧形成锥状或钟山花岗岩山峰，山水风光十分优美。', ' ', '', '', null, null, null);
INSERT INTO `geolandscape` VALUES ('399', '1', 'JDFY0250', '', '构造地貌', '特斯库峡谷', '', '', '', '', '', '1360', '', '特斯库峡谷全长约15千米，上游谷底宽15-20米，谷口处宽150米，深度120-200米，峡谷两侧出露岩性主要为似斑状二长花岗岩和黑云母片岩为主，受风化剥蚀作用，在峡谷两侧形成锥状花岗岩山峰。特斯库河从峡谷中自东向西径流，流量约80-100米3/h，水色清澈。峡谷中植被覆盖率较高，生态环境好，主要生长白桦树，西伯利亚云衫等树种。', '', '三级保护', '特斯库峡谷全长约15千米，上游谷底宽15-20米，谷口处宽150米，深度120-200米。在峡谷两侧形成锥状花岗岩山峰。特斯库河从峡谷中自东向西径流，流量约80-100米3/h，水色清澈。峡谷中植被覆盖率较高，生态环境好，主要生长白桦树，西伯利亚云衫等树种。', '因山体构造上升及流水侵蚀共同作用而形成深而狭窄的河谷。', '', '', null, null, null);
INSERT INTO `geolandscape` VALUES ('400', '1', 'JDFY0212', '', '变质岩地貌', '天然滑梯', '', '', '', '', '', '1820', '', '天然滑梯位于阿拉散沟北岸边坡，共分为两级：第一级高50米，第二级高30米，坡面十分光滑，滑梯宽度80米。由花岗闪长岩构成，黑褐色，块状构造，岩体中平行于坡面的同心层状节理较发育，受寒冻风化作用，表层崩解垮落而形成圆润光滑的坡面，边坡坡度65°,如同一部天然的滑梯。坡面上植被稀疏，生长少量的松树及灌木。', '', '三级保护', '天然滑梯位于阿拉散沟北岸边坡，共分为两级：第一级高50米，第二级高30米，坡面十分光滑，滑梯宽度80米。坡面上植被稀疏，生长少量的松树及灌木。', '岩体中平行于坡面的同心层状节理较发育，受寒冻风化作用，表层崩解垮落而形成圆润光滑的坡面。', '', '', null, null, null);
INSERT INTO `geolandscape` VALUES ('401', '1', 'JDFY0195', '', '象形山石', '天然画廊', '', '', '', '', '', '1647', '', '天然画廊分布于喀依尔提河西岸边坡，长1000米，高200米，坡度45-70°,由中粒似斑状二云正长花岗岩构成，形成了钟状、锥状、穹状花岗岩地貌，如同一幅天然的山水画廊。坡面上基岩裸露，生长少量的的松树及白桦树，与河流一起组成了一幅天然的山水画廊。', '', '三级保护', '天然画廊分布于喀依尔提河西岸边坡，长1000米，高200米，坡度45-70°,形成了钟状、锥状、穹状花岗岩地貌，如同一幅天然的山水画廊。坡面上基岩裸露，生长少量的的松树及白桦树，与河流一起组成了一幅天然的山水画廊。', '花岗岩岩体受寒冻风化作用，形成了钟状、锥状、穹状花岗岩地貌组合。', '', '', null, null, null);
INSERT INTO `geolandscape` VALUES ('402', '1', 'JDFY0066', '', '板状花岗岩地貌', '天梯', '', '', '', '', '', '1423', '', '处于可可托海-二台断裂东侧，由华力西期早期片麻状花岗岩组成，总共9级，阶梯高度0.6—3米，阶面1—6米，由岩石流面构造经后期的风化剥蚀和流水侵蚀作用形成，面理产状195°∠14°，表面发育有波浪状的冲沟。', '', '三级保护', '总共9级，阶梯高度0.6—3米，阶面1—6米，由岩石流面构造经后期的风化剥蚀和流水侵蚀作用形成，面理产状195°∠14°，表面发育有波浪状的冲沟。', '由岩石流面构造经后期的风化剥蚀和流水侵蚀作用形成。', '', '', null, null, null);
INSERT INTO `geolandscape` VALUES ('403', '1', 'JDFY0084', '', '水体地貌', '铁尔斯克瀑布', '', '', '', '', '', '1443', '', '地质体岩性为加里东期黑云母斜长花岗岩，处于红山嘴断裂南侧。该处为团结水库泄洪渠形成的人工瀑布，水为三级落差约为15米，第一级为3米，第二级约为10米，第三级约为2米，瀑布宽约6米，流量约为1.2立方米／秒，水质清澈，形成洁白的浪花，声音清脆，极具美学观赏价值。', '', '三级保护', '该处为团结水库泄洪渠形成的人工瀑布，水为三级落差约为15米，第一级为3米，第二级约为10米，第三级约为2米，瀑布宽约6米，流量约为1.2立方米／秒，水质清澈，形成洁白的浪花，声音清脆，极具美学观赏价值。', '为团结水库泄洪渠形成的。', '', '', null, null, null);
INSERT INTO `geolandscape` VALUES ('404', '1', 'JDFY0240', '', '构造地貌', '铁买克盆地', '', '', '', '', '', '1399', '', '断陷盆地沿喀依尔提河两岸分布，分布宽度为1千米，长度约12千米。由洪积卵砾石及亚砂土构成，为当地主要种植区，种植农作物主要为小麦，其他为牧草地，至8月麦子成熟时，整个河谷一片金黄。该断陷盆地因可可托海一卡拉吴格尔大断裂而形成，第四纪以来他们仍处于活跃阶段，以显著的右旋走滑运动为特色，其走滑幅度在12千米以上，由于断裂东侧急骤往南移动，使区内形成拉张型串珠状分布的第四纪盆地，铁买克断裂盆地、伊木雷湖断陷盆地、吐尔洪断陷盆地。断陷盆地地形平坦，第四系松散堆积物厚度较大，为当地主要的农业种植区。', '', '三级保护', '为当地主要种植区，种植农作物主要为小麦，其他为牧草地，至8月麦子成熟时，整个河谷一片金黄。', '该断陷盆地因可可托海一卡拉吴格尔大断裂而形成，由于断裂东侧急骤往南移动，使区内形成拉张型串珠状分布的第四纪盆地，铁买克断裂盆地、伊木雷湖断陷盆地、吐尔洪断陷盆地。', '', '', null, null, null);
INSERT INTO `geolandscape` VALUES ('405', '1', 'JDFY0052', '', '象形山石', '铁买克石景群', '', '', '', '', '', '1208', '', '岩石呈低矮状成片分布，分布面积为0.2平方千米，个体棱角分明，形象各异，种类多样，极具观赏价值。它是华力西中期的灰色花岗岩，因其所含矿物的抗风化能力存在较大差异而形成的象形山石群，属于花岗岩地貌。岩石表面发育凹腔、洞穴。\n', '', '三级保护', '个体棱角分明，形象各异，种类多样，极具观赏价值。在此游览石景群可远观伊雷木湖全景和湖滨田园风光。', '它是华力西中期的灰色花岗岩，因其所含矿物的抗风化能力存在较大差异而形成的象形山石群，属于花岗岩地貌。\n', '', '', null, null, null);
INSERT INTO `geolandscape` VALUES ('406', '1', 'JDFY0251', '', '构造地貌', '铁美克峡谷', '', '', '', '', '', '1295', '', '铁美克峡谷全长1.4千米，谷底宽20-30米，深80-150米，呈u形，峡谷两侧出露片岩，峡谷边坡45-60°，坡面上基岩裸露，植被稀疏，生长少量的灌木，峡谷谷底以植物为主，覆盖率30-40%，峡谷内水量较小，流量约8米3/h。峡谷两侧片岩中垂向节理较发育，受寒冻风化作用，岩石剥落并堆积于坡面及坡脚处，部分残留的岩体凸出坡面。峡谷底部植被发育，牛羊成群，生态环境较好。', '', '三级保护', '峡谷底部植被发育，牛羊成群，生态环境较好。', '因山体构造上升及流水侵蚀共同作用而形成深而狭窄的河谷。', '', '', null, null, null);
INSERT INTO `geolandscape` VALUES ('407', '1', 'JDFY0072', '', '风景河段', '吐尔洪河水源地', '', '', '', '', '', '1905', '', '地质体岩性为加里东期英云闪长岩，处于可可托海-二台地震断裂带东侧。此处位于吐尔洪河源头，有大量的花岗岩转石堆积，多呈棱角一次棱角状，谷底较为狭窄，宽度10—30米，水质清澈，符合饮用水标准，周围植被较为发育，生态环境良好。', '', '三级保护', '位于吐尔洪河源头，有大量的花岗岩转石堆积，多呈棱角一次棱角状，谷底较为狭窄，宽度10—30米，水质清澈，符合饮用水标准，周围植被较为发育，生态环境良好。', '由地下水和冰雪融水侵蚀堆积作用形成。', '', '', null, null, null);
INSERT INTO `geolandscape` VALUES ('408', '1', 'JDFY0056', '', '构造地貌', '吐尔洪盆地', '', '', '', '', '', '1359', '', '吐尔洪盆地是阿尔泰山山间盆地，主要由古生界沉积变质岩系与华里西中期的花岗闪长岩及第四系松散堆积物构成。它是由于二台断裂的右旋走滑活动，而在可可托海-二台断裂谷内发育的构造盆地。其与喀依尔特盆地、可可托海盆地呈串珠状分布，面积均为100平方千米左右，排列方向与断裂走向一致。盆地西侧有断裂控制，东侧形态不规则。\n', '', '三级保护', ' ', '吐尔洪盆地是阿尔泰山山间盆地，是由于二台断裂的右旋走滑活动，而在可可托海-二台断裂谷内发育的构造盆地。', '', '', null, null, null);
INSERT INTO `geolandscape` VALUES ('409', '1', 'JDFY0227', '', '古地震遗迹', '吐尔洪盆地2', '', '', '', '', '', '1377', '', '该处为一盆地，面积约为25平方千米，主要为庄稼地和哈萨克族聚居地，种植农作物主要为小麦和草料，哈萨克族聚居村落，民族特色鲜明，具有浓厚的民俗气息，该盆地为一断陷盆地，在后期流水搬运沉积而形成。地质体岩性为加里东期黑云母斜长花岗岩，处于红山嘴断裂南侧。', '', '二级保护', '主要为庄稼地和哈萨克族聚居地，种植农作物主要为小麦和草料，哈萨克族聚居村落，民族特色鲜明，具有浓厚的民俗气息。', '由可可托海-二台地震断裂带形成断陷盆地。', '', '', null, null, null);
INSERT INTO `geolandscape` VALUES ('410', '1', 'JDFY0095', '', '水体景观', '团结水库', '', '', '', '', '', '1441', '', '地质体岩性为加里东期黑云母斜长花岗岩,处于红山嘴断裂南侧。该点为团结水库所在位置，调查时处于枯水期，接近干涸，堤坝长约180米，坝高约为10米，由于多年未清理，已被河沙和淤泥充填，使库容量急剧减少，目前库容量约为53立方米，目前水库中发育较多的水草，具有一定的观赏价值。', '', '三级保护', ' ', ' ', '', '', null, null, null);
INSERT INTO `geolandscape` VALUES ('411', '1', 'JDFY0252', '', '构造地貌', '托逊萨依峡谷', '', '', '', '', '', '1330', '', '托逊萨依峡谷全长约3千米，谷底宽15-20米，深60-120米。峡谷两侧山体由片岩构成，边坡45-60°，边坡上基岩裸露，生长少量低矮灌木。峡谷两侧山体由片岩构成，表层风化作用强烈，岩石较破碎，节理裂隙发育，坡面上经剥落后残余的岩体突出坡面，形成低矮的峰丛，形态不规则。谷底分布第四系松散层，草木植被较发育，覆盖率25-30%，峡谷内水量较小，流量约5-8米3/h。经洪水冲蚀，在谷底第四系松散层中形成宽3-5米，深2.5-3米的沟槽。峡谷内分布白色毡房，与绿色的草场构成秀美的牧场风光。', '', '三级保护', '托逊萨依峡谷全长约3千米，谷底宽15-20米，深60-120米。峡谷生长少量低矮灌木。谷底分布第四系松散层，草木植被较发育，覆盖率25-30%，峡谷内水量较小，流量约5-8米3/h。经洪水冲蚀，在谷底第四系松散层中形成宽3-5米，深2.5-3米的沟槽。峡谷内分布白色毡房，与绿色的草场构成秀美的牧场风光。', '因山体构造上升及流水侵蚀共同作用而形成深而狭窄的河谷。', '', '', null, null, null);
INSERT INTO `geolandscape` VALUES ('412', '1', 'JDFY0168', '', '变质岩地貌', '万卷书', '', '', '', '', '', '1840', '', '地质体岩性为石炭系泥质板岩，处于红山嘴断裂北侧。万卷书位于喀拉卓勒沟北岩边坡，岩体中垂向节理裂隙较发育，岩体风化为片状，如一片片展开的书页，部分岩块剥落堆积于坡脚，如同撕掉的书页。分布范围长90米，宽20米，高60-80米。坡面上生长低矮的灌木，山顶生长少量的松树。', '', '三级保护', '如一片片展开的书页，部分岩块剥落堆积于坡脚，如同撕掉的书页。分布范围长90米，宽20米，高60-80米。坡面上生长低矮的灌木，山顶生长少量的松树。', '岩体沿垂向节理风化为片状', '', '', null, null, null);
INSERT INTO `geolandscape` VALUES ('413', '1', 'JDFY0074', '', '崩塌堆积地貌', '望母石', '', '', '', '', '', '1985', '', '处于可可托海-二台地震断裂带东侧，为一块孤立的由加里东期英云闪长岩构成的象形石，高约2.2米，宽1.7米，一侧呈尖棱状，形似鸟嘴，两侧有2个溶蚀凹坑形成两只鸟眼，朝向285°，微向上，形似一只嗷嗷待哺的小鸟，等待母亲的喂食。主要由花岗岩在寒冻和冰雪的侵蚀崩离坠落形成。', '', '三级保护', '高约2.2米，宽1.7米，一侧呈尖棱状，形似鸟嘴，两侧有2个溶蚀凹坑形成两只鸟眼，朝向285°，微向上，形似一只嗷嗷待哺的小鸟，等待母亲的喂食。', '主要由花岗岩在寒冻和冰雪的侵蚀崩离坠落形成。', '', '', null, null, null);
INSERT INTO `geolandscape` VALUES ('414', '1', 'JDFY0260', '', '采矿遗迹', '尾矿库', '', '', '', '', '', '1245', '', '尾矿库位于萨尔布拉克沟沟口处，分布范围长300米、宽200米，主要堆放选矿后产生的尾矿渣，呈乳白色，松软糊状。尾矿库中心为澄清的水体，尾水循环利用。尾矿坝为混凝土重力坝，坝高10米、长350米。尾矿库四周布设围栏，高1.6米。尾矿中含有选矿添加的药剂，其中的有害成分可能对周边环境产生一定的影响。', '', '三级保护', ' ', '由选矿产生的尾矿堆放而形成。', '', '', null, null, null);
INSERT INTO `geolandscape` VALUES ('415', '1', 'JDFY0230', '', '象形山石', '卧虎山', '', '', '', '', '', '1605', '', '卧虎山位于喀依尔特河东岸，长300米，宽60米，高100米。由黑云母花岗岩构成，岩体中垂向及进水平节理较发育，受寒冻风化作用形成的凹坑及孔洞构成的虎头上的眼睛、鼻子及耳朵。虎头朝向南，犹如一只猛虎卧于山林之中，虎目微睁，屏息凝神，尽显山林之王的本色。坡面上生长少量的松树及灌木，覆盖率30-40%。', '', '三级保护', '长300米，宽60米，高100米。由黑云母花岗岩构成，岩体中垂向及进水平节理较发育，受寒冻风化作用形成的凹坑及孔洞构成的虎头上的眼睛、鼻子及耳朵。虎头朝向南，犹如一只猛虎卧于山林之中，虎目微睁，屏息凝神，尽显山林之王的本色。坡面上生长少量的松树及灌木，覆盖率30-40%', '岩体中垂向及进水平节理较发育，受寒冻风化作用形成似虎头的山峰。', '', '', null, null, null);
INSERT INTO `geolandscape` VALUES ('416', '1', 'JDFY0238', '', '变质岩地貌', '卧驼石', '', '', '', '', '', '1420', '', '卧驼石位于喀依尔提河东岸山顶，长8米、宽3米、高4米，由黑云石英片岩构成，垂向节理发育，经寒冻风化作用形成一峰卧在山头的骆驼，驼头略向上抬，望向西南的喀依尔提河河谷，骆驼的头部及颈部十分形象，似乎是吃饱喝足之后，卧在河边山顶上，悠闲的欣赏山水风光，享受难得的清静。坡面上植被稀疏，仅生长着少量低矮的灌木。', '', '三级保护', '卧在山头的骆驼，驼头略向上抬，望向西南的喀依尔提河河谷，骆驼的头部及颈部十分形象，似乎是吃饱喝足之后，卧在河边山顶上，悠闲的欣赏山水风光，享受难得的清静。坡面上植被稀疏，仅生长着少量低矮的灌木。', '岩体中垂向节理发育，经寒冻风化作用形成一峰卧在山头的骆驼。', '', '', null, null, null);
INSERT INTO `geolandscape` VALUES ('417', '1', 'JDFY0193', '', '构造地貌', '乌勒肯昆克依特峡谷', '', '', '', '', '', '1620', '', '乌勒肯昆克依特峡谷全长7.5千米，谷底宽度15-25米，深度120-200米。峡谷两侧边坡坡度45-55°,出露岩性为中粒似斑状二云正长花岗岩，钟状及锥状花岗岩地貌较发育，谷底出露岩性为漂卵石，呈次棱角状及次圆状，磨圆及分选一般。乌勒肯昆克依特河从峡谷中流过，水面宽度8-15米，向西径流，水色清澈，流量约300-400立方米/时，峡谷中生态环境好，植被覆盖率高，主要生长西伯利亚云杉、白桦树等树种。', '', '三级保护', '乌勒肯昆克依特峡谷全长7.5千米，谷底宽度15-25米，深度120-200米。峡谷两侧边坡坡度45-55°,出露岩性为中粒似斑状二云正长花岗岩，钟状及锥状花岗岩地貌较发育，谷底出露岩性为漂卵石，呈次棱角状及次圆状，磨圆及分选一般。乌勒肯昆克依特河从峡谷中流过，水面宽度8-15米，向西径流，水色清澈，流量约300-400立方米/时，峡谷中生态环境好，植被覆盖率高，主要生长西伯利亚云杉、白桦树等树种。', '流水侵蚀及构造作用共同形成窄而深的峡谷，峡谷两侧分布花岗岩奇峰，植被发育，风景优美。', '', '', null, null, null);
INSERT INTO `geolandscape` VALUES ('418', '1', 'JDFY0242', '', '构造地貌', '乌鲁呼特峡谷', '', '', '', '', '', '1540', '', '乌鲁呼特峡谷全长7.0千米，谷底宽10.15米，深120-150米。峡谷两侧山体由黑云石英片岩构成，边坡坡度40-65°。坡面上生长松树及灌木，覆盖率40-50%，谷口处堆大量的漂卵砾石，砾径5-40厘米，大者达80厘米，次圆状。沟谷内河水向南西径流，流量约30-40米3/小时，水色清澈。峡谷两侧奇峰耸立，峡谷沟口段为岩石崩落形成的石景群。峡谷中植被较发育，生态环境好。', '', '三级保护', '沟谷内河水向南西径流，水色清澈。峡谷两侧奇峰耸立，峡谷沟口段为岩石崩落形成的石景群。峡谷中植被较发育，生态环境好。', '因山体构造上升及流水侵蚀共同作用而形成深而狭窄的河谷。', '', '', null, null, null);
INSERT INTO `geolandscape` VALUES ('419', '1', 'JDFY0125', '', '水体地貌', '吾萨依瀑布', '', '', '', '', '', '1507', '', '地质体岩性为印支期中粒似斑状二云正长花岗岩，位于可可托海-二台地震断裂带东侧。该点为一瀑布，宽约12米，落差约为4.5米，上游水面较宽，水流较缓，在瀑布形成处水面突然变窄，水流奔泻而下，在下部形成洁白的浪花，在底部形成一个水潭，面积约为25平方米，瀑布水流声音清脆响亮，水流量约为3立方米／秒，水质清澈，水温度约为4℃，瀑布陡坎主要由二云正长花岗岩在流水侵蚀作用下，沿节理面崩离而形成。', '', '三级保护', '该点为一瀑布，宽约12米，落差约为4.5米，上游水面较宽，水流较缓，在瀑布形成处水面突然变窄，水流奔泻而下，在下部形成洁白的浪花，在底部形成一个水潭，面积约为25平方米，瀑布水流声音清脆响亮，水流量约为3立方米／秒，水质清澈，水温度约为4℃。', '瀑布陡坎主要由二云正长花岗岩在流水侵蚀作用下，沿节理面崩离而形成。', '', '', null, null, null);
INSERT INTO `geolandscape` VALUES ('420', '1', 'JDFY0197', '', '锥状花岗岩地貌', '五指峰', '', '', '', '', '', '1685', '', '五指峰位于喀依尔提河东岸，由五座高低不一的山峰组成，犹如人手的五指，被当地牧民称为五指峰，分布宽度200米，长度270米，边坡坡度65°,由中粒似斑状二云正长花岗岩构成，岩体中垂向节理较发育，受寒冻风化作用，岩块发生崩解垮落而形成锥状花岗岩山峰，形如细长的手指，坡面生长松树及白桦树，植被较发育。喀依尔提河由五指峰下流过，由北向南径流，水色清澈。', '', '三级保护', '五指峰位于喀依尔提河东岸，由五座高低不一的山峰组成，犹如人手的五指，被当地牧民称为五指峰，分布宽度200米，长度270米，边坡坡度65°,形如细长的手指，坡面生长松树及白桦树，植被较发育。喀依尔提河由五指峰下流过，由北向南径流，水色清澈。', '岩体中垂向节理较发育，受寒冻风化作用，岩块发生崩解垮落而形成锥状花岗岩山峰，形如细长的手指。', '', '', null, null, null);
INSERT INTO `geolandscape` VALUES ('421', '1', 'JDFY0198', '', '钟状花岗岩地貌', '西沟小钟山', '', '', '', '', '', '1820', '', '位于喀依尔提河西岸，高约140米，上部直径约40米，下部直径约90米。由中粒似斑状二云正长花岗岩构成，山体表面形态既圆润光滑，又十分陡峭，边坡坡度75°,主要是岩体中平行于坡面的同心层状节理较发育，受寒冻风化作用，花岗岩体主要沿平行于坡面的同心层状节理发生崩解垮落而形成钟状山峰，坡面上发育纵向的浅槽。坡面生长少量的松树及白桦树，植被稀疏。由于外形酷似一座巨形哈萨克毡房，被叫做“巨毡峰”。', '', '三级保护', '高约140米，上部直径约40米，下部直径约90米。山体表面形态既圆润光滑，又十分陡峭，边坡坡度75°,坡面生长少量的松树及白桦树，植被稀疏。由于外形酷似一座巨形哈萨克毡房，被叫做“巨毡峰”。', '岩体中平行于坡面的同心层状节理较发育，受寒冻风化作用，花岗岩体主要沿平行于坡面的同心层状节理发生崩解垮落而形成钟状山峰。', '', '', null, null, null);
INSERT INTO `geolandscape` VALUES ('422', '1', 'JDFY0236', '', '变质岩地貌', '犀牛石', '', '', '', '', '', '1560', '', '犀牛石位于喀依尔提河左岸，长80米、宽40米、高10米，头朝向北。由黑云石英片岩构成，垂向节理较发育，经寒冻风化作用形成犀牛状象形山石，犀牛的犄角，粗糙的表皮，圆滚得身体都十分神似，活灵活现，似在山顶安静的吃草，体型强壮，威武不可侵犯。边坡上基岩出露，植被稀疏，生长少量低矮的灌木，坡脚处生长松树及白桦树。', '', '三级保护', '犀牛状象形山石，犀牛的犄角，粗糙的表皮，圆滚得身体都十分神似，活灵活现，似在山顶安静的吃草，体型强壮，威武不可侵犯。边坡上基岩出露，植被稀疏，生长少量低矮的灌木，坡脚处生长松树及白桦树。', '岩体经寒冻风化作用形成犀牛状象形山石', '', '', null, null, null);
INSERT INTO `geolandscape` VALUES ('423', '1', 'JDFY0121', '', '象形山石', '蜥蜴石', '', '', '', '', '', '1601', '', '地质体岩性印支期中粒似斑状二云正长花岗岩，处于可可托海-二台地震断裂东侧。该点处为一象形石，由二云正长花岗岩组成，形似蜥蜴头部，高约为7米，宽约5米，头部两侧各有一个凹坑，呈椭球状，直径最大约为0.5米，极其形似蜥蜴的眼睛，头部岩石呈舌状，面朝129°方向，由二云正长花岗岩在寒冻侵蚀作用下，沿岩石裂隙不断地崩离脱落形成。', '', '三级保护', '该点处为一象形石，由二云正长花岗岩组成，形似蜥蜴头部，高约为7米，宽约5米，头部两侧各有一个凹坑，呈椭球状，直径最大约为0.5米，极其形似蜥蜴的眼睛，头部岩石呈舌状，面朝129°方向。', '由二云正长花岗岩在寒冻侵蚀作用下，沿岩石裂隙不断地崩离脱落形成。', '', '', null, null, null);
INSERT INTO `geolandscape` VALUES ('424', '1', 'JDFY0202', '', '象形山石', '仙女峰', '', '', '', '', '', '2164', '', '仙女峰位于萨依肯布拉克沟北岸，长300米，宽60米,高150米。由中粒英云闪长岩构成，垂向节理较发育，受寒冻风化作用形成人形山峰，仿佛一位仙女伫立山头，轻风拂面，发丝飞扬，裙裾飘荡。仙女侧身东望，静静等候姐妹们归来。山坡坡度75°，坡面上植被稀疏，仅生长少量低矮的灌木。', '', '三级保护', '仙女峰位于萨依肯布拉克沟北岸，长300米，宽60米,高150米。仿佛一位仙女伫立山头，轻风拂面，发丝飞扬，裙裾飘荡。仙女侧身东望，静静等候姐妹们归来。山坡坡度75°，坡面上植被稀疏，仅生长少量低矮的灌木。', '岩体中垂向节理较发育，受寒冻风化作用形成人形山峰。', '', '', null, null, null);
INSERT INTO `geolandscape` VALUES ('425', '1', 'JDFY0123', '', '象形山石', '仙人指路', '', '', '', '', '', '1545', '', '地质体岩性为印支期中粒似斑状二云正长花岗岩，处于可可托海-二台地震断裂带东侧。该点为一形似五根手指的象形石，由浅肉红色似斑状二云正长花岗岩组成，其中一根手指较粗长，长约1.5米，直径约为0.4米，另外四根较短细，长0.5—0.8米，直径0.3—0.6米，手指指向195°方向，仿佛一位神仙正在用手向我们指明方向。由于花岗岩节理发育，在寒冻和雨水的侵蚀作用下，沿节理不断地剥蚀崩离脱落而形成。', '', '三级保护', '形似五根手指的象形石，由浅肉红色似斑状二云正长花岗岩组成，其中一根手指较粗长，长约1.5米，直径约为0.4米，另外四根较短细，长0.5—0.8米，直径0.3—0.6米，手指指向195°方向，仿佛一位神仙正在用手向我们指明方向。', '在寒冻和雨水的侵蚀作用下，沿节理不断地剥蚀崩离脱落而形成。', '', '', null, null, null);
INSERT INTO `geolandscape` VALUES ('426', '1', 'JDFY0065', '', '象形山石', '仙桃石', '', '', '', '', '', '1462', '', '为象形山石，处于可可托海-二台断裂东侧。岩性为华力西期早期片麻状花岗岩，由寒冻剥蚀形成，顶端呈锥状，高5米，直径最大达3.5米，矗立在顶，形似王母娘娘盘中仙桃，表面较圆滑，与周围岩石相比，极具规则，像是人工雕琢而成。', '', '三级保护', '顶端呈锥状，高5米，直径最大达3.5米，矗立在顶，形似王母娘娘盘中仙桃，表面较圆滑，与周围岩石相比，极具规则，像是人工雕琢而成。', '由片麻状花岗岩经寒冻剥蚀坠落形成。', '', '', null, null, null);
INSERT INTO `geolandscape` VALUES ('427', '1', 'JDFY0105', '', '变质岩地貌', '象鼻崖', '', '', '', '', '', '1571', '', '地质体岩性为斜长片麻岩，处于红山嘴断裂北侧。该点为一由深灰色黑云斜长片麻岩组成的形似大象鼻子的象形石，高约15米，宽约4米，其两侧各有一个由溶蚀作用形成的凹坑，形似大象的两只眼睛。中间呈柱状的岩石一直向下延伸到河流水中，形似大象的鼻子，整体形似一头大象在河边饮水，主要由风化侵蚀使岩石沿节理面崩离坠落和溶蚀作用形成。', '', '三级保护', '形似大象鼻子的象形石，高约15米，宽约4米，其两侧各有一个由溶蚀作用形成的凹坑，形似大象的两只眼睛。中间呈柱状的岩石一直向下延伸到河流水中，形似大象的鼻子，整体形似一头大象在河边饮水。', '主要由风化侵蚀使岩石沿节理面崩离坠落和溶蚀作用形成。', '', '', null, null, null);
INSERT INTO `geolandscape` VALUES ('428', '1', 'JDFY0002', '', '钟状花岗岩地貌', '小钟山', '', '', '', '', '', '1403', '', '由燕山期的巨斑状黑云母花岗岩因受两组节理切割而形成的钟状花岗岩地貌。变质岩残留体呈水平层状夹于花岗岩体内。', '', '二级保护', '形似一个天然的元宝，同时又形似一口巨钟，整体形状小于神钟山。', '燕山期的巨斑状黑云母花岗岩因受两组节理切割而形成的钟状花岗岩地貌。', '', '', null, null, null);
INSERT INTO `geolandscape` VALUES ('429', '1', 'JDFY0011', '', '佛龛花岗岩地貌', '笑面壁', '', '', '', '', '', '1446', '', '含变质岩残留体的燕山期巨斑状黑云母花岗岩，因差异风化形成的佛龛花岗岩地貌。', '', '三级保护', '远观似一幅笑口常开的卡通画，故名笑面壁。', '燕山期巨斑状黑云母花岗岩差异风化形成的佛龛花岗岩地貌。', '', '', null, null, null);
INSERT INTO `geolandscape` VALUES ('430', '1', 'JDFY0033', '', '象形山石', '雄鹰', '', '', '', '', '', '1268', '', '由华力西中期的灰色花岗岩组成，因其所含矿物的抗风化能力存在很大差异，而在风化剥蚀过程中形成的象形山石，属于花岗岩地貌。\n', '', '三级保护', '形似一只威武的雄鹰，五官皆清晰可见，形象逼真，惟妙惟肖，栩栩如生。', '由华力西中期的灰色花岗岩组成，因其所含矿物的抗风化能力存在很大差异，而在风化剥蚀过程中形成的象形山石，属于花岗岩地貌。\n', '', '', null, null, null);
INSERT INTO `geolandscape` VALUES ('431', '1', 'JDFY0179', '', '象形山石', '雄鹰展翅', '', '', '', '', '', '1941', '', '地质体岩性为印支期中粒似斑状二云正长花岗岩，处于红山嘴断裂南侧。雄鹰展翅位于喀依尔提河西岸山体顶部，分布范围长300米，宽200米,高220米。由花岗岩构成，中间突出岩体为鹰头，两侧锥状的山峰构成展开的双翅，如同一只展翅欲飞的雄鹰，双翅宽大而有力。边坡陡峭，坡度55-65°。坡面上植被发育，主要生长西伯利亚云杉及白桦树等树种。', '', '三级保护', '由花岗岩构成，中间突出岩体为鹰头，两侧锥状的山峰构成展开的双翅，如同一只展翅欲飞的雄鹰，双翅宽大而有力。边坡陡峭，坡度55-65°。坡面上植被发育，主要生长西伯利亚云杉及白桦树等树种。', '受寒冻风化作用，岩体剥落后形成锥状花岗岩山峰，对称分布于鹰头两侧，似雄鹰展开的双翅。', '', '', null, null, null);
INSERT INTO `geolandscape` VALUES ('432', '1', 'JDFY0228', '', '象形山石', '羊头石', '', '', '', '', '', '1480', '', '羊头石位于喀依尔提河东岸山顶，长30米、宽15米、高20米。由黑云母花岗岩构成，垂向及近水平节理较发育，受寒冻风化作用，表层岩石剥落后形成凹坑及孔洞，构成了羊头的眼睛、嘴及下颌，羊头表面总体较平滑，头朝向西南，似一只温顺的绵羊，望着河谷肥美的牧草。山体坡度60-70°，坡面生长松树及桦树，植被较发育。', '', '三级保护', '长30米、宽15米、高20米。由黑云母花岗岩构成，垂向及近水平节理较发育，受寒冻风化作用，表层岩石剥落后形成凹坑及孔洞，构成了羊头的眼睛、嘴及下颌，羊头表面总体较平滑，头朝向西南，似一只温顺的绵羊，望着河谷肥美的牧草。山体坡度60-70°，坡面生长松树及桦树，植被较发育。', '岩体中垂向及近水平节理较发育，受寒冻风化作用形成羊头状山石。', '', '', null, null, null);
INSERT INTO `geolandscape` VALUES ('433', '1', 'JDFY0200', '', '象形山石', '摇摆石', '', '', '', '', '', '1802', '', '摇摆石位于喀依尔提河西岸山顶，由中粒似斑状二云正长花岗岩构成，受寒冻风化剥蚀，形成一块孤立的岩体，水平节理将石块与山体分离，摇摆石长9米，宽4米,高6米。其稳定性较差，似乎一阵风就能把它吹动，在风中不停的摇摆，故名摇摆石。山体边坡陡峭，坡度约65-70°,坡面上生长少量的松树及白桦树。', '', '三级保护', '摇摆石长9米，宽4米,高6米。其稳定性较差，似乎一阵风就能把它吹动，在风中不停的摇摆，故名摇摆石。山体边坡陡峭，坡度约65-70°,坡面上生长少量的松树及白桦树。', '花岗岩受寒冻风化剥蚀，形成一块孤立的岩体，水平节理将石块与山体分离。', '', '', null, null, null);
INSERT INTO `geolandscape` VALUES ('434', '1', 'JDFY0038', '', '象形山石', '野猪巢', '', '', '', '', '', '1342', '', '由华力西中期的灰色花岗岩组成，因其所含矿物的抗风化能力存在较大差异，而在风化剥蚀过程中形成的象形山石，属于花岗岩地貌。\n', '', '三级保护', '外部形态似一头野猪，同时在石块内部发育一处洞穴，似野猪歇息的巢穴，故而命名为“野猪巢”。', '由华力西中期的灰色花岗岩组成，因其所含矿物的抗风化能力存在较大差异，而在风化剥蚀过程中形成的象形山石，属于花岗岩地貌。\n', '', '', null, null, null);
INSERT INTO `geolandscape` VALUES ('435', '1', 'JDFY0134', '', '构造地貌', '伊雷木断层', '', '', '', '', '', '1305', '', '地质体岩性为凝灰岩，处于可可托海-二台地震断裂带。该点为断裂带通过位置，发育断层三角面，高约150米，根据断层面判断断层走向约为345°，倾角约为65°，在地貌上形成一斜坡，可见断层破碎带，发育有碎裂岩，岩性为花岗岩、片麻岩，周围见较多的石英脉，部分石英脉被错断。', '', '三级保护', ' ', '区域性构造运动形成。', '', '', null, null, null);
INSERT INTO `geolandscape` VALUES ('436', '1', 'JDFY0023', '', '断陷湖', '伊雷木湖', '', '', '', '', '', '1710', '', '它是富蕴地震断裂带上的断陷盆地，后经拦河筑坝而形成的水库型湖泊。而湖盆的形成则得益于富蕴地震断裂带的多次错动累积。在伊雷木湖西岸，可见有阶梯状正断层，向西倾、向东倾均有，形成深达0.5～2米的小地堑。', '', '三级保护', ' ', '它是富蕴地震断裂带上的断陷盆地，后经拦河筑坝而形成的水库型湖泊。而湖盆的形成则得益于富蕴地震断裂带的多次错动累积。', '', '', null, null, null);
INSERT INTO `geolandscape` VALUES ('437', '1', 'JDFY0262', '', '水体地貌', '伊雷木湖阿克沃巴观景点', '', '', '', '', '', '0', '', ' ', '', '三级保护', '湖水与蔚蓝的天空相互映衬，在远处似乎融为一体，难分彼此。湖区东部的山体延伸进入湖区，犹如湖心岛屿。湖边地形平坦，开垦后种植小麦，正值麦收季节，湖边麦浪翻滚，一片金黄，伊雷木湖入水口处，喀依尔提河河水由北向南源源不断的汇入湖中。湖区四周为高耸的山体，青山绿水，景色分外优美。', ' ', '', '', null, null, null);
INSERT INTO `geolandscape` VALUES ('438', '1', 'JDFY0261', '', '水体地貌', '伊雷木湖南侧观景点', '', '', '', '', '', '0', '', ' ', '', '三级保护', '伊雷木湖为富蕴大地震后形成的断陷湖，后经拦河筑坝而成的水库型湖泊，长5—6千米，宽1—2千米，蓄水1.13亿立方米，湖水最深为100米，修建有海子口电站。该点可远观伊雷木湖全貌，周围景色迷人，周围岩性为黑云母花岗岩（Pt3γβ）。', ' ', '', '', null, null, null);
INSERT INTO `geolandscape` VALUES ('439', '1', 'JDFY0133', '', '古地震遗迹', '伊雷木湖盆地', '', '', '', '', '', '1195', '', '地质体岩性为第四系冲洪积物，处于可可托海-二台地震断裂带东侧。伊雷木湖是富蕴大地震形成的断陷湖，后又经拦河筑坝而成的水库型湖泊，南北长5～6千米，东西宽1～2千米，蓄水1.13亿立方米，湖水最大深度为100米。此处位于可可托海通往富蕴县的公路旁，在此点可看到伊雷木湖的全景，四周为麦田，左侧为一条断裂带，公路交通便利，此处为一盆地，宽约3千米，长约2千米，环境优美，金色的麦浪，碧绿的湖水，凉爽的微风，堪称绝妙。', '', '三级保护', '此处位于可可托海通往富蕴县的公路旁，在此点可看到伊雷木湖的全景，四周为麦田，左侧为一条断裂带，公路交通便利，此处为一盆地，宽约3千米，长约2千米，环境优美，金色的麦浪，碧绿的湖水，凉爽的微风，堪称绝妙。', '富蕴大地震形成的断陷湖。', '', '', null, null, null);
INSERT INTO `geolandscape` VALUES ('440', '1', 'JDFY0255', '', '水体地貌', '伊雷木湖入水口', '', '', '', '', '', '1174', '', '伊雷木湖入水口位于伊雷木湖北侧，入水口水源为喀依尔提河，在入水口处分布一处河心岛，将河水分为两股，呈“人”字形汇入伊雷木湖，入水口处水面宽度15-25米，水色清澈、水流平缓，河水中鱼虾成群。河流两侧地形平坦，地表植被发育，以种植牧草及豌豆等农作物。远观伊雷木湖，湖面微波荡漾，波光粼粼，野鸭及其他水鸟在湖面上悠闲地游荡。入水口两侧为地形平坦的草地，部分地段开垦后种植小麦及豌豆，时值8月，小麦成熟，呈现一片丰收的景象，湖光山色与田园风光融为一体。', '', '三级保护', '水色清澈、水流平缓，河水中鱼虾成群。河流两侧地形平坦，地表植被发育，以种植牧草及豌豆等农作物。远观伊雷木湖，湖面微波荡漾，波光粼粼，野鸭及其他水鸟在湖面上悠闲地游荡。入水口两侧为地形平坦的草地，部分地段开垦后种植小麦及豌豆，时值8月，小麦成熟，呈现一片丰收的景象，湖光山色与田园风光融为一体。', '河流与湖泊交汇处', '', '', null, null, null);
INSERT INTO `geolandscape` VALUES ('441', '1', 'JDFY0257', '', '水体地貌', '伊雷木湖湿地', '', '', '', '', '', '1165', '', '伊雷木湖湿地分布于伊雷木湖北侧入水口段，分布范围长1500米、宽400米，湿地地形平坦，植被发育，以喜水的草本植物为主。河水在草丛中十分缓慢流淌，各种野生鱼在草从中穿梭，野鸭及其他水鸟在湖面上摇曳，成为当地喜水鸟类的重要栖息地。湿地北侧为隆起的高山，绿水青山，景色分外优美。沿环湖道路漫步，湖光山色尽在眼前。伊雷木湖为断裂形成的断陷湖，并沿断裂带形成平坦的断陷盆地及湿地，后经水电站筑坝而形成现在的水库型湖泊，在此处还可以欣赏湖滨的田园风光。', '', '二级保护', '湿地地形平坦，植被发育，以喜水的草本植物为主。河水在草丛中十分缓慢流淌，各种野生鱼在草从中穿梭，野鸭及其他水鸟在湖面上摇曳，成为当地喜水鸟类的重要栖息地。湿地北侧为隆起的高山，绿水青山，景色分外优美。沿环湖道路漫步，湖光山色尽在眼前。伊雷木湖为断裂形成的断陷湖，并沿断裂带形成平坦的断陷盆地及湿地，后经水电站筑坝而形成现在的水库型湖泊，在此处还可以欣赏湖滨的田园风光。', '沿湖泊周边浅水区形成沼泽湿地。', '', '', null, null, null);
INSERT INTO `geolandscape` VALUES ('442', '1', 'JDFY0256', '', '象形山石', '伊雷木湖石景群', '', '', '', '', '', '1175', '', '伊雷木湖石景群位于湖北侧，长1500米、宽500米、高50米，呈长条状分布，由中粒黑云母花岗闪长岩构成，垂向节理裂隙发育，受寒冻风化作用，表层岩石剥落后突出的岩体形成各种形态的象形山石，山石外形如游鱼、海豚、小狗、乌龟、大象等。在此游览石景群还可观赏伊雷木湖全景，湖泊湿地及湖滨田园风光。', '', '三级保护', '伊雷木湖石景群长1500米、宽500米、高50米，呈长条状分布，山石外形如游鱼、海豚、小狗、乌龟、大象等。在此游览石景群还可观赏伊雷木湖全景，湖泊湿地及湖滨田园风光。', '垂向节理裂隙发育，受寒冻风化作用，表层岩石剥落后突出的岩体形成各种形态的象形山石。', '', '', null, null, null);
INSERT INTO `geolandscape` VALUES ('443', '1', 'JDFY0144', '', '变质岩地貌', '鹰嘴石', '', '', '', '', '', '1380', '', '为变质岩象形山石，由黑云母斜长片麻岩经构造剥蚀、冻融作用形成，长约8米，宽约5米，头部有一直径为25厘米的孔洞，外形像一只雄鹰从空中俯冲下来，寻找猎物，形态极为逼真。周围植被以草地为主，树木稀少。', '', '三级保护', '为变质岩象形山石，长约8米，宽约5米，头部有一直径为25厘米的孔洞，外形像一只雄鹰从空中俯冲下来，寻找猎物，形态极为逼真。周围植被以草地为主，树木稀少。', '经强烈的寒冻风化作用，岩块剥落，残留的岩体构成了象形石。', '', '', null, null, null);
INSERT INTO `geolandscape` VALUES ('444', '1', 'JDFY0068', '', '象形山石', '元宝峰', '', '', '', '', '', '1533', '', '处于可可托海-二台断裂东侧，峰体由印支期片麻状花岗岩组成，为锥状花岗岩地貌，底缓顶陡，峰体与周围山体形成似元宝状，峰体高约300米左右，由寒冻和流水侵蚀，使岩石沿裂隙崩落形成，周围植被发育。', '', '三级保护', '峰体底缓顶陡，与周围山体形成似元宝状，高约300米左右，由寒冻和流水侵蚀，使岩石沿裂隙崩落形成，周围植被发育。', '由寒冻和流水侵蚀，使岩石沿裂隙崩落形成。', '', '', null, null, null);
INSERT INTO `geolandscape` VALUES ('445', '1', 'JDFY0030', '', '象形山石', '猿人石', '', '', '', '', '', '1254', '', '由华力西中期的灰色花岗岩组成，因所含矿物的抗风化能力存在较大差异，而在风化剥蚀过程中形成的类似猿人头像的象形山石，属于花岗岩地貌。\n', '', '三级保护', '为一巨大的猿人头像，其眼神凝望天空，喻示着古猿人类对大自然的追求、向往与迷茫，形象逼真，惟妙惟肖。', '由华力西中期的灰色花岗岩组成，因所含矿物的抗风化能力存在较大差异，而在风化剥蚀过程中形成的类似猿人头像的象形山石，属于花岗岩地貌。\n', '', '', null, null, null);
INSERT INTO `geolandscape` VALUES ('446', '1', 'JDFY0166', '', '风景河段', '月亮湾', '', '', '', '', '', '1380', '', '地质体岩性为华力西期早期黑云母花岗岩，处于可可托海-二台断裂东侧800米。月亮湾位于喀依尔提河大桥检查站上游约6千米处，河面宽50-60米，河道弯向东北，河湾长200米，河水清澈，水流平缓，形似一轮弯弯的蓝月亮。河床内分布0.2-0.4米的漂卵砾石，漂石直径可达1米以上，呈次圆状。河谷两侧生长松树及白桦树，植被覆盖率较高。', '', '三级保护', '河面宽50-60米，河道弯向东北，河湾长200米，河水清澈，水流平缓，形似一轮弯弯的蓝月亮。河床内分布0.2-0.4米的漂卵砾石，漂石直径可达1米以上，呈次圆状。河谷两侧生长松树及白桦树，植被覆盖率较高。', '河水不断侵蚀凹岸形成河湾。', '', '', null, null, null);
INSERT INTO `geolandscape` VALUES ('447', '1', 'JDFY0130', '', '象形山石', '长颈鹿', '', '', '', '', '', '1571', '', '此处为一象形山石，由花岗岩组成，高2米，宽约为50厘米，头朝225°方向，受风化侵蚀作用而形成，颈部圆滑细长，头部略大，身体部位卧坐在山顶位置，宛如一只长颈鹿埋着身体眺望着远处，活灵活现。', '', '三级保护', '地质体岩性为印支期中粒似斑状二云正长花岗岩，处于可可托海-二台地震断裂带北东侧。为一象形山石，由花岗岩组成，高2米，宽约为50厘米，头朝225°方向，受风化侵蚀作用而形成，颈部圆滑细长，头部略大，身体部位卧坐在山顶位置，宛如一只长颈鹿埋着身体眺望着远处，活灵活现。', '受风化侵蚀作用而形成。', '', '', null, null, null);
INSERT INTO `geolandscape` VALUES ('448', '1', 'JDFY0155', '', '地质灾害遗迹', '正格崩塌', '', '', '', '', '', '1755', '', '该崩塌点位于喀依尔提河西侧，坡高40—80米，宽502米，坡度45°—70°，崩塌物岩性为黑云母花岗岩，坡脚处堆积大量的岩块，岩块直径大小20厘米—2米，堆积体分布范围长500米，厚3米，总体积约5000立方米，岩体中节理发育，受寒冻风化及重力作用形成，崩塌方向约65°。', '', '三级保护', ' ', '较陡斜坡上的岩土体在重力作用下突然脱离母体崩落、滚动、堆积在坡脚(或沟谷)', '', '', null, null, null);
INSERT INTO `geolandscape` VALUES ('449', '1', 'JDFY0151', '', '风景河段', '正格大桥风景河段', '', '', '', '', '', '1740', '', '地质体岩性为华力西期早期细粒黑云母花岗岩，处于红山嘴断裂北侧。站在正格大桥上可以欣赏到喀依尔提河美丽的河流风光，该河段较为开阔，河流宽度约60—100米，河流由北向南流动。周围有牧民临时搭建的毡房。河流水质清澈见底、水流速约12立方米／秒，河流两岸植被以松树、桦树为主。', '', '三级保护', '站在正格大桥上可以欣赏到喀依尔提河美丽的河流风光，该河段较为开阔，河流宽度约60—100米，河流由北向南流动。周围有牧民临时搭建的毡房。河流水质清澈见底、水流速约12立方米／秒，河流两岸植被以松树、桦树为主。', '生态环境良好，山水风光十分优美。', '', '', null, null, null);
INSERT INTO `geolandscape` VALUES ('450', '1', 'JDFY0173', '', '象形山石', '正格石景群', '', '', '', '', '', '1740', '', '地质体岩性为华力西期中期中粗粒黑云母花岗岩，处于红山嘴断裂北侧。正格石景群位于喀依尔提河西岸边坡，坡度40-50°。由花岗岩构成，岩体中的垂向及近水平节理较发育，结构较破碎，其表层包裹体剥落后形成凹凸不平的孔洞，形如海龟、石猴等，分布长80米，宽50米。坡面上植被以松树及白桦树为主，植被覆盖率40-50%。', '', '三级保护', ' ', '黑云母花岗岩经强烈的寒冻作用及雪蚀作用，岩块剥落，残留的岩体构成了象形石景群。', '', '', null, null, null);
INSERT INTO `geolandscape` VALUES ('451', '1', 'JDFY0152', '', '构造地貌', '正格峡谷', '', '', '', '', '', '1740', '', '地质体岩性为华力西期早期黑云母花岗岩、长石英砂岩、千枚岩，处于红山嘴断裂北侧。峡谷由南西向北东延伸，峡谷全长约25千米，公园内约5千米，峡谷底宽20—50米，两岸坡度30°—50°，峡谷发育华力西期黑云母花岗岩、长石英砂岩、千枚岩等。峡谷入口修建有水泥大桥，该桥是喀依尔提河上游唯一能通往河东侧的车行大桥，桥长75米，桥宽7米。峡谷植被覆盖率较高，树种多为桦树、松树、云杉等。', '', '三级保护', '峡谷由南西向北东延伸，峡谷全长约25千米，公园内约5千米，峡谷底宽20—50米，两岸坡度30°—50°，峡谷发育华力西期黑云母花岗岩、长石英砂岩、千枚岩等。峡谷入口修建有水泥大桥，该桥是喀依尔提河上游唯一能通往河东侧的车行大桥，桥长75米，桥宽7米。峡谷植被覆盖率较高，树种多为桦树、松树、云杉等。', '流水侵蚀及构造作用共同形成窄而深的峡谷，峡谷中植被发育，风景优美。', '', '', null, null, null);
INSERT INTO `geolandscape` VALUES ('452', '1', 'JDFY0073', '', '风景河段', '支沟交汇处', '', '', '', '', '', '1879', '', '地质体岩性为加里东期英云闪长岩，处于可可托海-二台地震断裂带东侧。此处位于吐尔洪河上游河流交汇处，该处两条支沟，为吐尔洪河流水的主要来源，汇集流量可达0.8立方米／秒，两侧植被发育，主要为粗大的红松，生态环境优美，为当地牧民的夏季牧场。', '', '三级保护', '此处位于吐尔洪河上游河流交汇处，该处两条支沟，为吐尔洪河流水的主要来源，汇集流量可达0.8立方米／秒，两侧植被发育，主要为粗大的红松，生态环境优美，为当地牧民的夏季牧场。', '由流水侵蚀堆积作用形成。', '', '', null, null, null);
INSERT INTO `geolandscape` VALUES ('453', '1', 'JDFY0045', '', '崩塌堆积地貌', '中流砥柱', '', '', '', '', '', '1403', '', '燕山期的巨斑状黑云母花岗岩，因所含矿物的抗风化能力存在较大差异，经风化剥蚀作用形成的崩塌堆积地貌，属于花岗岩地貌。\n', '', '三级保护', '一块燕山期的巨斑状黑云母花岗岩组成的滚石立于额尔齐斯河谷中，流水分成两股从其旁边流过而形成。', '燕山期的巨斑状黑云母花岗岩，因所含矿物的抗风化能力存在较大差异，经风化剥蚀作用形成的崩塌堆积地貌，属于花岗岩地貌。\n', '', '', null, null, null);
INSERT INTO `geolandscape` VALUES ('454', '1', 'JDFY0055', '', '古地震遗迹', '帚状地貌', '', '', '', '', '', '1266', '', '由华力西中期的浅肉色花岗岩组成的一系列小山脊，近平行排列，山脊坡度在20-25°之间。它是由于富蕴地震断裂带呈北北西向穿过山脊，断层东盘相对南移，西盘相对北移，山脊均由北向南弯曲，从而形成的帚状地貌景观。\n', '', '二级保护', ' ', '由华力西中期的浅肉色花岗岩组成的一系列小山脊，近平行排列，山脊坡度在20-25°之间。它是由于富蕴地震断裂带呈北北西向穿过山脊，断层东盘相对南移，西盘相对北移，山脊均由北向南弯曲，从而形成的帚状地貌景观。\n', '', '', null, null, null);

-- ----------------------------
-- Table structure for geological
-- ----------------------------
DROP TABLE IF EXISTS `geological`;
CREATE TABLE `geological` (
  `id` int(11) NOT NULL AUTO_INCREMENT,
  `park_id` int(10) NOT NULL COMMENT '公园ID',
  `position` text COMMENT '大地构造位置',
  `stratum` text COMMENT '地层',
  `magmatic` text COMMENT '岩浆岩',
  `metamorphic` text COMMENT '变质岩',
  `geostructure` text COMMENT '地质构造',
  `mineral` text COMMENT '矿产',
  `evolutionary` text COMMENT '地质发展演化',
  PRIMARY KEY (`id`) USING BTREE
) ENGINE=InnoDB AUTO_INCREMENT=3 DEFAULT CHARSET=utf8 ROW_FORMAT=DYNAMIC COMMENT='地质背景';

-- ----------------------------
-- Records of geological
-- ----------------------------
INSERT INTO `geological` VALUES ('2', '1', '公园地处西伯利亚板块和哈萨克斯坦板块两大构造单元的接合带哈、中、蒙世界级有色金属成矿带中段，地质构造复杂，成矿地质条件优越，矿产资源丰富。北面的西伯利亚板块的南缘阿尔泰陆缘活动带内的哈龙早古生代山弧与额尔齐斯晚古生代构造杂岩带长期处于活动抬升区，由震旦纪片岩、石英云母片岩及片麻岩、混合岩，奥陶纪石英砂岩与石英岩互层，并夹有千枚岩、泥质片岩等组成，经加里东运动后，使之成为复杂的北西-南东向褶皱带和断裂构造，并伴有沿构造方向入侵的花岗岩。\n至海西运动之后，阿尔泰山与山前额尔齐斯向斜带的中晚古生代砂质砾岩、页岩', '地层时代：奥陶纪、志留纪、奥陶纪、白垩纪、第四纪\n公园地层属北疆-兴安地层大区，北疆地层分区，阿尔泰地层小区，出露地层有奥陶系、志留系、泥盆系、白垩系和第四系。区内构造复杂，变质作用强烈，侵入岩分布广泛。除第四系地层外，几乎所有地层和岩石均遭遇不同程度的变质作用。', '公园内岩浆岩极为发育，岩体众多，规模大小不一，岩石类型复杂，从超基性-基性-中性-酸性均有出露，其中尤以花岗岩类最为广泛。\n', '公园地层与岩石普遍发生区域变质作用与混合岩化作用，少部分属接触变质及动力变质类型。主要岩石类型为区域动力热流变质岩，包括', '公园北侧位于西伯利亚板块南缘阿尔泰陆缘活动带。晚古生代，由于准噶尔洋壳向西伯利亚板块俯冲消减，阿尔泰地区形成了较为完整的沟-弧-盆体系，至早石炭世末，洋盆闭合。伴随华力西期—燕山期西伯利亚板块与哈萨克斯坦-准噶尔板块的陆-陆碰撞及陆内改造，公园内发育了不同期次的花岗岩侵入，花岗岩种类丰富。燕山期斑状、巨斑状黑云母花岗岩出露于额尔齐斯河阿米尔萨拉桥以北，形成高墙状山体或钟锥状峰丛景观；华力西期的花岗岩、花岗闪长岩出露于额尔齐斯河阿米尔萨拉桥以南，构成宽阔的峡谷景观；最为重要的中生代三叠世晚期（印支末期）形成', '无', '可可托海地区所处的阿尔泰地块，在距今4.1亿年的古生代泥盆纪以前一直属于北疆海。\n在新元古代末，随着Rodina超级大陆的解体，西伯利亚板块与哈萨克斯坦-准噶尔板块分裂，其间形成一个古亚洲洋，北疆部分属于北疆海。阿尔泰地块作为西伯利亚板块西南边缘的一部分，也同时被拉裂出哈萨克斯坦-准噶尔板块，拉裂的同时，伴有大规模的火山喷发。自寒武纪（距今5.43～4.9亿年）时，北疆海为深水海域，为强烈的火山喷发活动的深海相槽盆相沉积区，在晚寒武世，变为浅槽盆相陆源物质沉积区。由于地层变质较深且无古生物化石证据，地质遗');

-- ----------------------------
-- Table structure for geospecimen
-- ----------------------------
DROP TABLE IF EXISTS `geospecimen`;
CREATE TABLE `geospecimen` (
  `id` int(11) NOT NULL AUTO_INCREMENT,
  `park_id` int(10) NOT NULL COMMENT '公园ID',
  `specimennumber` varchar(256) DEFAULT NULL COMMENT '标本编号',
  `specimenname` varchar(256) DEFAULT NULL COMMENT '标本名称',
  `fieldnumber` varchar(256) DEFAULT NULL COMMENT '野外编号',
  `hallnumber` varchar(256) DEFAULT NULL COMMENT '馆内编号',
  `englishlatin` varchar(256) DEFAULT NULL COMMENT '英文或拉丁学名',
  `specimentype` varchar(256) DEFAULT NULL COMMENT '标本类型',
  `collectionposition` varchar(256) DEFAULT NULL COMMENT '采集位置',
  `collectiontime` varchar(256) DEFAULT NULL COMMENT '采集时间',
  `collectionhuman` varchar(256) DEFAULT NULL COMMENT '采集人',
  `identificationhuman` varchar(256) DEFAULT NULL COMMENT '鉴定人',
  `collectionnumber` varchar(256) DEFAULT NULL COMMENT '收藏数量',
  `savestate` varchar(256) DEFAULT NULL COMMENT '保存状态',
  `featuredescription` text COMMENT '特征描述',
  `note` text COMMENT '备注',
  `img` text COMMENT '照片',
  PRIMARY KEY (`id`) USING BTREE
) ENGINE=InnoDB DEFAULT CHARSET=utf8 ROW_FORMAT=DYNAMIC COMMENT='地质标本';

-- ----------------------------
-- Records of geospecimen
-- ----------------------------

-- ----------------------------
-- Table structure for gueststat
-- ----------------------------
DROP TABLE IF EXISTS `gueststat`;
CREATE TABLE `gueststat` (
  `id` int(11) NOT NULL AUTO_INCREMENT,
  `park_id` int(10) NOT NULL COMMENT '地质公园ID',
  `time` varchar(256) DEFAULT NULL COMMENT '时间',
  `touristsnumber` double(15,6) DEFAULT NULL COMMENT '游客人数 单位',
  `touristssource` text COMMENT '游客来源',
  `note` text COMMENT '备注',
  `create_time` datetime DEFAULT NULL,
  `update_time` datetime DEFAULT NULL,
  `deleted_at` datetime DEFAULT NULL,
  PRIMARY KEY (`id`) USING BTREE
) ENGINE=InnoDB AUTO_INCREMENT=12 DEFAULT CHARSET=utf8 ROW_FORMAT=DYNAMIC COMMENT='游客统计';

-- ----------------------------
-- Records of gueststat
-- ----------------------------
INSERT INTO `gueststat` VALUES ('9', '1', '2015', '162.000000', '国内外游客', '数据来源：富蕴县2015年、2016年国民经济和社会发展统计公报及2018年县政府工作报告。', '2019-11-12 21:49:58', '2019-11-12 21:49:58', null);
INSERT INTO `gueststat` VALUES ('10', '1', '2016', '199.200000', '国内外游客', '数据来源：富蕴县2015年、2016年国民经济和社会发展统计公报及2018年县政府工作报告。', '2019-11-12 21:50:31', '2019-11-12 21:50:31', null);
INSERT INTO `gueststat` VALUES ('11', '1', '2017', '299.700000', '国内外游客', '数据来源：富蕴县2015年、2016年国民经济和社会发展统计公报及2018年县政府工作报告。', '2019-11-12 21:51:00', '2019-11-12 21:51:00', null);

-- ----------------------------
-- Table structure for humanlandscape
-- ----------------------------
DROP TABLE IF EXISTS `humanlandscape`;
CREATE TABLE `humanlandscape` (
  `id` int(11) NOT NULL AUTO_INCREMENT,
  `park_id` int(10) NOT NULL COMMENT '地质公园ID',
  `humanitnumber` varchar(256) DEFAULT NULL COMMENT '人文景观编号',
  `hname` varchar(256) DEFAULT NULL COMMENT '景观名称',
  `position` varchar(256) DEFAULT NULL COMMENT '地理位置',
  `traffic` varchar(256) DEFAULT NULL COMMENT '交通状况',
  `lat` varchar(128) DEFAULT NULL COMMENT '经度',
  `lng` varchar(128) DEFAULT NULL COMMENT '纬度',
  `altitude` varchar(256) DEFAULT NULL COMMENT '海拔高度',
  `feature` text COMMENT '景观特色',
  `level` varchar(256) DEFAULT NULL COMMENT '文物保护单位',
  `approvedtime` varchar(256) DEFAULT NULL COMMENT '批准时间',
  `status` text COMMENT '保护现状',
  `img` text COMMENT '照片',
  `created_at` datetime DEFAULT NULL,
  `updated_at` datetime DEFAULT NULL,
  `deleted_at` datetime DEFAULT NULL,
  PRIMARY KEY (`id`) USING BTREE
) ENGINE=InnoDB AUTO_INCREMENT=278 DEFAULT CHARSET=utf8 ROW_FORMAT=DYNAMIC COMMENT='人文景观';

-- ----------------------------
-- Records of humanlandscape
-- ----------------------------
INSERT INTO `humanlandscape` VALUES ('270', '1', 'RWFY0001', 'RWFY0001-铁买克岩画', '', '', '', '', '', '铁买克岩画：位于铁买克东侧村口山脊上北约800米处，海拔1308米，面积6平方米。在两个垮塌的花岗混合岩壁上有由羊、马、狩猎人等图案组成的岩画，一个岩画面高1.8～2.2米，宽2.1米，上有数十个图案；一个岩画面高1.5米，宽1.2米，仅十余个图案。这些图案主要由线条组成，以平形图案为主，有些部位被夸大表示，线条剥痕深1～2mm，因风化色（多为黄色）比岩壁风化色浅而显现出来，岩画的年代还需要进一步考证。\n', '', '', '', '', null, null, null);
INSERT INTO `humanlandscape` VALUES ('271', '1', 'RWFY0002', 'RWFY0002-博塔毛音岩画', '', '', '', '', '', '博塔毛音岩画：位于喀拉通克乡博塔毛音（意为骆驼的脖子）海拔1210米处，一块高1.7米，长4米的巨石上凿刻一幅十分壮观的围猎图，共凿刻37只大角羊，一匹马，一只大骆驼，两只鹿，一只狼，一条狗，9个骑马人，一个徒步持弓猎人，一个勃起生殖器并有尾饰的裸体男子。中间一只大骆驼长32厘米，高14厘米。这是一幅生动壮观的围猎图，由于男性生殖崇拜的存在，可断定产生于父系氏族社会时代，距今至少已有3000年以上的时间。', '', '', '', '', null, null, null);
INSERT INTO `humanlandscape` VALUES ('272', '1', 'RWFY0003', 'RWFY0003-哈萨克族墓群', '', '', '', '', '', '哈萨克族墓群、鹿石与石人：分布在吐尔洪盆地和伊雷木湖盆地四周，在伊雷木湖盆地有一处，吐尔洪盆地有三处。尤其是吐尔洪盆地恰勒格尔墓葬最具规模，共17座。在墓旁凿刻一件精美的碑状鹿石。鹿石为片麻岩，出土高2.3米（入土深约0.7米），宽40厘米，厚20厘米，中部宽44厘米，厚11厘米。在吐尔洪第一块完好的鹿石和另一块断裂的鹿石，除刻有上述图案外，还有女性生殖器。由此可知，鹿石雕凿是母系氏族社会时期，距今约有4000年历史。为青铜器产生以后精心凿刻而成。墓地石人，大多立于墓地表建筑遗迹的东边，面部朝东，立石人墓', '', '', '', '', null, null, null);
INSERT INTO `humanlandscape` VALUES ('274', '1', 'RWFY0004', 'RWFY0004-塔勒德巴斯奎', '', '', '', '', '', '塔勒德巴斯奎民居：位于塔勒德巴斯奎古阶地上，海拔1313m。民居分布于塔勒德巴斯奎古河流阶地上，主要以哈萨克族建筑为主，由平房和毡房两部份组成，材料一般由块石（条石）、木材为骨架，外部用草泥为粘结剂筑成。平房用于厨房和堆放杂物，少数用于卧室；毡房则用于卧室和招待客人。', '', '', '', '', null, null, null);
INSERT INTO `humanlandscape` VALUES ('275', '1', 'RWFY0005', 'RWFY0005-哈萨克族毡房', '', '', '', '', '', '哈萨克族毡房：几千来，哈萨克族人民为了适应游牧生活，创造了毡房，以便于游牧迁徙。毡房，哈语称“宇”，它不仅携带方便，而且坚固耐用，住居舒适，并具有防寒、防雨、防震的特点。房内空气流通，光线充足，千百年来一直为哈萨克牧民所喜爱。由于是用白色毡子做成，毡房里以布置得十分讲究，人们称之为“白色的宫殿”。', '', '', '', '', null, null, null);
INSERT INTO `humanlandscape` VALUES ('276', '1', 'RWFY0006', 'RWFY0006-哈萨克族服饰', '', '', '', '', '', '哈萨克族服饰：哈萨克人长期逐水草游牧，多生活在山区、戈壁和高寒地区，因而哈萨克人民的服饰也都带有较浓的高寒草原上畜牧生活的特征。服饰多是用牲畜的皮毛制成，以羊皮为主。便于乘骑一般都比较宽大结实，经久耐用，衣袖长过手指头。哈萨克族的穿衣，不但与生活环境有关，而且有着自己的审美情趣。男服讲究潇洒、实惠、舒适、方便，女的还讲究美观。', '', '', '', '', null, null, null);
INSERT INTO `humanlandscape` VALUES ('277', '1', 'RWFY0007', 'RWFY0007-苏式老桥', '', '', '', '', '', '苏式老桥：海拔1189米。该景观为中、苏合作开采可可托海矿时期，由前苏联专家设计并参与建设的木桥。当时建造木桥的主要目的是为方便车辆拉运矿石。建造木桥所用木料为当地优质松树加工而成，桥身用条钢及铁螺栓固定方木拼装，上铺设厚木板作为桥面。木桥可顺利通过载重80吨的车辆，完全满足了当时的运输要求。', '', '', '', '', null, null, null);

-- ----------------------------
-- Table structure for humenexhibit
-- ----------------------------
DROP TABLE IF EXISTS `humenexhibit`;
CREATE TABLE `humenexhibit` (
  `id` int(11) NOT NULL AUTO_INCREMENT,
  `park_id` int(10) NOT NULL COMMENT '公园ID',
  `specimennumber` varchar(256) DEFAULT NULL COMMENT '标本编号',
  `specimenname` varchar(256) DEFAULT NULL COMMENT '标本名称',
  `hallnumber` varchar(256) DEFAULT NULL COMMENT '馆内编号',
  `specimentype` varchar(256) DEFAULT NULL COMMENT '标本类型',
  `specimensource` varchar(256) DEFAULT NULL COMMENT '标本来源',
  `collectionnumber` varchar(256) DEFAULT NULL COMMENT '收藏数量',
  `savestate` varchar(256) DEFAULT NULL COMMENT '保存状态',
  `featuredescription` text COMMENT '特征描述',
  `note` text COMMENT '附注',
  `img` text COMMENT '照片',
  `created_at` datetime DEFAULT NULL,
  `updated_at` datetime DEFAULT NULL,
  `deleted_at` datetime DEFAULT NULL,
  PRIMARY KEY (`id`) USING BTREE
) ENGINE=InnoDB DEFAULT CHARSET=utf8 ROW_FORMAT=DYNAMIC COMMENT='人文展品';

-- ----------------------------
-- Records of humenexhibit
-- ----------------------------

-- ----------------------------
-- Table structure for legal
-- ----------------------------
DROP TABLE IF EXISTS `legal`;
CREATE TABLE `legal` (
  `id` int(11) NOT NULL AUTO_INCREMENT,
  `park_id` int(10) NOT NULL COMMENT '地质公园ID',
  `number` varchar(256) DEFAULT NULL COMMENT '文件编号',
  `filename` varchar(256) DEFAULT NULL COMMENT '文件名称',
  `publishtime` varchar(256) DEFAULT NULL COMMENT '发布时间',
  `unit` varchar(256) DEFAULT NULL COMMENT '发布单位',
  `time` varchar(256) DEFAULT NULL COMMENT '规划期限',
  `keyword` varchar(256) DEFAULT NULL COMMENT '关键字',
  `summary` varchar(256) DEFAULT NULL COMMENT '摘要',
  `note` text COMMENT '备注',
  `url` text COMMENT '存储地址',
  `uniform_number` varchar(256) DEFAULT NULL COMMENT '统一编号',
  PRIMARY KEY (`id`) USING BTREE
) ENGINE=InnoDB AUTO_INCREMENT=43 DEFAULT CHARSET=utf8 ROW_FORMAT=DYNAMIC COMMENT='公园管理法律法规';

-- ----------------------------
-- Records of legal
-- ----------------------------
INSERT INTO `legal` VALUES ('25', '1', 'FGFY0001', '关于批准山东泰山等53处国家地质公园的通知', '20050915', '中华人民共和国国土资源部', '', '国家地质公园、批准成立', '为了有效保护、合理开发和永续利用地质遗迹资源，经国家地质遗迹（地质公园）评审委员会评审推荐，国家地质遗迹（地质公园）领导小组批准，同意建立山东泰山、云南大理苍山等53处国家地质公园。', '第四批国家地质公园名单，国土资发[2005]187号', '', '00000');
INSERT INTO `legal` VALUES ('26', '1', 'FGFY0002', '关于印发可可托海国家地质公园地质遗迹保护措施和保护管理办法通知', '20090710', '富蕴县人民政府办公室', '', '旅游、风景名胜、办法、通知', '《可可托海国家地质公园地质遗迹保护措施》和《可可托海国家地质公园地质遗迹保护管理办法》已经县人民政府同意，请认真贯彻执行。', '可可托海国家地质公园地质遗迹保护措施和保护管理办法', '', null);
INSERT INTO `legal` VALUES ('27', '1', 'FGFY0003', '关于可可托海国家地质公园规划（2013-2020年）土地规划用地调整承诺', '20130604', '富蕴县人民政府', '', '国家地质公园规划、土地规划、用地调整、承诺', '我县于2013年开展了《新疆富蕴可可托海国家地质公园规划（2013-2020年）》编制工作，经我县国土资源局、建设局、规划局、林业局等单位核实，认为该规划中涉及到的我县地质公园伊雷木湖-可可苏里景区及卡拉先格尔景区土地规划用地调整合理，符合地质公园发展的需要，我县承诺将在开展下轮土地利用规划工作时做相应调整。', '上报国土资源部', '', null);
INSERT INTO `legal` VALUES ('28', '1', 'FGFY0004', '关于卡拉先格尔地震断裂带纳入可可托海国家地质公园管理的批复', '20131022', '阿勒泰地区国土资源局', '', '卡拉先格尔、国家地质公园、管理、批复', '《关于协调卡拉先格尔地震断裂带纳入可可托海国家地质公园管理的批复》收悉，经认真研究讨论，提出以下意见。\n一、根据《中华人民共和国自然保护区条例》（以下简称条例）规定，确定自然保护区的范围和界线，应当兼顾保护对象的完整性和适度性，以及当地经济建设和居民生产、生活需要。\n二、根据条例规定，跨两个以上行政区域的自然保护区建立，由有关行政区域的人民政府协商一致后提出申请。\n三、《新疆富蕴可可托海国家地质公园总体规划》已经自治区国土资源厅评审通过，拟上报国土资源部评审。', ' ', '', null);
INSERT INTO `legal` VALUES ('29', '1', 'FGFY0005', '关于协调卡拉先格尔地震断裂带纳入可可托海国家地质公园管理的报告', '20131031', '新疆富蕴可可托海国家地质公园管理委员会', '', '卡拉先格尔地震断裂带、国家地质公园、管理', '因卡拉先格尔地震断裂带地跨富蕴县、青河县两个行政区域管辖，我委拟按地质公园总体规划设计对该区域开工建设，并将于2013年11月中旬向国土资源部递交可可托海世界地质公园申报材料。现请求县政府报行署从中协调，将卡拉先格尔地震断裂带区域面积划归我委统一管理。保证可可托海国家地质公园的完整性，便于我委在今后的工作中统一规划和管理，为成功申报世界地质公园打下基础。', '卡拉先格尔园区范围拐点坐标、划界实际材料图、国家地质公园园区划界实际材料图', '', null);
INSERT INTO `legal` VALUES ('31', '1', 'FGFY0006', '关于成立可可托海申报世界地质公园工作领导小组的通知', '20131231', '阿勒泰地区行署办公室', '', '可可托海申报世界地质公园工作领导小组、名单', '为加强对可可托海申报世界地质公园工作的组织领导，行署决定成立可可托海申报世界地质公园工作领导小组。领导小组下设办公室在可可托海国家地质公园管理委员会。', ' ', '', null);
INSERT INTO `legal` VALUES ('32', '1', 'FGFY0007', '国土资源部办公厅关于做好2015、2016年度世界地质公园申报工作的函', '20140129', '国土资源部办公厅', '', '2015年度、2016年度、世界地质公园申报', '2014年1月15日，国家地质遗迹保护（地质公园）评审委员会在北京组织召开了第八批世界地质公园推荐评审会。根据评审结果和联合国教科文组织每年仅允许每个国家推荐2个世界地质公园候选单位的要求，部决定贵州织金洞地质公园、甘肃敦煌地质公园作为2015年度中国向联合国报送的世界地质公园申报单位；新疆可可托海地质公园、内蒙古阿尔山地质公园作为2016年中国向联合国报送的世界地质公园申报单位。', ' ', '', null);
INSERT INTO `legal` VALUES ('33', '1', 'FGFY0008', '关于召开2014年中国世界地质公园年会的通知', '20140416', '中国科学院国家地质公园网络中心', '', '2014年中国世界地质公园年会、通知', '为加强和推动中国世界地质公园建设、管理工作，促进世界地质公园之间的交流和合作，总结2013年工作，部署2014年工作，定于2014年5月15-16日在中国神农架世界地质公园召开2014年中国世界地质公园年会，本次会议主题为“合作、交流与可持续发展”。', '世界地质公园年会报名回执', '', null);
INSERT INTO `legal` VALUES ('34', '1', 'FGFY0009', '关于设立新疆富蕴可可托海景区管理委员会的批复', '20140703', '中共新疆维吾尔自治区委员会机构编制委员会办公室', '', '新疆富蕴可可托海景区、管理委员会、批复', '《关于设立新疆富蕴可可托海景区管理委员会的请示》（阿地党编办[2014]43号）收悉。经编办主任办公会议研究，同意设立新疆富蕴可可托海景区管理委员会，与“中共新疆富蕴可可托海景区工作委员会”、“新疆富蕴可可托海国家地质公园管理委员会”、“新疆富蕴可可托海稀有金属国家矿山公园管理委员会”一个机构、四块牌子，为富蕴县、政府的派出机构，机构规格为县（处）级，核定领导职数5名（正县2名、副县3名），所需编制从自治区本级全额事业编制总额内调剂10名，不足部分由阿勒泰地区和富蕴县调剂解决。', ' ', '', null);
INSERT INTO `legal` VALUES ('35', '1', 'FGFY0010', '关于现将富蕴可可托海景区管理委员会设置内设机构的批复', '20141017', '中共阿勒泰地区委员会机构编制委员会办公室', '', '富蕴可可托海景区管理委员会、内设机构、批复', '经2014年10月10日地委编办主任会议研究，同意新疆富蕴可可托海景区管理委员会设置7个内设机构：综合办公室、政工人事处、财务统计局、规划建设局、开发局、景区景点管理局、矿山地质公园管理局，核定科级职数14名。', ' ', '', null);
INSERT INTO `legal` VALUES ('36', '1', 'FGFY0011', '关于做好可可托海国家地质公园申报世界地质公园有关工作的通知', ' ', '新疆维吾尔自治区国土资源厅', '', '可可托海国家地质公园、2016年度申报、世界地质公园', '根据《国土资源部办公厅关于做好2015、2016年度世界地质公园申报工作的函》（国土资厅函[2014]100号），可可托海国家地质公园被列为2016年度中国向联合国报送的世界地质公园申报单位。请按照要求组织做好编制申报材料并及时报送，同时做好考察等各项准备。', ' ', '', null);
INSERT INTO `legal` VALUES ('37', '1', 'FGFY0012', '关于印发新疆富蕴可可托海景区管理委员会职责任务机构设置和人员编制方案的通知', '20150201', '富蕴县人民政府办公室', '', '新疆富蕴可可托海景区管理委员会、职责任务、机构设置、人员编制、方案、通知', '《新疆富蕴可可托海景区管理委员会职责任务、机构设置和人员编制方案》经县机构编制委员会办公室审核，已报县人民政府批准，现予印发，请认真贯彻实施。', '新疆富蕴可可托海景区管理委员会职责任务机构设置和人员编制方案', '', null);
INSERT INTO `legal` VALUES ('38', '1', 'FGFY0013', '关于召开2015年度中国世界地质公园年会的通知', '20150402', '国家地质公园网络中心、大理州苍山地质公园管理局', '', '2015年度、中国世界地质公园年会、通知', '按照国土资源部有关地质公园管理和建设的精神，为加强和推动中国世界地质公园建设、管理工作，促进地质公园之间的交流与合作，总结2014年主要工作，安排部署2015年重点工作，定于2015年4月27日—28日在中国大理苍山世界地质公园召开2015年度中国世界地质公园年会，本次会议主题为“地质遗迹保护与世界地质公园网络10年”。', '世界地质公园年会报名回执', '', null);
INSERT INTO `legal` VALUES ('39', '1', 'FGFY0014', '关于加快申报世界地质公园建设的通知', '20150709', '新疆富蕴可可托海国家地质公园管理委员会、富蕴县国土资源局', '', '加快、申报、世界地质公园、建设', '根据《国土资源部办公厅关于做好2015、2016年度世界地质公园申报工作的函》（国土资函[2014]100号）文件精神，新疆富蕴可可托海国家地质公园作为2016年度中国向联合国报送的世界地质公园申报单位。现新疆富蕴可可托海国家地质公园管理委员会和富蕴县国土资源局联合你公司根据《世界地质公园网络指南和标准》尽快开展工作。凡未在规定期限内完成建设与整改的将进行问责。', '国家地质公园建设标准', '', null);
INSERT INTO `legal` VALUES ('40', '1', 'FGFY0015', '关于报送《中国新疆可可托海世界地质公园网络成员申请书》的函', '20150811', '新疆富蕴可可托海国家地质公园管理委员会', '', '报送、中国新疆可可托海世界地质公园、网络成员申请书、函', '我单位严格按照世界地质公园申报要求及规范，进一步推进世界地质公园申报工作，现需逐级上报《中国新疆可可托海世界地质公园网络成员申请书》及相关附件，最终提交至联合国教科文组织生态与地学部地球观测处地质公园秘书处。', ' ', '', null);
INSERT INTO `legal` VALUES ('41', '1', 'FGFY0016', '关于报送《中国新疆可可托海世界地质公园网络成员申请书》的报告', '20150811', '阿勒泰地区国土资源局', '', '报送、中国新疆可可托海世界地质公园、网络成员申请书、报告', '新疆富蕴可可托海国家地质公园管理委员会能严格按照世界地质公园申报要求及规范进行申报，为进一步推进世界地质公园申报工作，现需逐级上报《中国新疆可可托海世界地质公园网络成员申请书》及相关附件，最终提交至联合国教科文组织生态与地学部地球观测处地质公园秘书处。请厅予以逐级上报为盼。', ' ', '', null);
INSERT INTO `legal` VALUES ('42', '1', 'FGFY0017', '关于下发中国新疆可可托海世界地质公园网络成员申请书评审意见的通知', '20150817', '新疆维吾尔自治区国土资源厅', '', '中国新疆可可托海世界地质公园、网络成员申请书、评审意见、通知', '经专家复核，同意评审通过。请你单位尽快组织编制单位进一步修改完善后，提交国土资源部上报联合国教科文组织地质公园秘书处。', '《中国新疆可可托海世界地质公园网络成员申请书》评审意见', '', null);

-- ----------------------------
-- Table structure for level_evolution
-- ----------------------------
DROP TABLE IF EXISTS `level_evolution`;
CREATE TABLE `level_evolution` (
  `id` int(11) NOT NULL AUTO_INCREMENT,
  `park_id` int(11) NOT NULL COMMENT '公园id',
  `name` varchar(256) DEFAULT NULL COMMENT '名称',
  `time` varchar(256) DEFAULT NULL COMMENT '时间',
  `level` varchar(256) DEFAULT NULL COMMENT '级别',
  `organizer` varchar(256) DEFAULT NULL COMMENT '主管单位',
  `remark` text COMMENT '备注',
  `protection_number` varchar(256) DEFAULT NULL COMMENT '保护区编号',
  PRIMARY KEY (`id`)
) ENGINE=InnoDB AUTO_INCREMENT=3 DEFAULT CHARSET=utf8mb4 COMMENT='级别沿革';

-- ----------------------------
-- Records of level_evolution
-- ----------------------------
INSERT INTO `level_evolution` VALUES ('1', '1', '新疆富蕴可可托海国家地质公园管理委员会', '2011-05-31', '正县级', '新疆维吾尔族自治区国土资源厅', '为富蕴县委、政府的派出机构，行使地质公园管理职责。核定领导职数5名（正县2名、副县3名），科级职数14名。同时，设置7个内设机构分别为：综合办公室、政工人事处、财务统计局、规划建设局、开发局、景区景点管理局、矿山地质公园管理局。', 'B6543221');
INSERT INTO `level_evolution` VALUES ('2', '1', '新疆远方旅游有限公司', '2006', '无', '富蕴县人民政府', '县委、县政府以国家地质公园为品牌通过招商的形式引进了新疆远方旅游有限公司对地质公园进行建设和管理。', 'B6543221');

-- ----------------------------
-- Table structure for major_protection
-- ----------------------------
DROP TABLE IF EXISTS `major_protection`;
CREATE TABLE `major_protection` (
  `id` int(11) NOT NULL AUTO_INCREMENT,
  `park_id` int(11) NOT NULL COMMENT '公园ID',
  `protection_number` varchar(256) DEFAULT NULL COMMENT '保护区编号',
  `protection_object_number` varchar(256) DEFAULT NULL COMMENT '保护对象编号',
  `name` varchar(256) DEFAULT NULL COMMENT '名称',
  `protection_object_category` varchar(256) DEFAULT NULL COMMENT '保护对象类型',
  `protection_level` varchar(256) DEFAULT NULL COMMENT '保护级别',
  `geological_age` varchar(256) DEFAULT NULL COMMENT '地质年代',
  `safeguard` varchar(256) DEFAULT NULL COMMENT '保护措施',
  `develop` varchar(256) DEFAULT NULL COMMENT '开发利用情况',
  `lengths` varchar(256) DEFAULT NULL COMMENT '长度',
  `acreage` varchar(256) DEFAULT NULL COMMENT '面积',
  `specimen` varchar(256) DEFAULT NULL COMMENT '是否有实物标本',
  `feature_desc` varchar(1000) DEFAULT NULL COMMENT '特征描述',
  `img` text CHARACTER SET utf8 COMMENT '照片',
  PRIMARY KEY (`id`)
) ENGINE=InnoDB AUTO_INCREMENT=13 DEFAULT CHARSET=utf8mb4 COMMENT='重点保护对象';

-- ----------------------------
-- Records of major_protection
-- ----------------------------
INSERT INTO `major_protection` VALUES ('1', '1', 'B6543221', 'DXFY0001', '神钟山', '其他地质遗迹', '一级保护', '燕山期', '已建立国家地质公园（保护区），并有专门的游客观景台。', '已开发利用，并建立了观景台及景观解说牌。', '500', '5000', '否', '山顶呈鱼脊背状，东西向展布，顶部均宽5～10米，长约500米。山体由东向西呈阶梯状上升，有4级平台。山体北侧崖壁陡峭，坡度在80º以上；南侧稍缓，坡度在65º以上。一座如钟如锥的花岗岩奇峰在南岸平地拔起，气势逼人。山体表面形态既圆润平滑，又十分陡峭，还发育好似凝固的巨瀑一样的竖直沟槽。', '/images/majorProtection/15735676090110.jpg');
INSERT INTO `major_protection` VALUES ('2', '1', 'B6543221', 'DXFY0002', '1931年富蕴地震断裂带', '其他地质遗迹', '一级保护', ' ', '未采取专门措施进行保护，位于国家地质公园（保护区），目前未对外开放。', '未开发利用，虽已纳入国家地质公园（保护区），但未对外开放。', '176000', '0', '否', '形成于1931年的富蕴大地震，属于阿尔泰造山带东南部构造变形域内的多期次活动构造带，是一条连续性较好的地震断裂带，具有强烈右旋水平扭动特征。它北起买增萨依沟口，向南终止于阿尔曼特山北坡，全长176千米，一般宽数十米，局部膨大加宽，在震中区宽度最大达4千米。它基本上由北北西（为主）和近南北向（局部）的地段交替组合而成。断裂带总体走向为北北西向，倾向西，倾角70°左右。富蕴地震断裂带可分为三大段和若干亚段：北部引张段（恰尔沟以北地段，北北西和北西向为主，全长55千米）、主体走滑段（恰尔沟到库尔尕克萨依以北，全', '');
INSERT INTO `major_protection` VALUES ('3', '1', 'B6543221', 'DXFY0003', '卡拉先格尔地震塌陷区', '其他地质遗迹', '一级保护', ' ', '未采取专门措施进行保护，位于国家地质公园（保护区），目前未对外开放。', '未开发利用，虽已纳入国家地质公园（保护区），但未对外开放。', '1500', '300000', '否', '位于卡拉先格尔阿克萨依沟尾，整个塌陷区面积约为0.3平方千米。塌陷区呈长条状近南北向展布，长1.5千米，宽350米，总体南高北低。因富蕴-二台断裂带右侧地块沿地震断层发生以右旋走滑为特征的重力滑塌而形成。', '/images/majorProtection/15735676558741.jpg');
INSERT INTO `major_protection` VALUES ('4', '1', 'B6543221', 'DXFY0004', '小钟山', '其他地质遗迹', '二级保护', '燕山期', '已建立国家地质公园（保护区）', '已开发利用，并建立了国家地质公园及景观解说牌。', '140', '0', '否', '位于神钟山东北侧，山体中段发育有众多凹坑，深约0.1～0.3米，直径约0.1～0.5米，线性分布，宽约8米，长约60米。它形似一个天然的元宝，同时又形似一口巨钟，整体形状小于神钟山。', '/images/majorProtection/15735676683862.jpg');
INSERT INTO `major_protection` VALUES ('5', '1', 'B6543221', 'DXFY0005', '弧形地震陡坎', '其他地质遗迹', '二级保护', ' ', '未采取专门措施进行保护，位于国家地质公园（保护区），目前未对外开放。', '未开发利用，虽已纳入国家地质公园（保护区），但未对外开放。', '0', '500', '否', '位于阿克萨依沟尾2140米高程点东侧，分布范围为整个山脊，面积500平方米。该点为地震陡坎，陡坎走向110°，在山脊处发生转折向60°，呈弧形弯曲，高0.8～2米，坡度大于75°。陡坎北侧形成深约1.5米的沟槽。', '/images/majorProtection/15735676831973.jpg');
INSERT INTO `major_protection` VALUES ('6', '1', 'B6543221', 'DXFY0006', '阶梯状陡坎', '其他地质遗迹', '二级保护', ' ', '未采取专门措施进行保护，位于国家地质公园（保护区），目前未对外开放。', '未开发利用，虽已纳入国家地质公园（保护区），但未对外开放。', '0', '0', '否', '属于地震陡坎，一般高约0.2-0.5米，延伸长度不一，分布于富蕴地震断裂带主断层西侧，纵横交织，呈阶梯状，大体可分为北北西、近南北、北东东-近东西向三组，分布范围宽约3500米。它是地震断层和地震地表破裂带两侧差异升降运动形成的、由一个倾向下降盘的自由面组成的线状陡坎或陡崖。', '/images/majorProtection/15735676954874.jpg');
INSERT INTO `major_protection` VALUES ('7', '1', 'B6543221', 'DXFY0007', '基岩地震陡坎', '其他地质遗迹', '二级保护', ' ', '未采取专门措施进行保护，位于国家地质公园（保护区），目前未对外开放。', '未开发利用，虽已纳入国家地质公园（保护区），但未对外开放。', '0', '0', '否', '古地震断层陡坎坡角稍缓，新地震断层陡坎坡角较陡，两者坡角相差10°左右，因其形似雄鸡鸡冠，又称为鸡冠状山脊，是古地震断错的地貌标志。', '/images/majorProtection/15735677049655.jpg');
INSERT INTO `major_protection` VALUES ('8', '1', 'B6543221', 'DXFY0008', '地震眉脊', '其他地质遗迹', '二级保护', ' ', '未采取专门措施进行保护，位于国家地质公园（保护区），目前未对外开放。', '未开发利用，虽已纳入国家地质公园（保护区），但未对外开放。', '15', '500', '否', '位于阿克萨依沟尾山脊西山坡上，面积500平方米。眉陡坎高约1.82米，长约15米，犹如“人眉”，属于地震微地貌。', '/images/majorProtection/15735677175696.jpg');
INSERT INTO `major_protection` VALUES ('9', '1', 'B6543221', 'DXFY0009', '错动的倒石堆', '其他地质遗迹', '二级保护', ' ', '未采取专门措施进行保护，位于国家地质公园（保护区），目前未对外开放。', '未开发利用，虽已纳入国家地质公园（保护区），但未对外开放。', '0', '0', '否', '在1931年富蕴地震中，沿斜坡崩落的石块在坡度较平缓的山麓地带堆积而成的锥形体。平面形态呈三角形，碎石块大小不一、棱角明显、分选性好，从其边界错移距离可推断出1931年富蕴大地震的断层位移量达14米。', '/images/majorProtection/15735677254067.jpg');
INSERT INTO `major_protection` VALUES ('10', '1', 'B6543221', 'DXFY0010', '三号伟晶岩矿脉', '其他地质遗迹', '二级保护', ' ', '已建立国家地质公园（保护区）和国家矿山公园进行保护。', '已开发利用，并建立了观景台及景观解说牌。', '0', '0', '否', '形态独特，呈草帽状，帽高、帽宽均为250米，帽缘直径为2千米，厚20-40米。主体走向为西北向，倾向南西。帽高、帽宽均为250米，帽缘直径为2千米，厚20-40米，具有同心环带状构造，钟状体部分由外向内依次划分为9个带：\nⅠ带文象及变文象结构中粗粒伟晶岩带，为次要含铍矿带；\nⅡ带细粒钠长石带，为主要含铍矿带；\nⅢ带块体微斜长石带，为钾长石矿带；\nⅣ带石英-白云母带，含铍矿带；\nⅤ带叶钠长石-锂辉石带，为含铍、钽铌的锂矿带；\nⅥ带石英-锂辉石带，为含铍、钽铍的锂矿带；\nⅦ带白云母-薄片钠长石带，为含锂、铍的', '/images/majorProtection/15735677527648.jpg');
INSERT INTO `major_protection` VALUES ('11', '1', 'B6543221', 'DXFY0011', '三号伟晶岩矿脉采矿坑', '其他地质遗迹', '二级保护', ' ', '已建立国家地质公园（保护区）和国家矿山公园进行保护。', '已开发利用，并建立了观景台及景观解说牌。', '250', '60000', '否', '位于可可托海镇河南约1千米处。三号伟晶岩矿脉从海拔1236米的矿体露头被采至海拔1096米的矿底深部，垂直深度140米，低于额尔齐斯河102米，共采出有用矿石700多万吨。整个矿坑长250米、宽240米，是3号矿脉开采所遗留下来的采矿坑，现已采到深约140米，形成13层环状运矿车道。气势磅礴，犹如古罗马巨型“斗牛场”。', '/images/majorProtection/15735677756569.jpg');
INSERT INTO `major_protection` VALUES ('12', '1', 'B6543221', 'DXFY0012', '大钟山', '其他地质遗迹', '二级保护', '印支期', '已建立国家地质公园（保护区）进行保护。', '未开发利用。', '80', '0', '否', '大钟山位于喀依尔提河东岸，上部直径80米，下部直径200米，平地拔起。山体高160米，表面形态既圆润平滑，又十分陡峭，在其坡面中部由节理裂隙勾勒出一只狐狸轮廓，五官活灵活现，形象逼真。山体高160米，表面形态既圆润平滑，又十分陡峭，在其坡面中部由节理裂隙勾勒出一只狐狸轮廓，五官活灵活现，形象逼真。', '/images/majorProtection/157356779835410.jpg');

-- ----------------------------
-- Table structure for managementagency
-- ----------------------------
DROP TABLE IF EXISTS `managementagency`;
CREATE TABLE `managementagency` (
  `id` int(11) NOT NULL AUTO_INCREMENT,
  `park_id` int(10) NOT NULL COMMENT '地质公园ID',
  `managename` varchar(256) DEFAULT NULL COMMENT '管理机构（科室）名称',
  `level` varchar(256) DEFAULT NULL COMMENT '管理机构级别',
  `maincharge` varchar(256) DEFAULT NULL COMMENT '主要负责人姓名',
  `secondarycharge` varchar(256) DEFAULT NULL COMMENT '次要负责人姓名',
  `job` varchar(256) DEFAULT NULL COMMENT '负责人职务',
  `number` varchar(256) DEFAULT NULL COMMENT '管理机构设置人数',
  `list` varchar(256) DEFAULT NULL COMMENT '机构工作人员',
  `responsibility` varchar(256) DEFAULT NULL COMMENT '机构职责与分工',
  `phone` varchar(256) DEFAULT NULL COMMENT '负责人联系电话',
  PRIMARY KEY (`id`) USING BTREE
) ENGINE=InnoDB AUTO_INCREMENT=6 DEFAULT CHARSET=utf8 ROW_FORMAT=DYNAMIC COMMENT='管理机构';

-- ----------------------------
-- Records of managementagency
-- ----------------------------
INSERT INTO `managementagency` VALUES ('5', '1', '新疆富蕴可可托海国家地质公园管理委员会', '正县级', '待定', '', '', '19', '赛提哈力.拜森拜、郑军、木合亚提.吾泰、胡德寿、蒲小军、魏强山', '为富蕴县委、政府的派出机构，行使地质公园管理职责。核定领导职数5名（正县2名、副县3名），科级职数14名。同时，设置7个内设机构分别为：综合办公室、政工人事处、财务统计局、规划建设局、开发局、景区景点管理局、矿山地质公园管理局。', '');

-- ----------------------------
-- Table structure for manageperson
-- ----------------------------
DROP TABLE IF EXISTS `manageperson`;
CREATE TABLE `manageperson` (
  `id` int(11) NOT NULL AUTO_INCREMENT,
  `management_id` int(10) NOT NULL COMMENT '管理机构ID',
  `name` varchar(256) DEFAULT NULL COMMENT '姓名',
  `sex` varchar(256) DEFAULT NULL COMMENT '性别',
  `nation` varchar(256) DEFAULT NULL COMMENT '民族',
  `birth` varchar(256) DEFAULT NULL COMMENT '出生年月',
  `college` varchar(256) DEFAULT NULL COMMENT '毕业院校',
  `subject` varchar(256) DEFAULT NULL COMMENT '专业',
  `degree` varchar(256) DEFAULT NULL COMMENT '学历学位',
  `position` varchar(256) DEFAULT NULL COMMENT '职务职称',
  `job` varchar(256) DEFAULT NULL COMMENT '工作内容',
  `img` text COMMENT '照片',
  PRIMARY KEY (`id`) USING BTREE
) ENGINE=InnoDB DEFAULT CHARSET=utf8 ROW_FORMAT=DYNAMIC COMMENT='管理人员';

-- ----------------------------
-- Records of manageperson
-- ----------------------------

-- ----------------------------
-- Table structure for mineralright
-- ----------------------------
DROP TABLE IF EXISTS `mineralright`;
CREATE TABLE `mineralright` (
  `id` int(11) NOT NULL AUTO_INCREMENT,
  `park_id` int(10) NOT NULL COMMENT '地质公园ID',
  `number` varchar(256) DEFAULT NULL COMMENT '编号',
  `type` varchar(256) DEFAULT NULL COMMENT '类型',
  `license` varchar(256) DEFAULT NULL COMMENT '许可证号',
  `mineralhumanname` varchar(256) DEFAULT NULL COMMENT '矿权人名称',
  `mineralname` varchar(256) DEFAULT NULL COMMENT '矿权名称',
  `mineralspecies` varchar(256) DEFAULT NULL COMMENT '主要矿种',
  `position` varchar(256) DEFAULT NULL COMMENT '位置',
  `area` varchar(256) DEFAULT NULL COMMENT '面积',
  `lat` varchar(128) DEFAULT NULL COMMENT '经度',
  `lng` varchar(128) DEFAULT NULL COMMENT '纬度',
  `validity` varchar(256) DEFAULT NULL COMMENT '有效期',
  `note` text COMMENT '备注',
  PRIMARY KEY (`id`) USING BTREE
) ENGINE=InnoDB DEFAULT CHARSET=utf8 ROW_FORMAT=DYNAMIC COMMENT='矿权设置情况';

-- ----------------------------
-- Records of mineralright
-- ----------------------------

-- ----------------------------
-- Table structure for monograph
-- ----------------------------
DROP TABLE IF EXISTS `monograph`;
CREATE TABLE `monograph` (
  `id` int(11) NOT NULL AUTO_INCREMENT,
  `park_id` int(11) NOT NULL COMMENT '公园ID',
  `protection_number` varchar(256) DEFAULT NULL COMMENT '保护区编号',
  `monograph_number` varchar(256) DEFAULT NULL COMMENT '专著编号',
  `result_number` varchar(256) DEFAULT NULL COMMENT '成果编号',
  `name` varchar(256) DEFAULT NULL COMMENT '书名',
  `author` varchar(256) DEFAULT NULL COMMENT '作者',
  `publishing_date` varchar(256) DEFAULT NULL COMMENT '出版时间',
  `publishing_house` varchar(256) DEFAULT NULL COMMENT '出版社',
  `publishing_place` varchar(256) DEFAULT NULL COMMENT '出版地',
  `collection_situation` varchar(256) DEFAULT NULL COMMENT '收集情况',
  `summary` varchar(256) DEFAULT NULL COMMENT '摘要',
  `remark` text COMMENT '备注',
  `url` text CHARACTER SET utf8 COMMENT '存储地址',
  PRIMARY KEY (`id`)
) ENGINE=InnoDB AUTO_INCREMENT=11 DEFAULT CHARSET=utf8mb4 COMMENT='专著';

-- ----------------------------
-- Records of monograph
-- ----------------------------
INSERT INTO `monograph` VALUES ('1', '1', 'B6543221', 'ZZFY0001', 'KKTH0001', '富蕴地震断裂带', '新疆维吾尔自治区地震局', '1985', '地震出版社', '新疆维吾尔自治区', '全文', '以丰富的实际资料和图片对言蕴地震断裂带的几何季、运动学、动力学等方面的特征做了全面分析和研究，对发震的二台断裂的新活动以及阿尔泰地区的区域构造环境、区域构造应力场、现代地壳运动和动力来源等问题进行了探讨，并结合富蕴地震断裂锵的研究阐述了研究地震断县的方法和途径。', ' ', '');
INSERT INTO `monograph` VALUES ('2', '1', 'B6543221', 'ZZFY0002', 'KKTH0002', '存在的动影-新疆野生动物摄影纪实', '尼加提.马合木提', ' ', '新疆美术摄影出版社、克鲁格出版社（美国）', '新疆', '全文', ' ', ' ', '');
INSERT INTO `monograph` VALUES ('4', '1', 'B6543221', 'ZZFY0003', 'KKTH0003', '新疆阿尔泰山两河源综合科学考察', '新疆阿尔泰山林业局', ' ', '新疆科学技术出版社', '新疆', '全文', ' ', ' ', '');
INSERT INTO `monograph` VALUES ('5', '1', 'B6543221', 'ZZFY0004', 'KKTH0004', '阿尔泰花岗岩类及其与成矿关系的研究', '新疆维吾尔自治区人民政府国家三〇五项目研究办公室', '1989年12月', ' ', '新疆', '全文', ' ', ' ', '');
INSERT INTO `monograph` VALUES ('6', '1', 'B6543221', 'ZZFY0005', 'KKTH0005', '富蕴年鉴', '《富蕴年鉴》编纂委员会', '2014', '新疆人民出版总社、新疆人民出版社', '新疆', '全文', ' ', ' ', '');
INSERT INTO `monograph` VALUES ('7', '1', 'B6543221', 'ZZFY0006', 'KKTH0006', '矿物学', '蒂托夫', ' ', '人民教育出版社', ' ', ' ', ' ', ' ', '');
INSERT INTO `monograph` VALUES ('8', '1', 'B6543221', 'ZZFY0007', 'KKTH0007', '世界的可可托海', ' ', ' ', '新疆美术摄影出版社', '新疆', '全文', ' ', '画册', '');
INSERT INTO `monograph` VALUES ('9', '1', 'B6543221', 'ZZFY0008', 'KKTH0008', '山河竞秀天富蕴藏', ' ', ' ', ' ', ' ', '全文', ' ', '画册', '');
INSERT INTO `monograph` VALUES ('10', '1', 'B6543221', 'ZZFY0009', 'KKTH0009', '金山富宝 额河蕴奇', ' ', ' ', ' ', ' ', '全文', ' ', '画册', '');

-- ----------------------------
-- Table structure for museum
-- ----------------------------
DROP TABLE IF EXISTS `museum`;
CREATE TABLE `museum` (
  `id` int(11) NOT NULL AUTO_INCREMENT,
  `park_id` int(10) NOT NULL COMMENT '公园ID',
  `museumname` varchar(256) DEFAULT NULL COMMENT '博物馆名称',
  `area` varchar(256) DEFAULT NULL COMMENT '面积',
  `buildtime` varchar(256) DEFAULT NULL COMMENT '建馆时间',
  `museummechanism` varchar(256) DEFAULT NULL COMMENT '博物馆管理机构设置',
  `museumpartition` text COMMENT '博物馆分区与布展情况',
  `exhibitsoverview` text COMMENT '馆藏展品概况',
  `position` varchar(256) DEFAULT NULL COMMENT '地址',
  `contact` varchar(256) DEFAULT NULL COMMENT '联系电话',
  `email` varchar(256) DEFAULT NULL COMMENT 'E-MAIL',
  `note` text COMMENT '备注',
  PRIMARY KEY (`id`) USING BTREE
) ENGINE=InnoDB AUTO_INCREMENT=8 DEFAULT CHARSET=utf8 ROW_FORMAT=DYNAMIC COMMENT='博物馆基本情况';

-- ----------------------------
-- Records of museum
-- ----------------------------
INSERT INTO `museum` VALUES ('6', '3', '可可托海国家地质公园博物馆', '13000', '2008', '', '可可托海国家地质公园博物馆整体占地面积13000平方米，建筑面积6000平方米。它分为四大功能区：展览展示区、公共服务区、办公区以及设备区。展览展示区包括序厅、神奇的可可托海展区、风景摄影长廊和沧海桑田展区。公共服务区则由珠宝展卖区、商品销售区、上网休闲区、多功能厅以及休息室、医务室等组成。', '', '', '', '', '地质公园博物馆兼具公园游客服务中心功能');
INSERT INTO `museum` VALUES ('7', '3', '可可托海地质陈列馆', '3600平方米', '1956年', '', '可可托海地质陈列馆原为可可托海矿区职工俱乐部，始建于上世纪五十年代，是全疆目前保存最完整的俄氏风格建筑，建筑面积约3432平方米，展厅面积1000多平方米，由前国务院副总理方毅亲笔题写。2014年，可可托海地质陈列馆被自治区组织部挂牌授予：“自治区干部红色教育基地”称号。2015年，被中国航天基金会授予“两弹一星”爱国主义教育基地称号。可可托海地质陈列馆分为两个展厅。', '可可托海地质陈列馆充分利用富蕴县境内可可托海花岗伟晶岩三号矿脉所开采出的、较有突出特点的大量珍贵矿物标本为主。为公众提供地质知识、教育和欣赏的综合文化知识教育场所，是一所专业知识较集中体现的公众地质大学宣讲台。', '', '', '', '可可托海地质阵列馆始建于1956年(原为新疆有色金属工业可可托海矿务局职工俱乐部)。它集电影、放影、图书馆、文化活动中心、为一体的职工工文化活动中心。\n可可托海职工俱乐部的建筑风格属于欧式流派,典型的俄式建筑, 拱型的大门、门前三级式的喷泉、冬暧夏凉的自然空调使整个建筑的造型与俄罗斯圣彼得格勒广场如出一辙。\n2007年以来稀有金属有限责任公司重新投资,经过改建和装修基本恢复了可可托海职工俱乐部建筑的原先面貌。改建为地质陈列馆,并具有游客接待中心的综合多功能企业文化广场,成为这个小镇一道高丽的风景线。\n“地质陈列馆”馆名由原国务院副总理方毅亲笔题写。它位于可可托海镇建设路北路，于2008年正式纳入可可托海国家地质公园并对外开放。\n该馆现占地面积3600平方米，展厅面积1000多平方米，是新疆及全国首家以稀有金属矿物为主要标本的博物馆。\n可可托海地质博物馆经过几年来的建设和发展，在全国被誉为稀有金属博物馆之称。\n馆中的一幅幅老照片、一尊尊稀有矿石标本，在向人们无声地诉说着可可托海的过去，诉说着这个矿区的艰难与兴衰，记录着光荣与梦想。\n可可托海地质陈列馆充分利用富蕴县境内可可托海花岗伟晶岩三号矿脉所开采出的、较有突出特点的大量珍贵矿物标本为主。为公众提供地质知识、教育和欣赏的综合文化知识教育场所，是一所专业知识较集中体现的公众地质大学宣讲台。\n该馆充分展现了新疆有色工业的发展史，弘扬了新中国成立之初新疆各族人民不畏艰辛、艰苦奋斗的创业史及民族团结，偿还国家40%外债的拼搏精神史。成为教育人们对国防事业、两弹一星做出巨大贡献的新疆矿山各族人民及爱国主义精神课堂，成为展示新疆悠久历史和广大人民群众进行爱国主义教育的重要平台。\n');

-- ----------------------------
-- Table structure for museumexhibition
-- ----------------------------
DROP TABLE IF EXISTS `museumexhibition`;
CREATE TABLE `museumexhibition` (
  `id` int(11) NOT NULL AUTO_INCREMENT,
  `park_id` int(10) NOT NULL COMMENT '地质公园ID',
  `museumid` varchar(256) DEFAULT NULL COMMENT '博物馆编号',
  `museumname` varchar(256) DEFAULT NULL COMMENT '博物馆名称',
  `number` varchar(256) DEFAULT NULL COMMENT '展厅编号',
  `exhibitionname` varchar(256) DEFAULT NULL COMMENT '展厅名称',
  `facilities` text COMMENT '公共服务设施情况',
  `img` text COMMENT '图片地址',
  `exhibitiondesc` text COMMENT '展厅描述',
  PRIMARY KEY (`id`) USING BTREE
) ENGINE=InnoDB AUTO_INCREMENT=17 DEFAULT CHARSET=utf8 ROW_FORMAT=DYNAMIC COMMENT='博物馆展厅';

-- ----------------------------
-- Records of museumexhibition
-- ----------------------------
INSERT INTO `museumexhibition` VALUES ('8', '3', '7', '', '1', '矿石陈列馆', '主要以可可托海“三号矿脉”开采的，较有突出特点的大量珍贵矿物标本为主要展品。馆藏地质标本及展品400余件，矿种多达94种，涵盖世界级矿物精品两种，国家级矿物精品3种，世界上唯一一块“额尔齐斯石”也珍藏于馆中。', '/images/museumexhibition/157344091846071.jpg', '主要以可可托海“三号矿脉”开采的，较有突出特点的大量珍贵矿物标本为主要展品。馆藏地质标本及展品400余件，矿种多达94种，涵盖世界级矿物精品两种，国家级矿物精品3种，世界上唯一一块“额尔齐斯石”也珍藏于馆中。');
INSERT INTO `museumexhibition` VALUES ('9', '3', '7', '', '2', '老照片馆', '馆藏历史照片近千张。照片馆中一幅幅老照片记录着这个小镇的荣辱兴衰，记录着共和国功勋前辈为国分忧的峥嵘岁月。', '/images/museumexhibition/157344093324672.jpg', ' 1、老沙盘\n   可可托海蒙古语意为“蓝色的港湾”，哈萨克语意为“绿色的丛林”。夏季凉爽，冬季严寒，最低温度-51.5℃，仅次于东北漠河，有“中国西北寒极”之称。它位于额尔齐斯河上游，盛产稀有金属矿产品和各类珠宝。据口碑资料描述，在可可托海第一代建设者没有进入小镇之前，这里是阿尔泰群山之中茂密的森林和草场。 我们眼前的这个沙盘就是可可托海80年代的沙盘模型。大家可以很明显的看出，当时可可托海的房屋密度还是很大的，可可托海在人口鼎盛时期曾一度达到3万人左右，而我们今天的富蕴县城也就不过三万人。富蕴县政府最早就设立在可可托海，1959年才迁出可可托海镇。历史上可可托海的过去可以用辉煌来形容，他一度被誉为“西部小上海”。当阿勒泰市只有三栋楼房之时，可可托海就已经有5栋楼房了，而且50年代就已经有三层楼房了，当时的乌鲁木齐最高的楼房也就是两层，更别说阿勒泰市了。而且可可托海曾经的医疗、采矿、教育、建筑水平在新疆是数一数二的。可可托海为我国培养了大量的优秀人才，其中不乏院士、专家等。可可托海是全世界地质学者梦寐以求的朝圣之地，孕育了“地质圣坑”三号矿脉。这里也是新中国第一个中外合资企业所在地，这里还是新疆稀有金属工业的摇篮，可可托海矿务局曾是副厅级单位。然而由于军工战略物资保密的需要，可可托海却长期不被世人所知。在长达半个多世纪的历史长河中，可可托海矿区长期属于国家保密军事管制区，老地图中没有可可托海这个地名，它被隐藏在深山之中，并被一个保密代号“Ⅲ矿”代表着，任何人不得擅入矿区。矿区实行严格的军事化管理，1980年以前，可可托海的一切都不允许对外公开，在可可托海工作的老前辈们一度以为这段历史是要“看在眼睛里，记在心里，烂在肚子里，带进棺材里”的。 \n    其实可可托海是因矿而生、因矿而兴的矿山小镇。早在30年代，本地牧民在三号矿脉露头部分就已经捡到绿柱石、碧玺、水晶、玛瑙等多彩艳丽的矿物用作珠宝装饰物。同一时期前苏联的地质专家也在额尔齐斯河下游的泥沙中发现大量稀有金属元素，判断上游可能存在大型稀有金属矿床。1933年，乌鲁木齐政变，盛世才政府实行亲苏政策，允许苏联地质人员来阿勒泰地区进行地质普查、勘探和开采。1935年苏联专门派出专家小组溯额河而上，发现了包括可可托海三号矿脉在内的阿尔泰山的多处矿点。1935-1940年间，来华工作组络绎不绝并对阿勒泰地区的矿石进行试采均获益匪浅。从40年代到1950年3月，一直由苏联人负责整个阿勒泰地区的稀有金属和勘探、开采工作，期间苏联在阿勒泰开采矿点无数，仅在可可托海就有三个矿场，均为露天粗放式开采。直到1950年，新中国第一个股份合资企业在可可托海诞生之日起，这里拉开了我国稀有金属工业的序幕。接下来我们来了解1950-1955年的可可托海，也就是中苏合营时期。\n2、中苏合营\n     1950年，根据《中苏友好同盟互助条约》，中国和苏联在新疆成立4家股份合资公司，毛泽东和斯大林两位中苏元首都亲自见证了《中苏友好同盟互助条约》的签署，刘少奇、彭德怀、王震等领导都对此做过重要批示。这也是我国建国后最早的股份公司，其中之一就是在可可托海成立的中苏有色及稀有金属股份公司，被誉为共和国的长子，新疆有色工业的摇篮。股份公司的成立对于冲破帝国主义对新中国的经济封锁，协助我国奠定工业初步基础，尤其对促进中国新疆的经济建设作出了贡献。中苏有色及稀有金属股份公司是新中国利用外资的有益探索。在中苏合营期间，我们得到了苏联各方面的援助和支持，新中国成立之后最早的矿山企业在祖国西北角的这个山沟里萌芽、成长。公司成立之后，第一代可可托海人响应国家号召，从祖国的四面八方汇聚到这个西北边陲小镇，战斗在偏僻高寒的深山老林，他们发扬战天斗地的大无畏英雄气概，开拓、奠定了今天可可托海，开发了享誉全球、号称“世界天然地质矿产博物馆”的可可托海“三号矿脉”，开启了几代人的光荣与梦想。\n这些照片是苏联专家在1950-1955年间，援建可可托海时期留下的珍贵照片。在苏联专家的积极帮助之下，我国的有色金属事业逐步发展壮大起来。可可托海小镇也逐步发展成为一个初具模型的矿山小镇。这期间，我们和苏联的关系非常友好，苏联专家不但给予我们很多技术上的帮助，还在私底下教会中国职工很多逃生技能。可可托海有这样一个故事，1953年的一天，可可托海二矿的爆破工人木邓尔同志，和平时一样在矿区竖井中安放炸药，待炸药全部放入炮眼后，他点燃了炮捻，这时他猛然发现，竖井上的逃生绳掉下来了，这时，木邓尔同志临危不惧，灵机一动将炸药箱子和棉衣堆放在炮眼上，自己坐在上面，结果炸药引爆后气流将他瞬间送出地面，他本人毫发未伤，大家送他外号“孙悟空”。事后有人问他，你怎么就能想到这个方法自救呢？木邓尔笑着说，是苏联专家交给他的。这种兄弟般的友好氛围一直持续到1955年。1954年12月，赫鲁晓夫将《中苏友好同盟互助条约》中双方协商在新疆共同经营的四个股份公司的股权移交我国。\n这张照片就是股权交接仪式，1955年元月一日，交接仪式在乌鲁木齐举行。从这一天起，我国开始独立经营“中苏有色及稀有金属股份公司”，公司更名为冶金工业部有色金属管理总局新疆有色金属公司可可托海矿管处，1956年规定其代号为“111矿”，1958年改名可可托海矿务局。可可托海矿区从这一刻起改为独自经营。也就是说从这一天起我国开始独立开采自己国家的矿山了，对中国人来说这是非常提气的时刻。然而自此之后，随着我们和苏联关系的逐渐恶化，苏联开始撤走专家，带走设备，烧毁图纸，年轻的可可托海矿务局陷入了困境。1960年，中苏关系更是降到了冰点。\n3、自力更生\n中苏合营时期，虽说双方各占50%股份，但在中苏合营时期可可托海矿务局行政、技术、经营管理、熟练技术工这些重要的管理和技术岗位几乎都是苏联人把持。 在移交初期，当时仅有少数苏联顾问和技术专家回国，我国依然依赖苏联的技术和专家开采三号矿脉。随着中苏关系的逐步恶化，到1960年，苏联撤走全部专家，仪器、设备、带走和烧毁图纸。可可托海矿务局生产陷入困境。面对这个严峻的问题，国家统一从内地大中专院校，部队、有色企业厂矿、地方单位和部门调入几批工作人员，边干边学，短期培训作为补充。\n当时矿区生产条件非常落后，工人们大多数时候使用钢钎、榔头采矿，而且基本没有劳保品，因此很多旷工得了矽肺和放射性疾病，终生被病痛折磨。矿志记载：截至1985年，1976年-1982年共收治各期矽肺病人607人，接待矽肺门诊13000人，好转的仅有319人，转院15人。1956年可可托海出现了第一例死亡病例，叫张上元，病人死后，医院的医生进行解剖，把他肺放到那个桌子上，肺就站在桌子上的，而人正常的肺放到桌子上，应该是塌下去的。出了这个事情之后，医院的大夫们拿上这个人的片子到矿上去给工人宣传，告诉大家这个病没有办法治，提醒大家一定要做好保护措施。但是职工为了获得更多的产品，将个人生死置之度外，前赴后继、奋不顾身的开采矿石。现在的他们都是80、90岁以上了，最小的也是70多岁了，他们在风华正茂的时候，为国家做出了贡献。前辈们开玩笑说：我们年轻时付出的血汗的痕迹都在矿山的脸上，“网线”的走纹都老了。真可谓无私奉献、坚韧不搓的一代人，鞠躬尽瘁报国心。\n可可托海人以牺牲健康和青春为代价，献了青春献子孙，在一没技术、二没设备情况下，凭着高度的使命感和顽强的毅力，发扬艰苦奋斗、自力更生的精神，不怕苦、不怕累，在坚硬的矿山上一锤、一镐的开采矿石。冬天为了防滑，工人们的脚底要打上轮胎片，钢钎和榔头就是生产工具，一双手套不到几个小时就会磨破，手指头常常冻得没有知觉，就是这样的一群人，他们有自己的血肉之躯和恶劣的气候、落后的生产条件作斗争，最终，以付出青春和健康为代价，奠定了新疆有色金属工业的基础，排除万难保证我国“两弹一星”事业原材料的正常供应，三年自然灾害时期为我国偿还近40%的苏联外债。可可托海人是一群应该被载入史册却被刻意隐藏的功勋们。\n   大家看这张照片，工人们正在人工装岩，雪堆上摆着毛主席的照片。摆张毛主席的照片就是动力来源，时至今日我们不难想象，这张照片的背后是多少可可托海人无怨无悔的付出，这张照片的背后有多少曾经青春和矫健的身影。\n    再看这一张照片，大会战誓师大会，工人们喊出”大战苦干四十天，提前为国家偿还外债“的口号，并且践行他们的诺言，这就是中华民族自强不息精神的缩影，这就是信仰的力量！这一时期，可可托海人凭着自力更生艰苦奋斗的精神，为我国两弹一星事业和偿还外债做出重要历史贡献，为打破了我国在稀有金属生产领域的很多技术空白，创新引领了新疆的稀有金属发展，为新疆的工业发展奠定了一定的基础。如果没有对国家、对民族高度而强烈的使命感，没有顽强的毅力，无法想象可可托海人怎么完成这一历史性任务。人是要有点精神的，时至今日，可可托海人高尚的精神追求，困难面前不低头的精神永远值得我们学习。4、偿还外债\n1960年7月，前苏联单方面撕毁对华经济援助协议，撤走全部专家。当时的中国仍然积贫积弱，而且我们欠苏联巨额的外债需要偿还。周恩来总理1964年在三届人大一次会议上做的《政府工作报告》及李先念在二届人大四次会议上做的《关于1961年和1962年国家决算的报告》中都有关于这段历史的记载：中国欠苏联的各项借款和应付利息共计十四亿零六百万新卢布(其中相当大的部分是使用和消耗在抗美援朝战争中军事物资的贷款和利息)，折合人民币五十二亿九千余元。按照协议，这些外债应于1965年前全部还清。尽管面临“三年自然灾害”，但是我们人穷志不短，为争一口气，全国人民还是勒紧裤腰带还清了这笔债务。最初国家用粮食、鸡蛋、苹果等这些副食品还债，但时逢全国三年自然灾害，用副食品还债就等于用我们保命的粮食来偿还外债，更何况用副食品还债，何时才能还清这笔巨额的债务啊？在这种紧急情况下，中共中央慎重决定，用苏联急缺的稀有金属矿产品顶替副食品还债。\n    1961年的冬天，可可托海接到重工业部下达的全年生产矿石偿还苏联外债的任务。这张照片就是当年偿还外债真实的情景再现。\n\n可可托海的冬天异常寒冷，据老矿工们回忆，冬天的可可托海三号矿脉平均零下三四十摄氏度，滴水成冰。零下三四十度的低温，矿车根本无法正常使用，工人们只能靠马拉爬犁，人工肩扛，毛驴背驮，一袋一袋的将矿石背出矿坑，再统一运往布尔津中转站。为了加速完成偿还外债的任务，矿务局所有的领导和工人全部下三号矿脉参加大会战。据老工人回忆，当时仅三号矿脉的选矿工就多达3000名。工人们争分夺秒的大干苦干，因为大家心里很清楚，在三年自然灾害这样的国难面前，时间就是生命！提前一天还完外债就就相当于救活多少条同胞性命，可可托海人这样一袋一袋的扛出去的，不仅是国家近40%的外债，更关系着无数同胞的生命和国家尊严之所在。然而这还不是最艰难的，可可托海人还债时期是在全国三年自然灾害时期完成的，最困难的时期，工人们只能喝6碗糊糊，干部每天只有4碗糊糊，但是没有人叫苦叫累，运送矿石的过程中从来没有一个人掉队。寒冷的冬天、工人们要饿着肚子干活，而且还是重体力劳动，渴了就抓把雪来解渴，饿了也只能忍着，真的是意志力的极限考验。很多工人一干就是10几个小时，就连家属和孩子们也要参加到大会战的队伍中。可可托海人是战胜严寒、战胜饥饿、战胜艰苦落后的条件，提前为国家换完了外债。这一举措直接为国家省下了多少粮食，相当于间接的救活了多少条中国人命！无法想象，当时如果没有三号脉的矿石作为抵债物资，顶替副食品还债，当时的中国又要还出去多少副食品和粮食，饿死多少中国人。三号矿脉挽救同胞性命于危难之际，维护了国家和民族的尊严。它被誉为“功勋矿”当之无愧！\n 5、为我国输送人才\n    可可托海不仅为国家的“两弹一星”等军分工产业做出过重要贡献，还为国家偿还过近40%的苏联外债，同时在几十年艰苦创业的过程中，为国家培养了大量的技术人才，一度被誉为“人才输出基地”。\n从中苏合营开始，可可托海就陆续从清华大学，西北大学，东北矿冶学院、长春地质学院等高校，还有中专院校招录人才，可可托海可谓“人才汇聚、智力密集”。同时可可托海矿务局作为全国有色金属工业的摇篮，培养了大批专业技术人才，尤其是在1975-1987年之间，先后往全国各地冶金系统援助有色金属专家和技术人员1615人。其中包括国家两院院士孙传尧及何麒麟、赵鹏大等专家，还有大批技术人员。\n6、技术革新\n 在将近半个世纪的发展历程中，可可托海人发扬改革创新，敢想敢干的工作热情，脚踏实地和科学严谨的工作态度，创造了很多技术上的全国之最，革新了很多技术，取得了很多成就，为矿山生产提高了效率、保证了质量，为可可托海走向辉煌奠定了基础。例如：稀有金属资源综合回收选矿工艺研究（全国科学大会优秀科技成果奖）；旋转螺旋溜槽（国家发明三等奖）；光面爆破技术、疏干排水技术、人造水晶技术属全国首创，还有三号脉露天开采设计，锂冶炼技术攻关都是可可托海的技术革新及成就。这些技术的革新和创新都为保障我国尖端军工产业提供原材料做出贡献。（这些已经在三号矿脉和87-66选矿厂已经讲过，这里不再重复）\n    可可托海的每一次技术改革创新都闪着前辈们智慧的光芒，让我们共同传承和发扬老一辈人敢想、敢干的勇气和魄力，脚踏实地、科学严谨的工作态度，崇尚科学的创新精神。\n7、改革开放，推广稀有，大搞有色，开发喀拉通克\n    1984年，前国务院副总理方毅视察可可托海矿务局，留下”推广稀有，大搞有色”八字战略方针，加之改革的春风，可可托海迎来了历史上的辉煌时期。陆续建设可可托海电解铝厂、喀拉通克铜镍矿、阜康冶炼中心等厂矿企业。推动新疆有色金属事业的发展。\n8、教育和医疗\n   可可托海矿务局医院成立于1954年初，首任院长为苏方医疗专家，医生全是苏方委派。1955年，矿山移交我国后，医院交由我国管理，医院下设儿科、外科、妇产科、口腔科、五官科、矽肺课、传染科、放射科等，医院坚持独立自主、自力更生，培养了朱居敬、崔英明、魏兴城等全国知名医疗专家，眼科微创、扁桃体摘除、胃切除、肝包虫等手术领先全国水平，为全疆的医疗事业发展做出了突出贡献，引领了全疆医疗水平的整体提高。这是一群战斗在特殊战线上的前辈，他们勤奋、忘我的工作，努力钻研自己的学科，为可可托海的持续发展补足了后劲，补充了优良的发展基因，培养了大批优秀教育医疗人才。\n    可可托海这个西北边陲小镇曾经是北疆80年代前最先进的教育医疗体系的代名词，老师们和医生们功不可没，他们崇高的职业理想，爱岗敬业，热爱学习，刻苦钻研的工作精神永远值得我们传承和发扬。\n9、教育版块\n    自1955年-1987年间，可可托海矿务局先后成立了矿区子女学校，开设小学、初中、高中课程，成立矿区技校、电大、职工中专、工读学校，还建成全疆第一家专科高等学府-矿业学校，为国家培养了大批少数民族干部和技术工程人员，新疆有色系统的很多领导和专家均处在矿业学校。期间可可托海涌现了很多优秀教师和学生，比如在办公案头与世长辞的付坚老师，好校长陈跃文，优秀少先队辅导员曹基美，中国好儿童赵鹏丽等。\n在可可托海，学习不仅仅只局限在课堂上，浓厚的学习氛围感染着每一个人，就连妇女同志们在工作之余，也不忘记学习科学文化知识。\n大家看这张照片，这是在60年代初，可可托海家属队们在工作之余学习文化知识的照片。大家看当时的家属们，虽然物质条件很艰苦，穿着补丁摞补丁的衣服，但是我们依然可以感受到大家学习文化知识的乐观向上的精神面貌。联想到今天的我们，在我们的物质生活日益丰富的同时，我们更应该去学习前辈们这种乐观向上的精神。\n10、民族团结\n习近平总书记在视察新疆和第二次中央新疆工作座谈会上强调，新疆最长远的问题还是民族团结问题，新疆最大的群众工作是民族团结。而在可可托海，民族团结不只是一项工作，更是各民族同胞亲如一家人的深厚感情的体现。可可托海是少数民族地区，少数民族所占比重相当大，中苏合营时期一度达到80%，各族职工在长期共同的工作和生活中，携手并肩，团结前行，心往一处想、劲往一处使，共同的信仰使各族同胞的建立了深厚的感情，各民族之间和睦相处，涌现了一大批民族团结进步的集体和先进个人。有十年如一日关心照顾双目失明的维吾尔族大娘肉牧母女生活的共产党员蔡英，有3次抢救汉族妇女于生命垂危之际的可可托海矿区食品公司的努尔斯坦，有冒着生命危险救人的何晓玉等等，他们的事迹反映了公司民族团结的良好风貌，为各组职工树立了榜样。 \n可可托海有这样一个民族团结的故事。80年代，可可托海矿区有为七十四岁的老奶奶，叫韩文秀，老伴去世两年了，身边只有一个十来岁的小孙子，想象起来，他的日子一定够难熬的了，但实际情况却完全相反。\n老奶奶住在一栋十家住宅里，屋里摆设简单，却也井然有序，干净利索，这都多亏了老奶奶的各族邻居们。”\n老奶奶左邻右舍是矿务局材料科的恒波，恒波的两个孩子都是老奶奶自小带大的，两个孩崽子剑客老奶奶就跟亲奶奶一样亲，妈妈做了好吃的，还没出锅就先拿给奶奶尝尝，老伴去世那阵，生病住院，老奶奶走不动路，都是恒波一家跑前跑后的照料，1980年，老伴去世了，也是恒波他们帮着入殓安葬的。\n老奶奶的右舍是矿务局汽车厂的玉素甫，玉素甫有群儿女们，上面也有个老妈妈，他想，说能无年少，谁又能不年老？他把隔壁老奶奶也当成了亲妈妈，就是开车路上捡点柴火也忘不了先给隔壁老奶奶一把，看见老奶奶出门倒垃圾倒脏水什么的，玉素甫的三女儿，马哈木旦就着急的叫，“奶奶您别动，我来！”强国奶奶手里的簸箕、水桶一溜烟的飞去了.......\n老奶奶的左边隔门邻居是矿务局服务公司的史桂荣，她见老奶奶举目无亲，人老病多，怕她闷着了长劝老奶奶去看电影，来回半里路，老奶奶少说也得走个把小时，可史桂荣从不厌烦，总是亲自扶着老奶奶去俱乐部看电影，寸步不离。\n矿务局汽车厂的孟继善是老奶奶老伴林万选的徒弟，待老奶奶更是不用说了，他就是工作再忙，也断不了三天两头的去看师娘。有个什么事，只要捎个口信，马上就到。过冬的冬菜，甚至对那个小孙子的管教，都是老孟操心.........\n老奶奶提起她周围的人就夸个没完没了，喜的合不拢嘴。她说“要是在旧社会，我就是拖上棍子要着吃，还找不到个放棍的地方呢，如今，这么多好人，叫我感谢谁？”\n    民族团结是我们的生命线，我们每个人都应该像爱护自己的眼睛一样爱护民族团结，可可托海的各民族兄弟亲如一家人，大家团结互助，手挽手、肩并肩共同进步，为我国伟大的事业贡献力量。让我们共同学习可可托海人爱国爱疆、团结互助的精神，让民族团结之花常开不败。\n11、精神文明，党的工作，安桂槐\n    可可托海的中国共产党组织始建于1951年，当时叫中国共产党中苏有色及稀有金属股份公司委员会，是新疆有色金属工业系统最早的党组织，下属6个支部，有135名党员，1954年成立党的纪律检查委员会。中苏股份移交之后，党组织隶属中共新疆分局领导。重视加强党的建设、职工队伍的建设和政治思想工作，是可可托海的建矿以来的一大优良传统。为了保证矿区稳定发展，使矿区的党员干部时刻保持政治坚定、思想先进性，自可可托海党组织成立之日起，就重视加强党的建设，开办矿区党校，电大党性专题班，举办企业精神演讲比赛，请英雄模范讲课等方式，加强职工和青年的政治思想工作。也涌现了许多优秀党员干部，比如可可托海的第二任局长——安桂槐同志。\n    安桂槐同志是老红军战士，1917年出生，山西五台县人，1935年加入中国共产党，1936年加入山西牺盟会后参加革命，曾经参加过抗日战争、解放战争。曾经担任陕西省安康地区石泉县县委书记，1956-1964年间，担任可可托海矿务局党委书记，局长。\n    三年自然灾害时期带领可可托海全体职工偿还苏联外债。因为高强度劳动和粮食紧缺，矿区很多职工得了浮肿病，每每听说旷工有冻死、饿死的他就会嚎啕大哭。他多次打电话给自治区求助，1961年在参加自治区计划会议时，特意将家中吃的面粉掏出的沙子带到会上，得到同情但并未得到解决。回矿区后他领带大家扩大农场种植面积，发动职工、家属及厂矿单位，自己动手种植蔬菜、饲养牲畜。还将自己家中的粮食克扣出来让给职工家的孩子，跟大家一起共度难关。为了让知识青年得到更好的发展空间，甘于扎根边疆，主动将自己妻子的干部职务降为普通职工，工资下调，理由是学历太低。\n    安桂槐同志在位期间克己奉公，两袖清风，急员工所急，竭尽全力帮助广大职工度过生活工作上的难关。是可可托海人心中的好干部。这是焦裕禄式的好干部，是广大党员干部都应该学习的榜样，\n    理想信念是共产党人的精神之“钙”，正是因为可可托海历来重视党的建设和思想政治工作，才能确保可可托海在长达半个多世纪的建设过程中持续稳步的发展和进步，在新的时期，共产党员更应该加强思想政治建设，党员干部更要严明党的纪律，坚定信念，以身作则，在思想上、政治上、行动上与党中央保持高度一致，建设学习型、服务型、创新型的党组织。\n12、职工生活，文体娱乐，小上海\n    上世纪50年代起，操着不同方言的建设者从祖国的四面八方汇聚在可可托海，老人们都说曾经的可可托海“人才荟萃”。这些人不仅仅为建设有色工业出力，同时也给这里带来了五湖四海不同的文化碰撞。可可托海有单独的豫剧团，舞蹈队，“文艺高手”就更多了，“可可托海我的故乡”这首歌就由可可托海的蒋少春老师所写，深处外地的可可托海人唱起这首歌就会勾起淡淡的思乡情绪。看似可可托海的文化娱乐有声有色，其实当时的条件非常艰苦，工人们初到可可托海时只能住地窝子，寒冷的可可托海和艰苦的条件考验着可可托海人，但是为鼓舞大家的生产积极性，广大干部职工发扬以苦为乐，团结奉献的乐观主义精神，经受住了严峻的考验。后来矿区生活条件逐步改善，工人们住进了宽敞明亮的房子，大家齐心协力在可可托海建造了阿勒泰地区最大的灯光球场，矿区当时最大的建筑物—职工俱乐部，当年这个俱乐部里有阿勒泰地区最先进的弧光式电影放音机，大家的文娱生活才算是大大改善。\n 13、劳动模范，买地，卡盘，翟新京\n    可可托海几十年的建设中，涌现了许许多多的劳动模范和优秀职工，他们拼命、忘我的工作精神永远值得我们学习。\n 1.买地·纳斯依   哈萨克族。担任四矿爆破工以来，由于冬季经常大雪封山，车辆无法通行，他曾组织大家从可可托海背上爆破材料步行到四矿，保证了四矿的正常生产。他注意节约原材料，仅1956年就节约炸药700多公斤。1956年被授予“自治区青年社会主义建设积极分子\"称号。\n    2.卡盘·哈布都拉    哈萨克族，在四矿工作期间，虽身患二期矽肺，仍常年坚持在野外开采第一线，使他所带领的班组，一年干了两年的活，被组织上和同志们称为“深山开矿的硬骨头班长”“雪山雄鹰”，1 978年被授予“自治区工业学大庆先进生产者”称号。\n   3.翟新京  在一矿采挖车间三号矿脉潜孔钻担任机长期间，以身作则，早出晚归，不计时间，季季超额完成任务，并创造了新的记录，1978年被授予“自治区工业学大庆先进生产者”称号。1979年，被评为有色公司和自治区劳模，1980年，翟新京被评为有色公司和冶金部劳模\n各位学员：\n    通过老照片展示，我们近距离接触历史，感悟老一辈可可托海人艰苦创业、立志报国、以苦为乐、为国分忧的博大情怀，这也是爱国爱疆、团结奉献、勤劳互助、开放进取的新疆精神的真实写照，是艰苦创业、胸怀大局、敢拼敢闯精神的生动教材。\n    可可托海老一辈创业者在条件如此艰苦的边陲苦寒之地，尚能以苦为乐。现如今我们的物质生活十分优越，更应该常怀感恩之心，努力工作和学习，汲取“正能量”，加倍珍惜着来之不易的生活，从每一个人做起，树立正确的价值观和人生观，为建设我们富强的祖国贡献力量。\n');
INSERT INTO `museumexhibition` VALUES ('11', '3', '6', '', '1', '序厅', '', '/images/museumexhibition/1573441644828101.jpg,/images/museumexhibition/1573441644830103.jpg,/images/museumexhibition/1573441644832104.jpg,/images/museumexhibition/1573441644829102.jpg,/images/museumexhibition/1573441644832105.jpg,/images/museumexhibition/1573441647649106.jpg', '“序厅”总体介绍可可托海地质公园概况\n');
INSERT INTO `museumexhibition` VALUES ('12', '3', '6', '', '2', '沧海桑田展厅', '', '/images/museumexhibition/157344139982576.jpg,/images/museumexhibition/157344139982575.jpg,/images/museumexhibition/157344139982677.jpg,/images/museumexhibition/157344139982574.jpg,/images/museumexhibition/157344139982573.jpg,/images/museumexhibition/157344140801178.jpg,/images/museumexhibition/1573441672345108.jpg,/images/museumexhibition/1573441672346109.jpg,/images/museumexhibition/1573441672345107.jpg,/images/museumexhibition/1573441672348110.jpg,/images/museumexhibition/1573441672350111.jpg,/images/museumexhibition/1573441678477113.jpg,/images/museumexhibition/1573441678477112.jpg,/images/museumexhibition/1573441678477114.jpg,/images/museumexhibition/1573441678478115.jpg,/images/museumexhibition/1573441678494116.jpg,/images/museumexhibition/1573441683431117.jpg,/images/museumexhibition/1573441683447118.jpg,/images/museumexhibition/1573441683457119.jpg,/images/museumexhibition/1573441683465120.jpg,/images/museumexhibition/1573441683596121.jpg,/images/museumexhibition/1573441688246124.jpg,/images/museumexhibition/1573441688244122.jpg,/images/museumexhibition/1573441688244122.jpg,/images/museumexhibition/1573441688262125.jpg,/images/museumexhibition/1573441688272126.jpg', '展示地学基础科普，及可可托海地区沧海桑田变迁史，向观众展示可可托海山水由来。');
INSERT INTO `museumexhibition` VALUES ('13', '3', '6', '', '3', '神奇的可可托海展厅', '', '/images/museumexhibition/157344150919979.jpg,/images/museumexhibition/157344150919980.jpg,/images/museumexhibition/157344150919981.jpg,/images/museumexhibition/157344150920182.jpg,/images/museumexhibition/157344150920383.jpg,/images/museumexhibition/157344151565785.jpg,/images/museumexhibition/157344151565888.jpg,/images/museumexhibition/157344151565787.jpg,/images/museumexhibition/157344151565786.jpg,/images/museumexhibition/157344151565784.jpg,/images/museumexhibition/157344152092889.jpg,/images/museumexhibition/157344152092890.jpg,/images/museumexhibition/1573441709387127.jpg,/images/museumexhibition/1573441709437128.jpg,/images/museumexhibition/1573441709470130.jpg,/images/museumexhibition/1573441709468129.jpg,/images/museumexhibition/1573441709512131.jpg,/images/museumexhibition/1573441713817132.jpg,/images/museumexhibition/1573441713830133.jpg,/images/museumexhibition/1573441713946134.jpg,/images/museumexhibition/1573441713950135.jpg', '“神奇的可可托海”展厅，利用互动科普展项以及大量的矿物矿石标本，通过通俗易懂的语言和精美的地貌景观图片及与国内主要花岗岩地貌类型进行对比，突出可可托海地质公园地质遗迹特色和科学价值。');
INSERT INTO `museumexhibition` VALUES ('14', '3', '6', '', '5', '和谐生态 西域风情', '', '/images/museumexhibition/157344157829391.jpg,/images/museumexhibition/157344161967894.jpg,/images/museumexhibition/157344161966892.jpg,/images/museumexhibition/157344161967793.jpg,/images/museumexhibition/157344161969996.jpg,/images/museumexhibition/157344161969995.jpg,/images/museumexhibition/157344162461397.jpg,/images/museumexhibition/157344162463998.jpg,/images/museumexhibition/157344162464899.jpg,/images/museumexhibition/1573441624737100.jpg', '本展厅展示可可托海和谐的生态环境，哈萨克族悠久的历史文化和纯朴的民俗风情。');
INSERT INTO `museumexhibition` VALUES ('15', '3', '6', '', '4', '北疆明珠、和谐生活', '', '/images/museumexhibition/1573441800114138.jpg,/images/museumexhibition/1573441800114137.jpg,/images/museumexhibition/1573441800115139.jpg,/images/museumexhibition/1573441800114136.jpg,/images/museumexhibition/1573441800116140.jpg,/images/museumexhibition/1573441805622141.jpg,/images/museumexhibition/1573441805622144.jpg,/images/museumexhibition/1573441805622143.jpg,/images/museumexhibition/1573441805622142.jpg,/images/museumexhibition/1573441805623145.jpg,/images/museumexhibition/1573441813853148.jpg,/images/museumexhibition/1573441813851147.jpg,/images/museumexhibition/1573441813850146.jpg,/images/museumexhibition/1573441813873149.jpg,/images/museumexhibition/1573441813982150.jpg,/images/museumexhibition/1573441817601151.jpg,/images/museumexhibition/1573441817601152.jpg,/images/museumexhibition/1573441817601153.jpg', '可可托海生物资源介绍');
INSERT INTO `museumexhibition` VALUES ('16', '3', '6', '', '6', '地质公园建设介绍', '', '/images/museumexhibition/1573441874208154.jpg,/images/museumexhibition/1573441874208155.jpg,/images/museumexhibition/1573441874210156.jpg,/images/museumexhibition/1573441874212157.jpg,/images/museumexhibition/1573441874215158.jpg,/images/museumexhibition/1573441883257159.jpg,/images/museumexhibition/1573441883257160.jpg,/images/museumexhibition/1573441883257161.jpg,/images/museumexhibition/1573441883400162.jpg', '');

-- ----------------------------
-- Table structure for naturallandscape
-- ----------------------------
DROP TABLE IF EXISTS `naturallandscape`;
CREATE TABLE `naturallandscape` (
  `id` int(11) NOT NULL AUTO_INCREMENT,
  `park_id` int(10) NOT NULL COMMENT '地质公园ID',
  `naturalnumber` varchar(256) DEFAULT NULL COMMENT '自然景观编号',
  `nname` varchar(256) DEFAULT NULL COMMENT '景观名称',
  `position` varchar(256) DEFAULT NULL COMMENT '地理位置',
  `traffic` varchar(256) DEFAULT NULL COMMENT '交通状况',
  `lat` varchar(128) DEFAULT NULL COMMENT '经度',
  `lng` varchar(128) DEFAULT NULL COMMENT '纬度',
  `altitude` varchar(256) DEFAULT NULL COMMENT '海拔高度',
  `feature` text COMMENT '景观特色',
  `level` varchar(256) DEFAULT NULL COMMENT '文物保护单位',
  `approvedtime` varchar(256) DEFAULT NULL COMMENT '批准时间',
  `status` text COMMENT '保护现状',
  `img` text COMMENT '照片',
  `created_at` datetime DEFAULT NULL,
  `updated_at` datetime DEFAULT NULL,
  `deleted_at` datetime DEFAULT NULL,
  PRIMARY KEY (`id`) USING BTREE
) ENGINE=InnoDB AUTO_INCREMENT=16 DEFAULT CHARSET=utf8 ROW_FORMAT=DYNAMIC COMMENT='自然景观';

-- ----------------------------
-- Records of naturallandscape
-- ----------------------------
INSERT INTO `naturallandscape` VALUES ('11', '1', 'ZG1086', '金花桫椤自然保护区', '', '', '104.142388888881', '29.262388888886701', '', '位于荣县金花镇大坪村，东经104°08′32.58″，北纬29°15′44.63″。桫椤谷长2km，面积约10km2，出露地层为白垩系下统（140-99百万年前）窝头山组砖红色砂岩。桫椤谷以其正规的桫椤树而闻名，16000多株桫椤分布于幽谷中，形成壮美独特的桫椤群落景观。谷类还发育有四方井瀑布，钟乳石等地质遗迹景观。', '', '', '', '/images/humanlandscape/157197381331470.jpg', null, null, null);
INSERT INTO `naturallandscape` VALUES ('12', '1', 'ZG1094', '同心树', '', '', '104.116611111103', '29.320027777775501', '', '位于荣县东佳镇大屋嘴村，东经104°06′59.78″，北纬29°19′12.13″。两树长在一起，据当地八九十岁老人说这两颗树树龄起码有两百年历史以上的历史。两棵树其中一颗为黄桷树，另一颗为黄栎树。整个黄栎树被黄桷树包裹其中，呈现良好的分层现象，黄栎树以纵向生长为主，黄桷树以横向生长为主。两棵树木长势良好，枝叶茂盛。黄桷树高约8m，黄栎树高约30m左右，树直径约1.2m左右，在该点260°方向约150m处有百年历史的红豆树，直径约80cm。', '', '', '', '/images/humanlandscape/157197383091671.jpg', null, null, null);
INSERT INTO `naturallandscape` VALUES ('13', '1', 'ZG1141', '高石梯国家森林公园', '', '', '104.338583333325', '29.5081944444422', '', '位于自贡市荣县城郊铁厂镇山王庙村，东经104°20′18.86″，北纬29°30′29.45″。地处川南盆中地区，距荣县县城15km，距自贡60km，距成都190km，公园面积182.13公顷。原为荣县国营林场国有林地，1985年开始接待游人，1992年建立县级森林公园，1993年审定为省级森林公园，2018年审定为国家级森林公园。公园内自然风景秀丽，林幽峰奇，以地质地貌的奇特和生长良好的天然次生林群构成特有的川南低山自然风光。景区内山峦起伏，云雾飘渺。30多座山峰绵延横亘，有狮子头、癞蛤蟆、罗盘石、天鹅抱蛋等著名景观。公园早在清光绪33年被基督教会华西教作为外国人在四川的四大避暑胜地之一。', '', '', '', '/images/humanlandscape/157197385280372.jpg', null, null, null);
INSERT INTO `naturallandscape` VALUES ('14', '1', 'ZG2059', '吴家山村黄桷树', '', '', '104.552111111103', '29.3882777777755', '', '位于贡井区成佳镇吴家山村村头，东经104°33′7.60″，北纬29°23′17.78″。是一颗古树名木，桑科，榕属，此树至少有300年历史，名黄桷树。树干直径约230cm，周长约4人合抱，树高约25m，伞径约13m，树根下部局部已毁坏，主要是树虫原因。其树根十分粗壮，听当地人介绍“此树前后修剪了三次树枝，原伞径可达50m，树干可高达40-60m，很远都能看见，是鸟类的栖息地”。现树木还生长新叶，生长良好。', '', '', '', '/images/humanlandscape/157197387562273.jpg', null, null, null);
INSERT INTO `naturallandscape` VALUES ('15', '1', 'ZG2113', '九龙庙黄葛树', '', '', '104.171166666658', '29.322083333331101', '', '位于荣县东佳镇老筒车村九龙庙，东经104°10′16.21″，北纬29°19′19.51″。此树名为黄葛树，桑科榕属，树龄110余年，树干树径约1.2m，需三人合抱，高约15m，枝叶繁茂，呈伞状，伞径约20m，绿意盈盈，为古树名木，为此处增添无限生机。', '', '', '', '/images/humanlandscape/157197391583074.jpg', null, null, null);

-- ----------------------------
-- Table structure for news
-- ----------------------------
DROP TABLE IF EXISTS `news`;
CREATE TABLE `news` (
  `id` int(11) NOT NULL AUTO_INCREMENT,
  `is_locale` varchar(1) DEFAULT NULL COMMENT '本地文章',
  `park_id` int(10) DEFAULT NULL COMMENT '地质公园ID',
  `lettername` varchar(256) DEFAULT NULL COMMENT '通讯稿名称',
  `releasetime` varchar(256) DEFAULT NULL COMMENT '发布时间',
  `auther` varchar(256) DEFAULT NULL COMMENT '作者',
  `content` text COMMENT '正文',
  `releasewebsite` varchar(256) DEFAULT NULL COMMENT '发布的网站',
  `contentsummary` text COMMENT '内容摘要',
  `note` varchar(256) DEFAULT NULL COMMENT '备注',
  `deleted_at` datetime DEFAULT NULL,
  `created_at` datetime DEFAULT NULL,
  `updated_at` datetime DEFAULT NULL,
  PRIMARY KEY (`id`) USING BTREE
) ENGINE=InnoDB DEFAULT CHARSET=utf8 ROW_FORMAT=DYNAMIC COMMENT='新闻通讯';

-- ----------------------------
-- Records of news
-- ----------------------------

-- ----------------------------
-- Table structure for overlapping
-- ----------------------------
DROP TABLE IF EXISTS `overlapping`;
CREATE TABLE `overlapping` (
  `id` int(11) NOT NULL AUTO_INCREMENT,
  `park_id` int(10) NOT NULL COMMENT '地质公园ID',
  `othername` varchar(256) DEFAULT NULL COMMENT '其他景区名称',
  `othertype` varchar(256) DEFAULT NULL COMMENT '其他景区类型',
  `othersupervisor` varchar(256) DEFAULT NULL COMMENT '其他景区主管部门',
  `othermatter` text COMMENT '其他景区开发建设情况',
  `overposition` varchar(256) DEFAULT NULL COMMENT '重叠区域位置',
  `overarea` varchar(256) DEFAULT NULL COMMENT '重叠区域面积',
  `overinstruction` text COMMENT '重叠区管理情况说明',
  `note` text COMMENT '备注',
  PRIMARY KEY (`id`) USING BTREE
) ENGINE=InnoDB DEFAULT CHARSET=utf8 ROW_FORMAT=DYNAMIC COMMENT='与其他景区重叠情况';

-- ----------------------------
-- Records of overlapping
-- ----------------------------

-- ----------------------------
-- Table structure for park
-- ----------------------------
DROP TABLE IF EXISTS `park`;
CREATE TABLE `park` (
  `id` int(11) NOT NULL AUTO_INCREMENT,
  `number` varchar(12) NOT NULL COMMENT '编码',
  `name` varchar(191) NOT NULL COMMENT '名称',
  `rank` varchar(191) DEFAULT NULL COMMENT '级别',
  `position` varchar(191) DEFAULT NULL COMMENT '位置',
  `district` varchar(191) DEFAULT NULL COMMENT '行政区',
  `zip` varchar(6) DEFAULT NULL COMMENT '邮政编码',
  `lng` varchar(191) DEFAULT NULL COMMENT '经度',
  `lat` varchar(191) DEFAULT NULL COMMENT '纬度',
  `area` varchar(191) DEFAULT NULL COMMENT '面积',
  `type` varchar(191) DEFAULT NULL COMMENT '公园类型',
  `divide` text COMMENT '保护区划分情况',
  `create_date` varchar(191) DEFAULT NULL COMMENT '建立时间',
  `characteristic` text COMMENT '公园地质遗迹景观特色',
  `significance` text COMMENT '重要意义',
  `ratifier` varchar(191) DEFAULT NULL COMMENT '批准单位',
  `status_quo` text COMMENT '保护现状',
  `historical_type` text COMMENT '主要地质遗迹类型',
  `master_department` varchar(191) DEFAULT NULL COMMENT '公园主管部门',
  `created_at` datetime DEFAULT NULL,
  `updated_at` datetime DEFAULT NULL,
  `deleted_at` datetime DEFAULT NULL,
  PRIMARY KEY (`id`) USING BTREE
) ENGINE=InnoDB AUTO_INCREMENT=2 DEFAULT CHARSET=utf8 ROW_FORMAT=DYNAMIC COMMENT='公园概况';

-- ----------------------------
-- Records of park
-- ----------------------------
INSERT INTO `park` VALUES ('1', 'B6543221', '新疆富蕴可可托海国家地质公园', '正县级', '新疆维吾尔自治区伊犁哈萨克自治州阿勒泰地区富蕴县', '新疆维吾尔自治区伊犁哈萨克自治州阿勒泰地区富蕴县', '456122', '089-29-45,090-11-54', '46-42-04,47-43-45', '2337.9平方千米', '国家级地质公园', '新疆富蕴可可托海国家地质公园北起喀拉都尔根河，南至卡拉先格尔，西起喀拉格曾，东至喀拉卓勒、塔依特，由额尔齐斯大峡谷景区、可可苏里景区、铁买克景区、三号坑景区及卡拉先格尔景区组成。公园内地质遗迹丰富，以花岗岩地貌、花岗伟晶岩矿床以及地震遗迹为主。同时民族风情浓厚的哈萨克文化，也赋予它神秘的人文魅力。', '20050519', '花岗岩地貌独树一帜，峰体以钟状、穹状、锥状等形态为主，基岩裸露，绝壁千仞，峰体表面形态顶部圆润平滑侧面陡峭，具有独特性。\n以3号矿脉为代表的花岗伟晶岩稀有金属矿脉，无论是其伟晶岩的地球化学演化的完整性，或是其稀有金属矿化的广度和丰度，还是其宏伟而独特的构造形态特征等，均为世界罕见。\n卡拉先格尔地震遗迹保存十分完好，堪称国内外最好的地震断裂带遗迹现场博物馆，其中富蕴地震断裂带是一条典型的具右旋走滑性质的断裂带。', '对于研究花岗岩地貌学、花岗伟晶岩矿床以及地震发震机制具有重要的研究意义。\n（1）多种多样的花岗岩形成了独树一帜的阿尔泰式花岗岩地貌，具有重要的地貌学与第四纪地质学意义。（2）1931年8月11日富蕴8级大地震遗迹在卡拉先格尔一带保存十分完好，堪称国内外最好的地震断裂带遗迹现场博物馆。富蕴地震断裂带规模宏伟，是一条典型的具右旋走滑性质的地震断裂带，具有特殊的动力学特征及发震机制，已成为国内活动地震断裂带研究的经典场所。（3）以3号矿脉为代表的花岗伟晶岩稀有金属矿脉，无论是其伟晶岩的地球化学演化的完整性，或是其稀有金属矿化的广度和丰度，还是其宏伟而独特的构造形态特征等，均为世界罕见', '中华人民共和国国土资源部', '已建国家地质公园进行保护，最佳旅游时间5月-9月', '花岗岩地貌、花岗伟晶岩矿床、地震遗迹', '新疆富蕴可可托海国家地质公园管理委员会', null, null, null);

-- ----------------------------
-- Table structure for parkinfo
-- ----------------------------
DROP TABLE IF EXISTS `parkinfo`;
CREATE TABLE `parkinfo` (
  `id` int(11) NOT NULL AUTO_INCREMENT,
  `park_id` int(10) NOT NULL COMMENT '地质公园ID',
  `org_code` varchar(50) DEFAULT NULL COMMENT '组织机构代码',
  `legal_person` varchar(50) DEFAULT NULL COMMENT '法人代表',
  `tenure` varchar(256) DEFAULT NULL COMMENT '在任年限',
  `security_supervisor` varchar(256) DEFAULT NULL COMMENT '公园安全责任人',
  `mobile` varchar(256) DEFAULT NULL COMMENT '安全责任人联',
  `staffer` varchar(256) DEFAULT NULL COMMENT '在编职工',
  `website` varchar(256) DEFAULT NULL COMMENT '公园网站地址',
  `contact` varchar(256) DEFAULT NULL COMMENT '公园联系电话',
  `fax` varchar(256) DEFAULT NULL COMMENT '传真',
  `supervisor` varchar(256) DEFAULT NULL COMMENT '上级主管',
  `fund_provider` varchar(256) DEFAULT NULL COMMENT '经费来源',
  `mail` varchar(256) DEFAULT NULL COMMENT '邮箱',
  `remark` text COMMENT '备注',
  `create_time` datetime DEFAULT NULL,
  `update_time` datetime DEFAULT NULL,
  `deleted_at` datetime DEFAULT NULL,
  PRIMARY KEY (`id`) USING BTREE
) ENGINE=InnoDB AUTO_INCREMENT=2 DEFAULT CHARSET=utf8 ROW_FORMAT=DYNAMIC COMMENT='公园信息管理';

-- ----------------------------
-- Records of parkinfo
-- ----------------------------
INSERT INTO `parkinfo` VALUES ('1', '1', 'JGFY0001', '待定', '1年', '无', '+86-906-8725022', '赛提哈力.拜森拜、郑军、木合亚提.吾泰、胡德寿、蒲小军、魏强山', '公园网址 http://www.keketuohaigeopark.com.cn/', '0813-2218611', '+86-906-8727253', '新疆伊犁哈萨克自治州阿勒泰地区行政公署', '财政拨款、招商引资', 'xjfykkthgwh@sina.com', '', '2019-08-29 14:52:38', '2019-11-11 19:25:18', null);

-- ----------------------------
-- Table structure for parklibrary
-- ----------------------------
DROP TABLE IF EXISTS `parklibrary`;
CREATE TABLE `parklibrary` (
  `id` int(11) NOT NULL AUTO_INCREMENT,
  `park_id` int(10) NOT NULL COMMENT '地质公园ID',
  `number` varchar(50) DEFAULT NULL COMMENT '编号',
  `name` varchar(100) DEFAULT NULL COMMENT '姓名',
  `sex` varchar(1) DEFAULT NULL COMMENT '性别',
  `birth` varchar(50) DEFAULT NULL COMMENT '出生年月',
  `subject_direction` varchar(256) DEFAULT NULL COMMENT '学科方向',
  `relationship` varchar(256) DEFAULT NULL COMMENT '聘用关系',
  `img` text COMMENT '照片',
  `remark` text COMMENT '备注',
  `created_at` datetime DEFAULT NULL,
  `updated_at` datetime DEFAULT NULL,
  `deleted_at` datetime DEFAULT NULL,
  PRIMARY KEY (`id`) USING BTREE
) ENGINE=InnoDB DEFAULT CHARSET=utf8 ROW_FORMAT=DYNAMIC COMMENT='公园专家库与导游库';

-- ----------------------------
-- Records of parklibrary
-- ----------------------------

-- ----------------------------
-- Table structure for parkmeeting
-- ----------------------------
DROP TABLE IF EXISTS `parkmeeting`;
CREATE TABLE `parkmeeting` (
  `id` int(11) NOT NULL AUTO_INCREMENT,
  `park_id` int(10) NOT NULL COMMENT '地质公园ID',
  `title` varchar(256) DEFAULT NULL COMMENT '会议名称',
  `address` varchar(256) DEFAULT NULL COMMENT '地点',
  `start_at` varchar(256) DEFAULT NULL COMMENT '时间',
  `delegate` varchar(256) DEFAULT NULL COMMENT '参会代表',
  `img` text COMMENT '照片',
  `remark` text COMMENT '备注',
  `create_time` datetime DEFAULT NULL,
  `update_time` datetime DEFAULT NULL,
  `deleted_at` datetime DEFAULT NULL,
  PRIMARY KEY (`id`) USING BTREE
) ENGINE=InnoDB DEFAULT CHARSET=utf8 ROW_FORMAT=DYNAMIC COMMENT='地质公园会议';

-- ----------------------------
-- Records of parkmeeting
-- ----------------------------

-- ----------------------------
-- Table structure for parkoption
-- ----------------------------
DROP TABLE IF EXISTS `parkoption`;
CREATE TABLE `parkoption` (
  `id` int(11) NOT NULL AUTO_INCREMENT,
  `park_id` int(10) NOT NULL COMMENT '地质公园ID',
  `project` varchar(256) DEFAULT NULL COMMENT '项目名称',
  `client` varchar(256) DEFAULT NULL COMMENT '委托方',
  `fund_provider` varchar(256) DEFAULT NULL COMMENT '资金来源',
  `actualizer` varchar(256) DEFAULT NULL COMMENT '项目实施单位',
  `amount` double(15,2) DEFAULT NULL COMMENT '项目合同金额',
  `cycle` varchar(256) DEFAULT NULL COMMENT '项目周期',
  `man` varchar(256) DEFAULT NULL COMMENT '项目负责姓名',
  `contact` varchar(256) DEFAULT NULL COMMENT '项目负责联系',
  `progress` varchar(256) DEFAULT NULL COMMENT '项目进度情况',
  `pay` varchar(256) DEFAULT NULL COMMENT '付款情况',
  `remark` text COMMENT '备注',
  `created_at` datetime DEFAULT NULL,
  `updated_at` datetime DEFAULT NULL,
  `deleted_at` datetime DEFAULT NULL,
  PRIMARY KEY (`id`) USING BTREE
) ENGINE=InnoDB DEFAULT CHARSET=utf8 ROW_FORMAT=DYNAMIC COMMENT='公园项目管理';

-- ----------------------------
-- Records of parkoption
-- ----------------------------

-- ----------------------------
-- Table structure for parkrelation
-- ----------------------------
DROP TABLE IF EXISTS `parkrelation`;
CREATE TABLE `parkrelation` (
  `id` int(11) NOT NULL AUTO_INCREMENT,
  `park_id` int(10) NOT NULL COMMENT '地质公园ID',
  `park_name` varchar(256) DEFAULT NULL COMMENT '姊妹公园名称',
  `address` varchar(256) DEFAULT NULL COMMENT '地点',
  `conclusion_at` varchar(256) DEFAULT NULL COMMENT '缔结时间',
  `delegate` varchar(256) DEFAULT NULL COMMENT '双方代表',
  `remark` text COMMENT '备注',
  `img` text COMMENT '照片',
  `create_time` datetime DEFAULT NULL,
  `update_time` datetime DEFAULT NULL,
  `deleted_at` datetime DEFAULT NULL,
  PRIMARY KEY (`id`) USING BTREE
) ENGINE=InnoDB AUTO_INCREMENT=2 DEFAULT CHARSET=utf8 ROW_FORMAT=DYNAMIC COMMENT='缔结姊妹公园';

-- ----------------------------
-- Records of parkrelation
-- ----------------------------
INSERT INTO `parkrelation` VALUES ('1', '1', '111', '111', '111', '111', '1111', 'http://www.geopark.com/parkrelation/15686248370360.jpg', null, '2019-09-16 17:10:21', null);

-- ----------------------------
-- Table structure for parktopic
-- ----------------------------
DROP TABLE IF EXISTS `parktopic`;
CREATE TABLE `parktopic` (
  `id` int(11) NOT NULL AUTO_INCREMENT,
  `park_id` int(10) NOT NULL COMMENT '地质公园编号',
  `reportnumber` varchar(256) DEFAULT NULL COMMENT '报告编号',
  `reportname` varchar(256) DEFAULT NULL COMMENT '报告名称',
  `achievementtype` varchar(256) DEFAULT NULL COMMENT '成果类型',
  `auther` varchar(256) DEFAULT NULL COMMENT '作者',
  `carrytime` varchar(256) DEFAULT NULL COMMENT '完成时间',
  `carryunit` varchar(256) DEFAULT NULL COMMENT '完成单位',
  `organizer` varchar(256) DEFAULT NULL COMMENT '主管单位',
  `theme` varchar(256) DEFAULT NULL COMMENT '主题词',
  `achievementsummary` text COMMENT '成果摘要',
  `parkcollect` text COMMENT '公园收藏情况',
  `note` text COMMENT '备注',
  `img` text COMMENT '照片',
  `url` text COMMENT '存储地址',
  `result_number` varchar(256) CHARACTER SET utf8mb4 DEFAULT NULL COMMENT '成果编号',
  `project` varchar(256) CHARACTER SET utf8mb4 DEFAULT NULL COMMENT '所属项目',
  PRIMARY KEY (`id`) USING BTREE
) ENGINE=InnoDB AUTO_INCREMENT=3 DEFAULT CHARSET=utf8 ROW_FORMAT=DYNAMIC COMMENT='公园专题研究';

-- ----------------------------
-- Records of parktopic
-- ----------------------------
INSERT INTO `parktopic` VALUES ('2', '1', '1', '1', '1', '1', '1', '1', '1', '1', '1', '1', '1', '/images/parktopic/15734464719621.jpg', '/files/parktopic/15734464815750.caj', '222', '3333');

-- ----------------------------
-- Table structure for picdocs
-- ----------------------------
DROP TABLE IF EXISTS `picdocs`;
CREATE TABLE `picdocs` (
  `id` int(11) NOT NULL AUTO_INCREMENT,
  `park_id` int(10) NOT NULL COMMENT '地质公园ID',
  `number` varchar(256) DEFAULT NULL COMMENT '文件编号',
  `docname` varchar(256) DEFAULT NULL COMMENT '文件名称',
  `publishtime` varchar(256) DEFAULT NULL COMMENT '发布时间',
  `unit` varchar(256) DEFAULT NULL COMMENT '发布单位',
  `url` text COMMENT '存储地址',
  `note` text COMMENT '文件描述',
  PRIMARY KEY (`id`) USING BTREE
) ENGINE=InnoDB AUTO_INCREMENT=5 DEFAULT CHARSET=utf8 ROW_FORMAT=DYNAMIC COMMENT='文件资料';

-- ----------------------------
-- Records of picdocs
-- ----------------------------
INSERT INTO `picdocs` VALUES ('4', '1', '1', '1', '1', '1', '/images/picdocs/15738012002000-QQ截图20191021191915.jpg,/images/picdocs/15738795231321-02.jpg', '1');

-- ----------------------------
-- Table structure for planning
-- ----------------------------
DROP TABLE IF EXISTS `planning`;
CREATE TABLE `planning` (
  `id` int(11) NOT NULL AUTO_INCREMENT,
  `park_id` int(10) NOT NULL COMMENT '地质公园ID',
  `number` varchar(256) DEFAULT NULL COMMENT '文件编号',
  `type` varchar(256) DEFAULT NULL COMMENT '规划类型',
  `filename` varchar(256) DEFAULT NULL COMMENT '文件名称',
  `publishtime` varchar(256) DEFAULT NULL COMMENT '发布时间',
  `unit` varchar(256) DEFAULT NULL COMMENT '发布单位',
  `time` varchar(256) DEFAULT NULL COMMENT '规划期限',
  `keyword` varchar(256) DEFAULT NULL COMMENT '关键字',
  `summary` varchar(256) DEFAULT NULL COMMENT '摘要',
  `url` text COMMENT '文件地址',
  `note` text COMMENT '备注',
  PRIMARY KEY (`id`) USING BTREE
) ENGINE=InnoDB AUTO_INCREMENT=24 DEFAULT CHARSET=utf8 ROW_FORMAT=DYNAMIC COMMENT='公园规划';

-- ----------------------------
-- Records of planning
-- ----------------------------
INSERT INTO `planning` VALUES ('14', '1', 'TYFY0001', '总体规划', '新疆富蕴可可托海国家地质公园总体规划', '2004/12/1', '发布单位', '规划期限', '申报、新疆富蕴可可托海国家地质公园、总体规划', '可可托海国家地质公园是一个以伟晶岩型稀有金属矿床采矿遗迹、富蕴地震断裂带和花岗岩地貌等类型为主体的地质公园，规划是以保护地质遗迹为主，在保护的基础上建设一个集自然与人文、科学与美学于一体的综合性国家公园，为人们提供一处观光游览、休闲度假、科学研究的理想场所。', '', '');
INSERT INTO `planning` VALUES ('15', '1', 'TYFY0002', '总体规划', '新疆可可托海风景区总体规划（2007年-2026年）', '2007年', ' ', '2007年-2026年', '', '', '', '');
INSERT INTO `planning` VALUES ('16', '1', 'TYFY0003', '详细规划', '新疆可可托海风景区额尔齐斯大峡谷景区详细规划（2008-2027）', '2008年', ' ', '2008-2027', '', '', '', '');
INSERT INTO `planning` VALUES ('17', '1', 'TYFY0004', '总体规划', '可可托海风景区旅游总体规划（2012-2021）', '2010年', ' ', '2012-2021', '', '', '', '');
INSERT INTO `planning` VALUES ('18', '1', 'TYFY0005', '详细规划', '可可托海风景区部分节点修建性详细规划', '2010年', ' ', '', '', '', '', '');
INSERT INTO `planning` VALUES ('19', '1', 'TYFY0006', '世界地质公园规划', '拟建中国新疆可可托海世界地质公园规划', '2011年12月', '新疆富蕴可可托海国家地质公园管理委员会', '', '', '', '', '');
INSERT INTO `planning` VALUES ('20', '1', 'TYFY0007', '详细规划', '可可托海风景区—可可苏里景区旅游修建性详细规划', '2012年', ' ', '', '', '', '', '');
INSERT INTO `planning` VALUES ('22', '1', 'TYFY0008', '国家地质公园规划', '新疆富蕴可可托海国家地质公园规划（2013-2020年）', '2013年6月', '新疆富蕴可可托海国家地质公园管理委员会', '2013-2020', '', '', '', '');
INSERT INTO `planning` VALUES ('23', '1', 'TYFY0009', '详细规划', '可可苏里景区控制性详细规划及重要节点修建性详细规划', '2013年10月', ' ', '', '', '', '', '');

-- ----------------------------
-- Table structure for production
-- ----------------------------
DROP TABLE IF EXISTS `production`;
CREATE TABLE `production` (
  `id` int(11) NOT NULL AUTO_INCREMENT,
  `park_id` int(10) NOT NULL COMMENT '公园ID',
  `promotionname` varchar(256) DEFAULT NULL COMMENT '推介会名称',
  `position` varchar(256) DEFAULT NULL COMMENT '地点',
  `time` varchar(256) DEFAULT NULL COMMENT '时间',
  `representative` varchar(256) DEFAULT NULL COMMENT '参加代表',
  `promotioncontent` text COMMENT '推介内容',
  `note` text COMMENT '备注',
  `img` text COMMENT '照片',
  `create_time` datetime DEFAULT NULL,
  `update_time` datetime DEFAULT NULL,
  `deleted_at` datetime DEFAULT NULL,
  PRIMARY KEY (`id`) USING BTREE
) ENGINE=InnoDB AUTO_INCREMENT=14 DEFAULT CHARSET=utf8 ROW_FORMAT=DYNAMIC COMMENT='产品推介';

-- ----------------------------
-- Records of production
-- ----------------------------
INSERT INTO `production` VALUES ('12', '1', '1', '1', '1', '1', '<img src=\"/images/production/15687961926702.jpg\" alt=\"QQ截图20190902163816.jpg\">', '', '/images/production/15687961784440.jpg,/images/production/15687961837111.jpg', '2019-09-18 16:43:19', '2019-09-18 16:43:19', null);
INSERT INTO `production` VALUES ('13', '1', '22', '22', '222', '22', '<img src=\"/images/production/15687984858151.jpg\" alt=\"1567475456952_WY4Ry2LBS3sWw9b5MzL5e14g.png\">', '22', '/images/production/15687984806260.jpg', '2019-09-18 17:21:41', '2019-09-18 17:21:41', null);

-- ----------------------------
-- Table structure for researchpaper
-- ----------------------------
DROP TABLE IF EXISTS `researchpaper`;
CREATE TABLE `researchpaper` (
  `id` int(11) NOT NULL AUTO_INCREMENT,
  `park_id` int(10) NOT NULL COMMENT '地质公园编号',
  `achievementnumber` varchar(256) DEFAULT NULL COMMENT '成果编号',
  `papernumber` varchar(256) DEFAULT NULL COMMENT '论文编号',
  `author` varchar(256) DEFAULT NULL COMMENT '作者',
  `year` varchar(50) DEFAULT NULL COMMENT '年份',
  `heading` varchar(256) DEFAULT NULL COMMENT '名称',
  `periodical` varchar(256) DEFAULT NULL COMMENT '期刊',
  `volume` varchar(256) DEFAULT NULL COMMENT '卷期',
  `pagenumber` varchar(256) DEFAULT NULL COMMENT '页码',
  `summary` text COMMENT '摘要',
  `collect` varchar(256) DEFAULT NULL COMMENT '收集情况',
  `note` text COMMENT '备注',
  `url` text COMMENT '存储地址',
  PRIMARY KEY (`id`) USING BTREE
) ENGINE=InnoDB AUTO_INCREMENT=222 DEFAULT CHARSET=utf8 ROW_FORMAT=DYNAMIC COMMENT='相关科研论文';

-- ----------------------------
-- Records of researchpaper
-- ----------------------------
INSERT INTO `researchpaper` VALUES ('100', '1', 'KKTH0047', 'LWFW0047', '张恩世、张文淮、刘伟', '1987-7-1', '新疆可可托海伟晶岩形成机理的研究', '地球科学一武汉地质学院学报', '', '8', '根据流体包裹体研究,获得了某些伟晶岩形成的物理一化学条件参数,特别是在可可托海3号伟晶岩脉中,发现了熔融、熔浆一溶液两类流体包裹体的共存。在此基咄上探讨了该区伟晶岩的成岩成矿流体特征、演化过程和成因机制,并取得了新认识。', '全文', '', '');
INSERT INTO `researchpaper` VALUES ('101', '1', 'KKTH0001', 'LWFY0001', '新疆地震局综合队', ' ', '1931年8月11日新疆富蕴大地震', '西北地震学报', '', '6', '1931年8月11日新疆富蕴县境内发生了八级大地震。这次地大震波及面甚广，有感范围东南到兰州，西北至苏联的塞米巴拉金斯克。大震造成的地表破坏，长达170公里，地震断裂带位移量之大，是罕见的震例之一。\n由于这次大震发生在人烟稀少的阿尔泰山区，前人实地考察研究甚少。1934年李善邦教授的有关报告叙述了当时袁复礼教授在乌鲁木齐等地工作时搜集到的部分宏观资料；从地震波记录图谱分析，较准确的测定出这次大震的震中位置。苏联人B.A.奥勃鲁切夫和果尔什科夫也发表过有关论文，因他们没有进行过实地考察，以致高烈度等震线与实', '全文', '', '');
INSERT INTO `researchpaper` VALUES ('102', '1', 'KKTH0002', 'LWFY0002', '杨章、戈树漠', '1980-9-1', '对1931年新疆富蕴地震断裂带及构造运动特征的初步认识', '地震地质', '', '8', '本文对1931年8月1日富蕴8.0级地震造成的地震断裂带作了较详细的叙述, 探讨了发震构造及其新构造运动特征。地震断裂带是在北北西向的可可托海一二台断裂的基础上发展的, 南端已超出老断裂范围。全长170公里, 总体走向北西342°,断裂面多向北东倾斜,倾角70°左右。从地震断裂的组合形式及山脊、冲沟错动情况,显示出水平运动为主的右旋扭动特征。富蕴8.0级大地震是可可托海一二台断裂新活动的体现,无论在区域受力状况,断裂力学性质和运动方式等方面,都具有强裂的继承性活动特征。', '全文', '', '');
INSERT INTO `researchpaper` VALUES ('103', '1', 'KKTH0003', 'LWFY0003', '许忠淮、戈树漠', '1984-11-1', '用滑动方向拟合法反演富蕴地震断裂带应力场', '地震学报', '', '10', '本文根据野外考察测得的193工年新疆富蕴8级地震形成的地震断裂带内们组断层水平和垂直位移数据,求得42个断层面上的滑动方向.利用滑动方向拟合法(使计算的断层面上的剪切力方向与观测的滑动方向之间夹角最小)求出了断裂带上由北向南四个区段的驱动断层滑动的平均应力场。结果表明,四个区段的最大和最小主压应力轴皆水平,最大主压应力轴方位大致在N15°E至N30°E之间。整个断裂带的应力场相当均一,这说明富蕴大地震的发震原因不象是局部因素,而可能是大范围构造运动的结果。', '全文', '', '');
INSERT INTO `researchpaper` VALUES ('104', '1', 'KKTH0004', 'LWFY0004', '冯先岳', '1985-6-1', '论新疆地震地质特征', '地震地质', '', '10', '本文论述了新疆地震构造特征。对活断层的类型、特征进行了讨论\n。提出了新疆第四纪构造应力场和现今应力场是一致的, 为一近南北向水平压应力, 这种压应力来自印度次大陆对欧亚大陆的碰撞。最后讨论了大陆内部断块边界的两种类型, 走滑型块间边界和拗一断型块间边界, 分别与转换型大陆边缘和陆壳板块互相碰撞的板缘力学机制、活动属性等均很类似, 都是强震易于发生的场所。', '全文', '', '');
INSERT INTO `researchpaper` VALUES ('105', '1', 'KKTH0005', 'LWFY0005', '戈树漠、柏美样、徐道尊、向志勇', '1986-9-1', '可可托海-二台活断层的大地震复现期', '地震地质', '', '9', '可可托海一二台活断层（简称二台断层)是1931年富蕴8级地震的发震构造。在这条断层上地震历史的文字记载资料很少,1981年综合研究富蕴地震断裂带时曾在地表发现过不少古地震遗迹。现代活断层研究,开挖已成为重要手段之一,藉以查明古地震事件、大地震复现期和断层活动速率。最近,我们在二台断层北起海子口、南至干沟等几个地段进行了大规模开挖,揭露出许多被掩埋的古地震遗迹,对解决二台断层的大震复现期和活动速率提供了依据。', '全文', '', '');
INSERT INTO `researchpaper` VALUES ('107', '1', 'KKTH0006', 'LWFY0006', '张裕明', '1986-3-1', '可可托海-二台断层陡坎的坡角变化、年龄和大地震重复时间间隔', '中国地震', '', '8', '本文通过研究沿新疆可可托海一二台断层1931年发生地震时所形成的断层陡坎和以前古地震形成的基岩断层坡角的陡坡变化,探讨了位f山坡上的地震断层陡坎与形成年代之间的关系,并进一步讨论了该断层上大震重复发生的时间间隔。断层陡坎按其构成物质可分为松散碎屑的和基岩的两类。松散碎屑陡坎的平均剥蚀速率为0.19°/年；基岩陡坎的平均剥钊涟率为0.036°/年。对于松散碎屑陡坎来说,逆向陡坎(其倾向与山坡倾向相反)比顺向陡坎(其倾向同山坡倾向)较易保存,前者为200多年,后者为60-70年。根据基岩陡坎脊部受剥蚀的两种坡', '全文', '', '');
INSERT INTO `researchpaper` VALUES ('108', '1', 'KKTH0007', 'LWFY0007', '张裕明', '1986-12-1', '可可托海-二台断层第四纪活动的地表特征和粘滑运动的地质证据', '华北地震科学', '', '8', '本文研究了可可托海-二台断层第四纪以来沿断层发生大规模右旋走滑和倾滑运动在地表留下的各种浪迹,并对其现代运动的力学特性-粘滑机制提出了地质证据。', '全文', '', '');
INSERT INTO `researchpaper` VALUES ('109', '1', 'KKTH0008', 'LWFY0008', '杜异军、马胜利、马瑾', ' ', '可可托海-二台剪切带及发震构造条件剖析', '新疆地质', '', '12', '新疆可可托海-二台断裂是中国大陆典型的剪切带之一,1931年在其不连续部位发生了八级地震,在地表产生了规模巨大的地震破裂带,并伴有罕见的水平位移量。关于1931年八级地震产生的地震破裂带的分布及其运动特征和构造应力已有过不少研究。一九八四年七月我们有机会参加了新疆地震局在可可托海-二台断裂进行的野外考察,下面结合前人资料及我们的野外短期工作对可可托海-二台断裂的垫本特征及其发震的构造条件作一粗浅的探讨。', '全文', '', '');
INSERT INTO `researchpaper` VALUES ('110', '1', 'KKTH0009', 'LWFY0009', '许秀琴、马胜利、刘天昌、马瑾', '1987-8-1', '可可托海-二台断层带断层泥力学性质的实验研究', '华北地震科学', '', '8', '沿新疆可可托海-二台断层采集了断层泥,分析了断层中碎屑和粘土含量的比例。在100一30OMpa围压下测定了断层泥的力学性质,并就它们与断层粘土含量和水含量的关系进行了讨论。1931年在新疆可可托海-二台断层中部不连续段卡拉先格尔发生了8级强震,沿断层发生了十几米的右旋水平错动。由于新疆气候干早,人烟稀少,使这个五十多年前发生的地震遗迹得以保存。在新疆地震局的协助下,1984年部分作者沿这条长达200公里的地震断层进行了野外考查,并在一些部位采集了断层泥样品。木文着重提供断层泥的性质以及不同围压下的强度。由', '全文', '', '');
INSERT INTO `researchpaper` VALUES ('111', '1', 'KKTH0010', 'LWFY0010', '范方琴', '1987-9-1', '富蕴地震前后震区应力场的光弹实验研究', '内陆地震', '', '10', '本文用光弹性实验方法,模拟分析了富蕴地震前后震区应力场特征。实验表明,在窝蕴8级大震前,可可托海-二台断裂中部阿克赛依是最大剪应力集中区。打孔释放应力后,最大剪应力集中区向地震断裂南段和本区东部迁移。地震前后应力集中区与该区中强震的空间分布基本吻合。', '全文', '', '');
INSERT INTO `researchpaper` VALUES ('112', '1', 'KKTH0011', 'LWFY0011', '胡方秋', '1988-9-1', '新疆地震构造带及其特征', '内陆地震', '', '9', '本文根据地震活动特征、块体活动性质、地质构造特征、深部构造和震源力学,将新疆地震构划分为五个强震构造带。分别讨论了各带的地震活动和构造运动特征。', '全文', '', '');
INSERT INTO `researchpaper` VALUES ('113', '1', 'KKTH0012', 'LWFY0012', '郭恒祖、杨马陵', '1988-9-1', '1987年9月19日富蕴北5.8级地震', '内陆地震', '', '8', '1987年6月19日新疆富蕴县可可托海镇西北发生了Ms=5.8级地震,震中位于喀依尔提河与阿拉散河交汇处。震中烈度为VII度, 等震线长轴方向与可可托海-二台断裂基本一致。震中区人员无仿亡,仅有山石滚落；VI、V度区内的土平房，有不同程度的损坏。个别砖平房,楼房出现裂缝。这次地震属于孤立型地震, 震前有中短期异常。', '全文', '', '');
INSERT INTO `researchpaper` VALUES ('114', '1', 'KKTH0013', 'LWFY0013', '吴秀莲、韩月鹏', '1989-3-1', '富蕴地震的预报实践与地倾斜异常分析', '内陆地震', '', '5', '1987年9月19富蕴台以北40km处发生了5.8级地震。富蕴台地倾斜于震前一年开始出现中期趋势异常,矢量图形态变化明显偏离正常趋势,异常量级为10-6。其观测资料反映了震前形变前兆异常,从而于6 月份提出书面预报意见。文中还对地倾斜的物理机理作了阐述。', '全文', '', '');
INSERT INTO `researchpaper` VALUES ('115', '1', 'KKTH0014', 'LWFY0014', '王盛泽、寇大兵、艾买提', '1989-9-1', '1986年4月新疆富蕴两次5.4级地震概况及震后趋势判断', '内陆地震', '', '5', '1986年4月23日23时,24日08时新疆富蕴北可可托海矿区发生2次Ms=5.4级地震,其震中十分接近,造成矿区部分房屋裂缝,生产受到影响。本文对该地震的概况、地震前后的地震活动及震后趋势判断作了初步的探讨。', '全文', '', '');
INSERT INTO `researchpaper` VALUES ('116', '1', 'KKTH0015', 'LWFY0015', '柏美祥', '1990-9-1', '新疆可可托海-二台活断层陡坎剖面分析', '干早区地理', '', '4', '对可可托海-二台活断层(简称二台活断层)陡坎剖面形态学及年代学的研究表明,该断层发生过两次以上8级左右古地震，古地震复现期平均为150多年。第四系断层陡坎的平均剥蚀速率为0.083°/a。', '全文', '', '');
INSERT INTO `researchpaper` VALUES ('117', '1', 'KKTH0016', 'LWFY0016', '吐尼亚孜.沙吾提', '1991-3-1', '可可托海-二台断裂带现代位移特征研究', '中国地震', '', '8', '布设在可可托海一二台断裂带上的三处三角测量观测场地和布设在额尔齐斯断裂带上的一处三角测量观测场地现已积累了四期资料。在对这些资料分析的基础上，本文提出了该断裂带的位移特征及构造应力特征。分析结果表明,断层除继承性活动外,在地震活跃时还表现为反向运动,就其断层平均位移量的绝对值而言,可可托海一二台断裂为7mm/年,在平行于断层方向的位错为4mm/年；额尔齐斯断裂的位移量为8mm/年,在平行于断层方向上的位错为5mm/年。应力分析结果表明,1984年以来剪应变主要集中于断层两端。北端近期地震活动较为频繁, 应', '全文', '', '');
INSERT INTO `researchpaper` VALUES ('118', '1', 'KKTH0017', 'LWFY0017', '柏美祥、尹光华、郭恒祖、丁德轩、罗福忠、向志勇、沈军', '1991-12-1', '二台断裂南段的第四纪活动', '内陆地震', '', '7', '二台断裂南段在乌伦古河流域分叉、折尾,显示出破裂末端特征。\n据断层活动资料,自晚更新世中期以来南段有5次活动,主要为右旋逆走滑活动,末端为右旋正走滑。水平错动幅度达3个量级4个梯度,最大达350m。1984一1988年形变测量资料表明该段目前正以2.lmm/年的速率作左旋旷动。各种古地震活动标志表明南段大震平均复现期为3500士290年。', '全文', '', '');
INSERT INTO `researchpaper` VALUES ('119', '1', 'KKTH0018', 'LWFY0018', '赵翠萍、王海涛', '1991-3-1', '新疆地震活动的时间分布特征', '内陆地震', '', '9', '通过研究1900一1989年新疆5级以上地震的时间分布特征,发现地震的时间间隔与其频次之间存在各种关系。利用这些关系讨论新疆全区和北天山、南天山、喀什、柯坪等分区的背景性预报很有意义。', '全文', '', '');
INSERT INTO `researchpaper` VALUES ('120', '1', 'KKEH0019', 'LWFY0019', '杨发义', ' ', '新疆地震构造带及近期地震活动趋势', '新疆师范大学学报', '', '7', '本文论述了新疆地震构造带的划分及特征,列举了新疆主要活动断裂的分布。着重分析了新疆地震的时空分布与迁移特征。在此基拙上,对新疆近期地震活动趋势作了预测。', '全文', '', '');
INSERT INTO `researchpaper` VALUES ('121', '1', 'KKTH0020', 'LWFY0020', '胡方秋、刘景元', '1994-6-1', '可可托海-阿克塞测深大剖面北段深部构造与地震', '内陆地震', '', '7', '通过可可托海一阿克塞测深大剖面获得的地壳结构、深部资料结合地震活动进行分析,认为：地震与深断裂活动有关,与地下10-40km深的速度异常层有关,地震一般发生于波速突变的相对低速层中。', '全文', '', '');
INSERT INTO `researchpaper` VALUES ('122', '1', 'KKTH0021', 'LWFY0021', '向志勇、柏美祥', '1994-6-1', '二台活动断裂南段古地震研究及断裂向南扩展问题', '地震地质', '', '5', '二台活动断裂南段全新世期间曾发生过2一3次古地震事件。古地震遗迹具有北多南少,北老南新的现象,与该活动断裂带北老南新的特征一致,显示二台活动断裂的破裂过程有向南扩展的规律。', '全文', '', '');
INSERT INTO `researchpaper` VALUES ('123', '1', 'KKTH0022', 'LWFY0022', '柏美祥、罗福忠、尹光华、向志勇、沈军、石树中、丁德轩、郭恒祖、阮成雯', '1996-12-1', '新疆可可托海-二台活动断裂带', '内陆地震', '', '11', '北北西走向的新疆可可托海一二台活动断裂带长9km，为晚更新世晚期以来呈右旋逆走滑活动的断裂带,形成了额尔齐斯河与乌伦古河断错水系。该断裂带晚更新世晚期以来右错1km左右,最大垂直错动15m；全新世晚期的右旋走滑速率为8.23士0.47mm/a。自晚更新世晚期以来该带发生过7期17次古地震,平均复现期为1511士89a。富蕴县喀依尔提拉分型盆地以南为古地震及1931年富蕴8级地震破裂段,长159km,以北为未破裂段,长25.5km,喀依尔提拉分型盆地为构造障碍点。', '全文', '', '');
INSERT INTO `researchpaper` VALUES ('124', '1', 'KKTH0023', 'LWFY0023', '柏美样', '1996-6-1', '额尔齐斯活动断裂带', '新疆地质', '', '8', '额尔齐斯活动断裂带由5条活动断裂构成,自东向西撒开,延伸约650km ,具右旋走滑逆冲性质。该断裂带自更新世晚期以来均有活动,现今垂直错动速率为6.25mm/a,右旋走滑速率为5mm/a,总滑动速率为8mm/a；自更新世晚期以来右旋及垂直错动量均达20-60m。\n1990年斋桑7.3级地震、1931年富蕴8级地震及更新世晚期的古地震使斋桑一乌伦古断裂、玛因鄂博断裂和额尔齐斯河断裂发生破裂。其中玛因鄂博断裂从全新世中期以来就发生过3次古地震,平均复现期为2843士92a。通过玛因鄂博断裂和额尔齐斯断裂的详细', '全文', '', '');
INSERT INTO `researchpaper` VALUES ('125', '1', 'KKTH0024', 'LWFY0024', '史兰斌、林传勇、陈孝德、张小鸥、柏美祥', '1997-5-1', '新疆二台断裂带断层岩及古震源体特征', '地震学报', '', '8', '新疆二台断裂带是在早期的韧性剪切带(糜棱岩带)的基础上发展起来的.糜棱岩形成于地壳中10～12km的岩石韧-脆性转换带。此后发生了岩石变形过程为韧性变形—韧性失稳—脆性断裂的地震活动,形成了二台断裂带,并伴有假玄武玻璃的产生。假玄武玻璃的分布范围长约60km、宽约300m,代表了古震源体的规模,其环境条件与糜棱岩的形成环境相同。', '全文', '', '');
INSERT INTO `researchpaper` VALUES ('126', '1', 'KKTH0025', 'LWFY0025', '史兰斌、林传勇、张小鸥、陈孝德、柏美祥', '1997-4-1', '新疆可可托海-二台断裂带假玄武玻璃的基本特征', '中国科学', '', '6', '新疆二台断裂带上的海子口和木库尔拉森剖面广泛出露多种产状、多种形态和多期次的假玄武玻璃。它由碎屑和墓质组成,碎屑主要为围岩(糜棱岩)的细小碎片和石英等矿物；基质为隐晶质和玻璃质,其中常有纤维状和放射状微晶。其化学成分与围岩的成分十分相似。综合各方面的特征认为,假玄武玻璃是由糜棱岩在断层快速运动过程中经局部熔融产生的,形成的深度为10一12km,导致假玄武玻璃产生的地质事件是古地震。', '全文', '', '');
INSERT INTO `researchpaper` VALUES ('127', '1', 'KKTH0026', 'LWFY0026', '柏美祥、向志勇、罗福忠、尹光华、沈军、石树中、丁德轩、郭恒祖、彭树森', '2000-6-1', '富蕴地震断裂带的若干定量特征', '内陆地震', '', '12', '对富蕴地震断裂带9处不同地段的平板地质测量结果表明：北部引张段地震断裂带宽约220m,断坎平均高0.4m；中部主体走滑段地震断层长达535m以上,断层水平位移为1.8～7.8m,断坎高0.4～1.2m,水平位移与垂直位移之比为5.7～8.7；南部末端破裂段地震抛掷巨石距离达40m,地震断层水平位移为0.4～9.9m,断坎平均高0.2m,末端及副断层水平位移与垂直位移之比高达25～28。', '全文', '', '');
INSERT INTO `researchpaper` VALUES ('128', '1', 'KKTH0027', 'LWFY0027', '蔡仲琼', '2000-12-1', '富蕴地震断裂带的气体地球化学探测', '内陆地震', '', '12', '通过对富蕴地震断裂带北段4个横切断裂测线的地球化学土壤气体 Rn、Hg、CO2、He的探测与分析,认为该地震断裂带的地球放气现象至今仍然十强烈,断层破碎带上测点处的气体的含量普遍高于断裂两侧,极震区地下气体逸出量明显高于外围地区,其脱气强度与地震烈度分布基本吻合。富蕴断裂带现今活动强度为北段大于南段,主干断裂旁的分支断裂也比较活跃,水磨沟沟口剖面还显示出次级断裂活动强于主干断裂的迹象。', '全文', '', '');
INSERT INTO `researchpaper` VALUES ('129', '1', 'KKTH0028', 'LWFY0028', '柏美祥、杨章、彭敦复、王晓卫、张志平', '2000-3-1', '新疆锡伯渡-富蕴活断层', '新疆地质', '', '5', '锡伯渡一富蕴活断层是额尔齐斯活动断裂带的一部分。为确定锡伯渡一富蕴活断层的活动年代,从采样人手,据6个l4C计时及热释光样确定,该断层在BP(56.77士4.83)x103a,即晚更新世晚期以前活动。活动断裂带宽12m,最大垂直断距为2.75m,晚更新世晚期以来垂直活动速率为0.05mm/a,目前断层蠕滑,不具备发生大地震的条件。\n。', '全文', '', '');
INSERT INTO `researchpaper` VALUES ('130', '1', 'KKTH0029', 'LWFY0029', '柏美祥', '2001-6-1', '富蕴地震断裂带北部细部结构特征', '内陆地震', '', '7', '以8级地震时的水平位移作为地震断裂带分段依据,富蕴地震断裂带北部引张段长17km,而且水平位移不明显。富蕴地震断裂带的主体走滑段水平位移显著,除大震时的水平位移外,发震构造具多期次活动特征。', '全文', '', '');
INSERT INTO `researchpaper` VALUES ('131', '1', 'KKTH0030', 'LWFY0030', '柏美祥', '2002-6-1', '新疆富蕴地震断裂带中南段结构特征', '内陆地震', '', '10', '新疆富蕴地震断裂带中南段受北北西走向可可托海—二台活动断裂和东侧北西走向玛因鄂博等活动断裂所控制,形成“爪”形,左阶帚状,右阶弧形,反S形半透镜状和肘状构造。', '全文', '', '');
INSERT INTO `researchpaper` VALUES ('132', '1', 'KKTH0031', 'LWFY0031', '柏美祥', '2003-3-1', '富蕴地震断裂带南部结构特征', '内陆地震', '', '9', '富蕴地震断裂带南段主体走滑段多为正走滑断层,呈右行右阶或左阶排列。末端破裂段多不连续,呈弧形或左阶排列,部分沿支断层展布。', '全文', '', '');
INSERT INTO `researchpaper` VALUES ('133', '1', 'KKTH0032', 'LWFY0032', '尹光华、蒋靖祥、沈军', '2006-6-1', '2003年阿尔泰强烈地震综述', '内陆地震', '', '10', '对2003年9月27日发生在俄罗斯阿尔泰南部山区的强烈地震在宏观烈度、地质和地震学方面的特征进行了综述。该次地震对震中地区的建筑物造成了损害,在地表形成了NWW 走向的断裂带,此断裂带在楚亚北部地区向东延伸20km。次生地震变形表现为极震区内出现滚石、滑坡、喷水冒沙现象。震源构造的初步研究结果表明戈尔诺-阿尔泰地区是和蒙古-戈壁阿尔泰地区相连接。戈壁阿尔泰地区曾发生过多次震级7.0以上的地震,阿尔泰山脉系统实际上是一个发生高震级的地震构造带。', '全文', '', '');
INSERT INTO `researchpaper` VALUES ('134', '1', 'KKTH0033', 'LWFY0033', '宋和平', '2006-9-1', '论新疆深大断裂特征与地震的关系（3）', '内陆地震', '', '13', '北天山山前地带是构造运动十分强烈的地区,褶皱断裂等构造现象十分发育,这里曾发生过多次中强破坏性地震。由于受区域构造长期作用的影响,在北天山山前地区逐步发育形成了多排褶皱背斜及活动断裂,且运动方式具有独特性。该区域作为推覆逆冲的典型地区,其研究成果具有代表性和普遍性。', '全文', '', '');
INSERT INTO `researchpaper` VALUES ('135', '1', 'KKTH0034', 'LWFY0034', '王亚军、钱荣毅、姜枚、李海鸥、索重辉、张立树', '2006-1-1', '新疆富蕴-库尔勒剖面地震层析图像与地壳上地幔的速度结构', '地质学报', '', '7', '利用在2002～2004年新疆天山地区富蕴—库尔勒布设的流动地震台,经过连续两年的观测所采集的数据,挑选远震P波到时数据,进行了地震层析反演处理,获得此剖面地震层析图像推断地壳上地幔的速度结\n构。反演结果表明,富蕴—库尔勒剖面上塔里木板块向北的推进相对于西部有所减弱,在西部表现强烈的造山作用,向东逐步减缓,在天山的底部不过100km上下。地震活动集中在此范围内。岩石圈物质移动方向发生变化部分向东推移,自然也降低了天山的隆升作用,从而造成天山西段和东段的差异。在本剖面范围内天山的Moho面结构复杂有重叠、斜', '全文', '', '');
INSERT INTO `researchpaper` VALUES ('136', '1', 'KKTH0035', 'LWFY0035', '宋和平', '2006-3-1', '论新疆深大断裂特征与地震的关系（2）', '内陆地震', '', '9', '新疆独有的地貌形态及展布特征反映了地壳岩石圈深部物质运移变化的结果。由于地理位置和所处的构造部位的不同,中部天山山脉、北部阿尔泰山脉、西南部昆仑—阿尔金山脉在地壳岩石圈深部特征都有很大差异,它们有整体共性的必然联系,也有区域个性的特殊面貌。了解和认识岩石圈结构及其变化特征,对于分析研究该区域构造环境、应力场和地震的发生等有重要意义。', '全文', '', '');
INSERT INTO `researchpaper` VALUES ('137', '1', 'KKTH0036', 'LWFY0036', '高国英、李莹甄、王筱荣、聂晓红', '2006-6-1', '不同构造环境中地震活动对新疆地震形势的影响', '内陆地震', '', '7', '在对构造运动差异较大的柯坪块体和天山中部地区地震活动研究基础上,深入分析了这两个不同构造单元的中强地震活动对整体新疆地震形势的影响。不同构造环境下不同构造单元地震活动差异性很大。柯坪块体内构造运动强烈,它是新疆6级地震主要活动区之一。6 级地震发生后的1年内,天山地震带是中强地震的主要响应区,在时间上具有短期预测意义。位于特殊构造环境的中天山地区地震少,地震强度低。4次5级地震后的1～3年,新疆地震活动呈明显增强趋势, 中天山地区中强地震活动对周边地区中强地震活动会产生触发作用。', '全文', '', '');
INSERT INTO `researchpaper` VALUES ('138', '1', 'KKTH0037', 'LWFY0037', '宋和平、柔洁', '2007-3-1', '论新疆活动构造特征与地震的关系（4）', '内陆地震', '', '13', '中国西部在印度洋板块和欧亚板块的作用下,地壳形变十分强烈。新疆地区地壳形变受力方向为近南北—北北东向,南部地区受印度洋板块作用,北部地区则主要是受西伯利亚块体的作用,整体运动速率由南向北逐渐减弱,GPS测量结果得到的区域应力场分布和地震震源机制解与区域构造的展布及其活动表现都相吻合。', '全文', '', '');
INSERT INTO `researchpaper` VALUES ('139', '1', 'KKTH0038', 'LWFY0038', '张之武、付碧宏、Yasuo Awata', '2008-3-1', '新疆阿尔泰山南部富蕴右旋走滑断裂带晚第四纪错断水系的遥感分析研究', '第四纪研究', '', '7', '富蕴断裂带位于阿尔泰山南侧,横切阿尔泰山褶皱带南缘及额尔齐斯深断裂,是一条呈北北西向展布的右旋走滑断裂带。沿断裂带发育一系列错断水系、错断冲积扇、挤压脊、走滑拉分盆地等反映右旋走滑活动的典型构造地貌标志。本研究在高分辨率遥感图像和数字高程模型分析的基础上,结合野外实地构造地貌测量,对沿富蕴断裂带发育的系统错断水系特征进行了详细分析研究。研究结果表明,沿富蕴断裂带发育不同级别的错断水系,大致可划分为6级：1931年地震形成的冲沟；90m左右断距的错断水系；150m左右断距的错断水系；500m左右断距的错断水', '全文', '', '');
INSERT INTO `researchpaper` VALUES ('140', '1', 'KKTH0039', 'LWFY0039', '刘建民、陈柏林、董树文、赵越、刘晓春', '2009-7-1', '新疆富蕴可可托海-二台断裂带中假玄武玻璃及其围岩的年代学研究', '地质论评', '', '9', '发育在新疆富蕴可可托海—二台断裂带中的假玄武玻璃是古地震断裂快速滑移形成的构造岩。地质产状、显微构造研究表明,这些假玄武玻璃主要由发生重结晶的玻璃质熔融体形成。假玄武玻璃基质的全岩40Ar-39Ar阶段升温方法主阶段和K-Ar年龄分别为282.8±3.8 Ma和276.4±7.4 Ma。假玄武玻璃所在母岩(黑云母花岗岩和钾长花岗岩)的锆石U-Pb年龄分别为390.4±1.0 Ma和396.3±0.1 Ma,表明二台断裂带中的假玄武玻璃是在二叠世早期形成的,也说明二台断裂带古地震活动至少可以追溯到晚古生代(', '全文', '', '');
INSERT INTO `researchpaper` VALUES ('141', '1', 'KKTH0040', 'LWFY0040', '史杰、沈军、柏美祥、石广岭', '2010-3-1', '新疆1931年8月11日富蕴8.0级地震烈度图的修定', '内陆地震', '', '4', '根据上世纪70年代新疆维吾尔自治区地震局对发生在新疆富蕴8.0级地震的科学考察资料和近年来国际地震科学交流所获得的境外烈度调查资料,对富蕴8.0级地震的烈度分布情况进行了分析和修定, 获得了该地震烈度的完整图像。', '全文', '', '');
INSERT INTO `researchpaper` VALUES ('142', '1', 'KKTH0041', 'LWFY0041', '张之武、付碧宏、Yasuo Awata、周尚国', '2011-3-1', '拉分盆地三维演化初探-以新疆富蕴断裂拉分盆地为例', '地球学报', '', '6', '拉分盆地指沿着走滑断裂带弯曲部位,由于拉张而产生的地形上的低洼处,多形成于走滑断裂带次级断裂的间列部位。拉分盆地研究对于探讨走滑断裂扩展方式及分段性意义重大；分布于大型走滑断裂带上的拉分盆地,对于断裂带上地震临震预测具有一定的指示作用；此外，该类盆地往往与油气资源、成矿热液的运移、聚集、产出关系密切。本文在综述前人对拉分盆地演化过程中几何学、地貌学特征变化的基础上，选取了发育于富蕴断裂带上的小型拉分盆地为研究对象,借助后差分测量仪器——SOUTH 北极星9600及其配套软件SOUTH GPS与SOUTH ', '全文', '', '');
INSERT INTO `researchpaper` VALUES ('143', '1', 'KKTH0042', 'LWFY0042', '时显军', '2011-3-1', '富蕴地震台地倾斜震前异常特征分析', '内陆地震', '', '10', '根据富蕴地震台地倾斜观测资料，对距该台360km范围内地震震前异常进行了分析。结果表明:①一般情况下，异常的持续时间越长，资料的异常变化幅度越大，震级越大；②地倾斜观测资料的异常形态与震中位置有关，通常是单分量图和矢量图的拐弯处指向震中位置，震前震源区的应力集中往往造成矢量图畸变，单分量图形出现加速的异常特征；③阶跃是震前异常的一种重要表现。', '全文', '', '');
INSERT INTO `researchpaper` VALUES ('144', '1', 'KKTH0043', 'LWFY0043', '高国英、聂晓红、龙海英', '2012-3-1', '近期新疆震源机制解与地震活动特征研究', '西北地震学报', '', '7', '分析了2003-2009年新疆及其周边88次中强震震源机制解及其分布特征，并结合同期地震活动特点与区域应力场进行了讨论。认为：这一期间新疆主要受NNW向水平挤压应力制约，与1990-2002年新疆主压应力P轴NNE向分布有一定差异；中强震震源断层具有多样性，显示出新疆构造运动的复杂性；主压应力P轴仰角的变化与新疆地震活动的强弱交替相关；研究时段内不同强度的地震空间分布具有较明显的层次性特征。', '全文', '', '');
INSERT INTO `researchpaper` VALUES ('145', '1', 'KKTH0044', 'LWFY0044', '徐锡伟、孙鑫喆、谭锡斌、李康、于贵华', '2012-12-1', '富蕴断裂：低应变速率条件下断层滑动习性', '地震地质', '', '12', '富蕴断裂是阿尔泰地区低应变速率条件下的典型右旋走滑断层之一。野外考察和3个观测点的3D陆地LiDAR扫描DEM影像断错地貌恢复、重建，结合高分辨率卫星影像解译等进一步证实，1931年富蕴地震同震右旋走滑位移平均值为(6.3±1.2)m，且沿富蕴断裂向南北两端缓慢、平稳衰减，中部同震位移最大值为(6.7±0.5)m，而不是前人给出的10～14m；包含2～5次地震的同震累积位移值为1931年富蕴地震相同地点同震位移的整数倍，表明富蕴断裂大地震复发服从特征地震模型。2个观测点多级地貌面宇宙成因核素(10Be)系', '全文', '', '');
INSERT INTO `researchpaper` VALUES ('146', '1', 'KKTH0045', 'LWFY0045', '胡亚轩、郝明、李煜航、秦姗兰、王文萍', '2013-11-1', '新疆地区现今地壳形变特征与地震活动分析', '地震学报', '', '9', '新疆地区GPS区域站1999-2007年、2009-2011年观测资料分析结果表明，该地区水平运动速率分区性明显；2011年6月以来该地区中强地震增强。该文在分析区域站水平运动速率特征的基础上，对2011年1月 —2012年3月20个GPS连续观测站基线变化时间序列进行了分析。结果表明，各观测站坐标变化量在2011年4月后整体上变大，新疆地区地壳运动增强，但具体到不同的山区和盆地，基线变化趋势各异。其中，塔里木盆地和准噶尔盆地内部变形相对较小，主要变化发生在天山中南部，出现明显的南北向挤压缩短。', '全文', '', '');
INSERT INTO `researchpaper` VALUES ('147', '1', 'KKTH0046', 'LWFY0046', '邹天人、徐建国', '1975-9-1', '论花岗伟晶岩的成因和类型的划分', '地球化学', '', '14', '花岗伟晶岩常常富集着锂、铍、铌、钽、铷、铯、铪、锆、铀、钍、稀土、钪、铊、锡等多种有用元素,而且还是工业白云母的主要来源。解放后我国地质工作者在短短二十多年内,不仅找到了很多稀有金属花岗伟晶岩矿床,而且还积累了大量的地质资料。笔者以这些资料为基础,并结合自己在一些伟晶岩区工作的实际资料,试图在本文中讨论花岗伟晶岩的成因,并从花岗伟晶岩的形成过程及稀有金属在伟晶作用过程中的演化规律性出发,对花岗伟晶岩进行较合理的分类。', '全文', '', '');
INSERT INTO `researchpaper` VALUES ('148', '1', 'KKTH0047', 'LWFY0047', '王淑珍、王元龙、廖有炜、康旭', '1994-4-1', '阿尔泰伟晶岩中金绿宝石矿物学的研究', '矿产与地质', '', '5', '新疆阿尔秦地区某些花岗伟晶岩含有金绿宝石，它是一种罕见的稀有元素矿物。通过金绿宝石的物理性质、化学成份及地质产状研究表明,该矿物产在高铝的变质铝的变质岩地区,与钠长石、绿柱石紧密共生。', '全文', '', '');
INSERT INTO `researchpaper` VALUES ('149', '1', 'KKTH0048', 'LWFY0048', '张健、郑光华、刘庆云', '1989-1-1', '喀拉通克铜镍矿物化探方法的应用效果', '新疆地质', '', '9', '在l:20万航空磁测中仅发现小而弱的磁异常,在地表发现了铁帽,并在铁帽下发现了铜矿化的基性岩后,通过地表磁测,发现磁异常,经钻探发现了致密块状铜镍矿。选用重力、磁测、激发极化法及化探土壤测量等方法进行工作,获得明显的综合异常,指导了钻探工程的正确部署,钻到了工业矿体。', '全文', '', '');
INSERT INTO `researchpaper` VALUES ('150', '1', 'KKTH0049', 'LWFY0049', '王淑珍、王元龙、廖有炜、康旭、陈建华', '1994-6-1', '阿尔泰花岗伟晶岩中的金绿宝石', '新疆工学院学报', '', '8', '新疆阿尔泰地区某些花岗伟晶岩含有金绿宝石,它是一种罕见的稀有元素矿物,而且其有极高的经济价值。通过对金绿宝石系统地进行X光衍射、化学成分、穆斯鲍尔和等离子光错等方法测试及流体包裹体的研究表明：该矿物出现在高铝的变质岩地区，与钠长石、绿柱石紧密共生，并为进一步扩大寻找具有实用价值的矿物提供有益佐证。', '全文', '', '');
INSERT INTO `researchpaper` VALUES ('151', '1', 'KKTH0050', 'LWFY0050', '董永观、朱韶华、苗行健、孔庆寿', '1994-1-1', '新疆富蕴县萨尔布拉克金矿地质特征', '火山地质与矿产', '', '9', '萨尔布拉克金矿为破碎蚀变岩型金矿,矿体严格受“菱形构造”和岩屑晶屑凝灰岩的控制。在平面上呈透镜状近等间距出现,剖面上呈膝状拐折。以矿石中含有较多毒砂为特征。围岩蚀变强烈，具有明显的蚀变分带性,从中心向两侧,蚀变具对称性。矿石中金含量与毒砂、黄铁矿的含量成正相关,五角十二面体黄铁矿与金矿化更为密切。', '全文', '', '');
INSERT INTO `researchpaper` VALUES ('152', '1', 'KKTH0051', 'LWFY0051', '郭海吉', '1995-3-1', '可可托海矿床三号伟晶岩脉宝石原料矿物的产出特征', '新疆工学院学报', '', '5', '本文对可可托海三号矿脉岩钟体,主要宝石原料矿物的产出空间进行了简述,对各种颜色的宝石原料矿物的化学成分进行了分析和对比。', '全文', '', '');
INSERT INTO `researchpaper` VALUES ('153', '1', 'KKTH0052', 'LWFY0052', '吴长年、朱金初、刘昌实、杨升祖、朱炳玉、宁广进', '1995-4-1', '新疆阿尔泰库威和可可托海伟晶岩绿柱石中包裹体研究', '南京大学学报', '', '7', '研究了新疆阿尔泰库威伟晶岩和可可托海3号脉伟晶岩中绿柱石所含的包裹体。两地绿柱石中包裹体类型有两类:含硅酸盐子晶流体包裹体和气液流体包裹体。对含硅酸盐子晶流体包裹体各相成分进行了拉曼探针测定研究,同时对各类包裹体进行了显微测温。探讨了包裹体形成机制,两类包裹体代表残余伟晶岩岩浆演化的不同地球化学阶段捕获。含硅酸盐子晶流体包裹体捕获岩浆一热液过渡阶段时的一种超临界流体,捕获温度大于460-480℃；气液流体包裹体捕获热液阶段时的流体,捕获温度大于310-360℃(均无压力校正)。两类包裹体捕获压力范围为1.', '全文', '', '');
INSERT INTO `researchpaper` VALUES ('154', '1', 'KKTH0053', 'LWFY0053', '王文瑞', '1995-1-1', '可可托海三号矿脉露天采场地下水二期排水疏干方案选择', '新疆有色金属', '', '4', '已属后期开采并已有成功排水硫干工程的露天矿，当需要延深疏干深度时,如何选择一个在经济上合理、技术上可行的补充排水疏干方案,是个其有实际意义的值得探讨的问题。在三种都能达到排水目的的方案中,选择了露天矿坑排水方案。该方案的投资是其他方案的15.2%,排水成本是其他方案的46.4%。', '全文', '', '');
INSERT INTO `researchpaper` VALUES ('155', '1', 'KKTH0054', 'LWFY0054', '吴长年、朱金初、刘昌实、熊小林', '1995-12-1', '阿尔泰伟晶岩中流体熔融包裹体成分的研究', '地球化学', '', '8', '对阿尔泰可可托海、柯鲁木特和库威伟晶岩铿辉石及绿柱石中单个流体熔融包裹体各相成分,借助激光拉曼探针进行分析,鉴定出固体相为不同硅酸盐子晶矿物,定量给出了流体相成分。根据子晶矿物和流体相成分估算了整个流体熔融包裹体的成分,并据此进一步讨论了熔体中流体的溶解度问题。流体熔融包裹体成分研究表明熔体中流体已达饱和或过饱和,流体相与熔体相发生分离,相应残余伟晶岩浆体系进入晶体十熔体十流体三相共存的岩浆一热液过渡阶段,从而说明阿尔泰伟晶岩成因与岩浆一热液过渡阶段有密切联系。', '全文', '', '');
INSERT INTO `researchpaper` VALUES ('156', '1', 'KKTH0055', 'LWFY0055', '卢焕章、王中刚、李院生', '1996-3-1', '岩浆-流体过渡和阿尔泰三号伟晶岩脉之成因', '矿物学报', '', '7', '本文对新疆阿尔泰可可托海的三号伟晶岩形成的物理化学条件、特别是流体一熔融包裹体进行了研究,证明岩浆的确可以分出热液,对于三号伟晶岩脉来说,这种热液组分主要是NaCl一CO2一H2O流体。', '全文', '', '');
INSERT INTO `researchpaper` VALUES ('157', '1', 'KKTH0056', 'LWFY0056', '王元龙、康旭、王淑珍、廖有伟', '1996-3-1', '新疆阿尔泰彩色电气石的颜色成因研究', '矿产与地质', '', '7', '彩色碧玺(彩色电气石)是新疆阿尔泰花岗伟晶岩中富有特色的一种名贵宝石,主要有碧绿、黑绿、黄绿、红色和玫瑰色碧玺。通过对彩色电气石的岩石化学分析、X-衍射、紫外可见光吸收光谱和穆斯鲍尔谱测试分析,结合宏观地质观察,认为阿尔泰宝石级彩色电气石A l2O3含量高(>40% )而铁(锰)含量低,形成于碱性介质环境,多出现在钠锂型伟晶岩或钠长石富集地段。彩色电气石的颜色与晶体格架中配位金属离子种类、含量、物理特征及其生长阶段等因素有密切关系。铁、锰和锂离子是致色原因之一；微量元素,过渡性致色离子的存在与含量的高低也', '全文', '', '');
INSERT INTO `researchpaper` VALUES ('158', '1', 'KKTH0057', 'LWFY0057', '苗锡仲', '1997-11-1', '新疆可可托海矿区水胆海蓝宝石和紫晶产出的地质特征及研究意义', '新疆大学学报(自然科学版)', '', '4', '花岗伟晶岩脉沿黑云母片麻岩中的缓倾节理充填,可划分出3-5个结构带。海蓝宝石产于块体微斜长石的晶洞中。紫晶多赋存于烟色石英块体的晶洞中,以平行连生体出现。这与Holden和Siknankas关于紫晶产出的三种形式(结核状、晶球和梳状)均不相同。强油脂光泽的烟色石英、绿色楔形云母巨晶与绿柱石三者共生,是海蓝宝石和紫晶存在的矿物学标志。这不仅提高了矿脉的综合利用价值,而且也拓宽了阿勒泰花岗伟晶岩型宝石资源的潜在远景。', '全文', '', '');
INSERT INTO `researchpaper` VALUES ('159', '1', 'KKTH0058', 'LWFY0058', '朱炳玉', '1997-6-1', '新疆阿尔泰可可托海稀有金属及宝石伟晶岩', '新疆地质', '', '19', '可可托海矿床位于新疆北部,距乌鲁木齐约530km,大地构造上属于西伯利亚板块西南阿尔泰陆缘活动带。阿尔泰地区产有数万条伟晶岩脉,其中可可托海3号脉最为典型。3号脉位于可可托海镇南侧,二云母花岗岩岩基的南缘。岩脉侵入于变质辉长岩体内。脉体的中上部为一椭圆形岩钟,长250m,宽150m,深250m,底部扩大成缓倾斜板状,厚40m,总体形态呈草帽状,岩钟顶部出露于地表。岩钟内部结构清楚,由外而内分9个带。3号脉产有74种矿物,已开采的有绿柱石、锉辉石、铿云母、担妮矿物和艳榴石,其中,绿柱石产于I、II、IV带,', '全文', '', '');
INSERT INTO `researchpaper` VALUES ('160', '1', 'KKTH0059', 'LWFY0059', '王元龙、邢慧', '1997-4-1', '新疆阿尔泰钾长石矿物学特征及开发利用', '矿产与地质', '', '6', '阿尔泰钾长石是新疆优势非金属矿产资源之一,主要赋存在花岗伟晶岩矿脉、钾长花岗岩和碱性花岗岩中,钾长石资源储量大、品位高,易采易选,但尚未很好开发利用。通过阿尔泰钾长石矿物的物理特征、光学性质、化学成分以及工艺矿物学特征的研究,阐述了钾长石资源在工农业中的应用状况和应用范围,经与国内同类型矿种对比,指出新疆阿尔泰钾长石开发利用有着广阔的前景。', '全文', '', '');
INSERT INTO `researchpaper` VALUES ('161', '1', 'KKTH0060', 'LWFY0060', '特列提·阿不都热合曼', '1998-1-1', '新疆阿尔泰伟晶岩铍锂钽铌矿化特征探讨', '新疆有色金属', '', '8', '简述了阿尔泰山区区域地质情况，从伟晶岩的分布、形态、规模、结构和化学成份等分析阐述了Be、Li、Ta、Nb的矿物类型及其产出特点和矿化特征。', '全文', '', '');
INSERT INTO `researchpaper` VALUES ('162', '1', 'KKTH0061', 'LWFY0061', '王贤觉、牛贺才、郭国章', '1998-1-1', '阿尔泰三号伟晶岩脉岩浆演化过程中铌、钽示踪的研究', '地球化学', '', '11', '对三号伟晶岩脉某些不相容元素的分异与演化进行了研究,结果表明，岩浆作用中的不相容元素Nb、Ta的不相容性在花岗伟晶岩浆演化过程中已大大减弱,Nb、Ta独立矿物如铌钽铁矿、细晶石等能形成于伟晶质熔体的各个演化阶段。依据地质观察和分析数据对三号伟晶岩脉的分离结晶过程进行恢复。同时,计算了Nb、Ta在熔体与白云母、微斜长石、钠长石、锂辉石等主要矿物之间的分配系数,对Nb、Ta的成矿作用也进行了讨论。', '全文', '', '');
INSERT INTO `researchpaper` VALUES ('163', '1', 'KKTH0062', 'LWFY0062', '杨炳滨', '1999-1-1', '新疆阿尔泰花岗伟晶岩中绿柱石宝石（海蓝宝石、绿宝石）及其矿床特征的研究', '新疆有色金属', '', '9', '研究了阿尔泰伟晶岩中绿柱石宝石的致色机理、矿床特性，介绍了区域地质和伟晶岩分布概况。', '全文', '', '');
INSERT INTO `researchpaper` VALUES ('164', '1', 'KKTH0063', 'LWFY0063', '朱金初、吴长年、刘昌实、李福春、黄小龙、周东山', '2000-3-1', '新疆阿尔泰可可托海3号伟晶岩脉岩浆-热液演化和成因', '高校地质学报', '', '13', '新疆阿尔泰可可托海3号伟晶岩脉,由一陡倾斜的巨大岩钟和缓倾斜的板状体联合组成,总体形态似一实心草帽。其空间分带十分明显,自外向内可依次划分出如下九个共生-结构带:Ⅰ文象、变文象伟晶岩带；Ⅱ糖粒状钠长石带；Ⅲ块状微斜长石带；Ⅳ白云母-石英带；Ⅴ叶钠长石-锂辉石带；Ⅵ石英-锂辉石(-叶钠长石)带；Ⅶ白云母-薄片状钠长石带；Ⅷ锂云母-薄片状钠长石带；Ⅸ石英和微斜长石核。根据伟晶岩各共生-结构带的时空关系、矿物的多世代性和矿物中的包裹体等特征,从岩浆-热液演化的角度,探讨了伟晶岩的成因问题,认为:Ⅰ、Ⅲ带和部分Ⅱ', '全文', '', '');
INSERT INTO `researchpaper` VALUES ('165', '1', 'KKTH0064', 'LWFY0064', '李兆麟、张文兰、李文、翟伟、石贵勇', '2000-12-1', '云南哀牢山和新疆可可托海伟晶岩矿物中熔融包裹体电子探针研究', '高校地质学报', '', '14', '运用电子探针测定了云南哀牢山伟晶岩和新疆可可托海伟晶岩矿物中熔融包裹体及流体-熔融包裹体子矿物成分。据73个包裹体中120个测点分析结果,鉴定出锌尖晶石、刚玉、磷灰石、磁铁矿、白云母、黑云母、钾长石、钠长石、绿柱石和石英等10种子矿物,并确定矿物组合27个。其中锌尖晶石、刚玉在两地区伟晶岩熔融包裹体中属首次发现,磷灰石成分属首次测定。两地伟晶岩矿物的熔融及流体-熔融包裹体中子矿物成分及矿物组合各异,包裹体中子矿物与主矿物的化学成分存在一定演化规律,可作为了解伟晶岩浆结晶分异作用、元素演化规律的依据。研究表', '全文', '', '');
INSERT INTO `researchpaper` VALUES ('166', '1', 'KKTH0065', 'LWFY0065', '王登红、陈毓川、徐志刚', '2001-8-1', '阿尔泰加里东期变质成因伟晶岩型白云母矿床的成矿年代证据及其意义', '地质学报', '', '7', '本次工作通过野外调查和同位素年代学研究,首次在阿尔泰西部的也拉曼大型含绿柱石白云母矿床（426士13Ma）、阿尔泰中部的那森恰大型含绿柱石白云母矿床（447.7士0.4Ma）及阿尔泰东部的青河拜兴白云母伟晶岩脉（436士0.5Ma）中获得了可靠的加里东期成矿的同位素年代证据, 从而为解决是否存在加里东期成矿的问题提供了重要依据, 并进一步认识到阿尔泰地区的伟晶岩及伟晶岩型稀有金属一白云母矿床并非只形成于海西期。', '全文', '', '');
INSERT INTO `researchpaper` VALUES ('167', '1', 'KKTH0066', 'LWFY0066', '朱永峰、曾贻善', '2002-1-1', '可可托海3号脉伟晶岩铷-锶同位素等时线年龄', '矿床地质', '', '2', '可可托海3号伟晶岩脉边缘带中的白云母的Rb-Sr同位素等时线年龄为238±2.5Ma，此年龄代表伟晶岩的形成年龄。', '全文', '', '');
INSERT INTO `researchpaper` VALUES ('168', '1', 'KKTH0067', 'LWFY0067', '朱金初、张佩华、饶冰、李福春、熊小林', '2002-1-1', '宜春稀有矿化花岗岩与可可托海稀有矿化伟晶岩的异同剖析和启迪', '矿床地质', '', '4', '宜春稀有矿化花岗岩和可可托海稀有矿化伟晶岩均以超酸性、过铝、富含H2O、F、P等挥发分、富含碱金属元素Na、Li、Cs和富含Ta、Nb、Sn等稀有金属元素为主要特征。虽然它们形成于不同的地质构造背景和温度压力条件，但它们在矿物岩石的结构构造和造岩矿物中的硅酸盐-熔体包裹体特征表明，它们均属岩浆成因，它们在空间分带和元素地球化学演化特征上的高度相似性，反应了它们形成机制的类同性，它们是由经过充分分离结晶作用和长期演化而形成的富含稀有金属元素和挥发分的残余熔浆直接结晶的产物。', '全文', '', '');
INSERT INTO `researchpaper` VALUES ('169', '1', 'KKTH0068', 'LWFY0068', '黄宣镇', '2003-1-1', '与花岗伟晶岩建造有关的宝玉石矿床', '中国非金属矿工业导刊', '', '4', '花岗伟晶岩建造中赋存的宝玉石矿床最多，也最重要，常含有透明的颜色美丽的甚至是罕见的宝玉石。在我国，花岗伟晶岩建造产出的宝玉石矿床种类有：绿柱石、电气石、水晶、刚玉、石榴子石、黄玉、天河石、芙蓉石、锂辉石、金红石、塔菲石、丁香紫玉、磷灰石、锆石等。本文简要论述这些宝玉石矿床的分布、成矿特征和宝玉石质量，初步总结了本类宝玉石矿床的成矿规律。', '全文', '', '');
INSERT INTO `researchpaper` VALUES ('170', '1', 'KKTH0069', 'LWFY0069', '刘琰、高岩、何明跃、蔡克勤', '2003-5-1', '新疆可可托海绿柱石猫眼矿物学特征及其开发探讨', '地质与勘探', '', '6', '在绿柱石的各个品种当中,绿柱石猫眼是比较独特的一个品种,经济价值较高。其内部因含有大量的定向排列的气液包体,所以在定向切割的弧面宝石中会出现猫眼效应。新疆阿尔泰可可托海地区产出大量的淡黄色、淡绿色、淡蓝色绿柱石猫眼。通过化学全分析、显微硬度仪、X光粉晶衍射、红外光谱、拉曼光谱对该地绿柱石猫眼的物理性质、化学成分、物质的结构、绿柱石分子中的结构水、内部包体的赋存状态、气液包体的化学成分进行了详细的研究和分析。同时计算出了晶体化学式、晶胞参数。为该地区绿柱石猫眼的研究和开发提供了较为系统和详细的资料。通过对其', '全文', '', '');
INSERT INTO `researchpaper` VALUES ('171', '1', 'KKTH0070', 'LWFY0070', '张爱铖、王汝成、胡欢', '2003-6-1', '新疆阿尔泰可可托海3号伟晶岩脉重钽铁矿研究', '高校地质学报', '', '5', '重钽铁矿是主要见于高度分馏花岗伟晶岩中的一种罕见的钽矿物。新疆阿尔泰可可托海3号伟晶岩脉中存在的重钽铁矿呈他形,与钽锰矿(因Ta含量的明显差异可分为钽锰矿I和钽锰矿II)和铀细晶石共生形成铌钽矿物集合体。钽锰矿I构成集合体的主体,而重钽铁矿与相对富Mn和Ta的钽锰矿II紧密共生并分布在集合体的边部。重钽铁矿的RTa[RTa=Ta/(Nb+Ta)]在0.96～0.99间变化,RMn[RMn=Mn/(Fe+Mn)]在0.10～0.21间变化。铌钽铁矿的共生组合和化学成分特征表明,重钽铁矿是钽锰矿I在非平衡条件', '全文', '', '');
INSERT INTO `researchpaper` VALUES ('172', '1', 'KKTH0071', 'LWFY0071', '何建璋', '2003-1-1', '可可托海三号脉铍矿石的综合利用', '新疆有色金属', '', '3', '可可托海3号脉是稀有金属和非金属矿物含量非常丰富的矿床,利用矿物可浮性、比重、解理的不同,分别回收锂、铍、钽铌、云母、长石和石英,矿物的利用率可达80%,经济效益和社会效益非常显著。', '全文', '', '');
INSERT INTO `researchpaper` VALUES ('173', '1', 'KKTH0072', 'LWFY0072', '张爱铖、王汝成、谢磊、胡欢', '2003-12-1', '阿尔泰可可托海3号伟晶岩脉中的铪质锆石', '矿物学报', '', '6', '利用电子探针技术研究了阿尔泰可可托海3号伟晶岩脉中铪质锆石的成分特征。结果表明：细粒花岗岩和正岩浆阶段结构带(Ⅳ带)的锆石相对贫Hf,w(HfO2)=3.06%～13.33%,主要属于普通锆石；岩浆-热液过渡阶段结构带(Ⅴ带和Ⅶ带)锆石相对富Hf,w(HfO2)=9.06%～35.21%,主要属于铪质锆石,少量具有普通锆石特征；同时本区发现的铪质锆石中HfO2最高含量是目前伟晶岩已报道铪质锆石中HfO2的最高含量。成分特征还显示,边部细粒花岗岩和正岩浆阶段锆石成分变化非常局限,岩浆-热液过渡阶段锆石成分变', '全文', '', '');
INSERT INTO `researchpaper` VALUES ('174', '1', 'KKTH0073', 'LWFY0073', '王登红、陈毓川、徐志刚', '2003-1-1', '新疆阿尔泰印支期伟晶岩的成矿年代学研究', '矿物岩石地球化学通报', '', '4', '阿尔泰的伟晶岩长期以来被认为是海西期造山过程的产物。为了查明伟晶岩矿床的成矿时代,本文通过对伟晶岩型稀有金属矿床中白云母的40Ar/39Ar法同位素定年研究,首次在阿尔泰中部的大喀拉苏大型稀有金属矿床和小喀拉苏稀有金属矿床获得了新的同位素年龄数据,其坪年龄分别为248.42±2.11Ma和233.79±0.41 Ma,从而证实了印支期稀有金属成矿作用的存在,提出了伟晶岩型矿床形成于多个时代,且稀有金属成矿作用主要发生在海西期造山运动之后的看法。', '全文', '', '');
INSERT INTO `researchpaper` VALUES ('175', '1', 'KKTH0074', 'LWFY0074', '何建璋、王毓华', '2003-2-1', '可可托海矿片状白云母资源的综合回收', '有色金属', '', '3', '介绍可可托海稀有金属矿露天矿为回收白云母资源进行的工艺改造。在原两段一闭路破碎流程的基础上新增双层筛和对辊机,根据形状选矿原理,采用机械方法回收优质白云母。片状云母产率4%左右,平均面积约4cm2。改进的工艺流程不仅提高了磨机生产能力,降低浮选成本,而且获得了可观的经济效益,年新增产值约1080万元。', '全文', '', '');
INSERT INTO `researchpaper` VALUES ('176', '1', 'KKTH0075', 'LWFY0075', '王登红、邹天人、徐志刚、余金杰、付小方', '2004-8-1', '伟晶岩矿床示踪造山过程的研究进展', '地球科学进展', '', '7', '国内外伟晶岩及伟晶岩矿床的研究比较薄弱,对于伟晶岩矿床在造山过程中的示踪更是知之甚少。但是,与花岗岩和玄武岩可以指示构造演化一样,伟晶岩及其相关矿床同样可以作为构造演化尤其是造山过程的示踪标志。世界上伟晶岩矿床最集中的阿尔泰地区从加里东期到海西期、印支期、燕山期均有伟晶岩及伟晶岩型矿床形成,并具有从早到晚矿床规模越来越大、元素组合和矿物组合越来越多、伟晶岩分带越来越完善、矿种从加里东期比较单纯的白云母矿床向燕山期超大型综合性矿床演化的规律,主要的成矿阶段发生在各造山运动之后相对宁静的时期。国内外其它地区也', '全文', '', '');
INSERT INTO `researchpaper` VALUES ('177', '1', 'KKTH0076', 'LWFY0076', '胡欢、王汝成、张爱铖、徐士进', '2004-1-1', '新疆阿尔泰3号伟晶岩脉中的铯沸石：内部成分不均一性与岩浆热液作用', '矿床地质', '', '11', '通过运用X射线粉晶衍射技术和电子探针定量分析、面分析技术,对阿尔泰3号伟晶岩脉各结构带中共生矿物及其化学成分进行了研究。在不同结构带中,铯沸石有着不同的共生矿物和化学成分。在叶钠长石-锂辉石带形成早期,铯沸石常和电气石、富铯的锂云母共生,为成分均一的原生铯沸石,其CRK和Si/Al平均值分别为74.5和2.34。到叶钠长石_锂辉石带形成晚期及石英_锂辉石带形成阶段,原生铯沸石发生再平衡作用,在相对封闭体系中经历出溶作用后,形成团块状的富Na铯沸石和富Cs的铯沸石脉,并与富铯的锂云母共生。到白云母-薄片钠长', '全文', '', '');
INSERT INTO `researchpaper` VALUES ('178', '1', 'KKTH0077', 'LWFY0077', '尹意求、李嘉兴、郭正林、胡兴平', '2005-4-1', '新疆阿尔泰金矿床的类型划分及找矿评价标志', '桂林工学院学报', '', '5', '新疆阿尔泰的金矿资源类型有:岩金矿、伴生金矿和砂金矿。从金矿地质找矿的实用角度,以金矿床的主要地质特征、控矿地质条件及找矿标志为划分依据,将阿尔泰的金矿类型简化为浅成低温热液型、剪切带型及断裂变质带型,其中,浅成低温热液型可细分为火山岩型和微细粒浸染型,剪切带型可细分为破碎蚀变岩型和韧性剪切带型。每一种类型的金矿床具有相应的找矿评价标志。', '全文', '', '');
INSERT INTO `researchpaper` VALUES ('179', '1', 'KKTH0078', 'LWFY0078', '臧文栓、陈柏林、吴淦国、张招崇、闫升好、何立新、周刚', '2007-9-1', '阿尔泰富蕴-青河一带东段变形岩石X光组构分析', '地质通报', '', '9', '通过对新疆阿尔泰南缘东段地区主要构造带变形岩石的X光岩组分析,认为该区岩石变形比较强烈,石英变形机制以中低温底面型或近底面型滑移为主, 部分为中高温柱面Ⅰ型滑移系。属于中浅—中等层次(10～15km,T=300～450℃,p=0.25～0.40GPa)的韧脆性—韧性变形。达拉维孜-阿热勒托别剪切流变构造带和库尔提-玛因鄂博韧性剪压变形带变形的物理化学条件相似, 结合区域地质分析,这2个带与萨尔布拉克-科克萨依脆性挤压劈理化带一起可能组成一个完整的板块(微陆块)聚合变形带。而锡泊渡(635水库)-富蕴变晶糜', '全文', '', '');
INSERT INTO `researchpaper` VALUES ('180', '1', 'KKTH0079', 'LWFY0079', '冷成彪、王守旭、苟体忠、陆丽娜、刘红杰', '2007-1-1', '新疆阿尔泰可可托海3号伟晶岩脉研究', '华南地质与矿产', '', '7', '新疆阿尔泰可可托海3号伟晶岩脉具有非常完美的结构分带,从边部到核心可以划分出9个共生结构带。本文主要利用前人资料,从该伟晶岩脉的主元素、造岩矿物以及包裹体等角度对各结构带进行了研究,探讨了稀土元素在各带中的分布模式以及演化特征,并对3号岩脉的岩浆～岩浆热液演化阶段和地球化学阶段的划分作了修改。', '全文', '', '');
INSERT INTO `researchpaper` VALUES ('181', '1', 'KKTH0080', 'LWFY0080', '何英、吴小虎', '2007-11-1', '新疆阿尔泰地区铁矿床地质特征与找矿方向', '西部探矿工程', '', '3', '新疆阿勒泰地区铁矿成矿带属阿勒泰褶皱系的一部分,位于阿尔泰山南缘,为国土资源大调查以来确认的最重要的成矿区带之一。通过成矿地质背景、典型矿床地质特征、成矿控制因素的综合分析,对阿勒泰地区铁矿的找矿标志进行了初步总结,希望能对该区的铁矿找矿有所裨益。', '全文', '', '');
INSERT INTO `researchpaper` VALUES ('182', '1', 'KKTH0081', 'LWFY0081', '陈建平、陈勇、曾敏、胡忠德、赵洁、胡青', '2008-4-1', '基于数字矿床模型的新疆可可托海3号脉三维定位定量研究', '地质通报', '', '8', '以数字矿床为手段,进行资源三维定位、定量研究是危机矿山隐伏矿体找矿的新思路和新方法。在对可可托海3号伟晶岩脉的地质模型、成矿规律进行研究和总结的基础上,以Mincromine软件为平台建立了3号脉9个共生结构带的三维实体模型,并利用钻孔数据开展隐伏矿体的定位定量研究。结果表明,可可托海3号脉仍有较好的开发利用潜力,矿体中大于工业品位的BeO保有资源量60t,预测资源量63t,可为矿山的复采提供4-5年的资源保证。在矿脉的外围及深部,大于边界品位的BeO远景资源量1118t,Li2O大于边界品位的资源量24', '全文', '', '');
INSERT INTO `researchpaper` VALUES ('183', '1', 'KKTH0082', 'LWFY0082', '罗泽敏、陈美华、赵曦', '2008-3-1', '新疆可可托海碧玺热处理工艺探索及谱学特征', '宝石和宝石学杂志', '', '6', '对新疆可可托海Fe2Li碧玺进行热处理实验,拟定了实验温度、热处理气氛、保温时间及升温与降温速度4个主要改色工艺参数。对比不同阶段的改色效果,部分样品在颜色和透明度方面取得了较好效果：黄绿色和墨绿色样品的颜色分别在550～650℃和650℃氧化气氛中得到改善,其透明度明显提高;黄褐色样品在650～700℃还原气氛中其褐色调明显减弱,颜色变为黄绿色。同时,红外吸收光谱和紫外2可见光透过光谱的跟踪测试验证了改色结果。', '全文', '', '');
INSERT INTO `researchpaper` VALUES ('184', '1', 'KKTH0083', 'LWFY0083', '刘宁江', '2006-6-28', '可可托海稀有矿V26、V38矿体锂辉石浮选试验研究', '新疆有色金属', '', '2', '探讨原矿矿体风化后,稀有金属锂辉石矿石,采用强搅拌擦洗脱泥,在中性偏弱碱性条件下用阳离子捕收剂配合起泡剂浮选云母,然后用碳酸钠、氢氧化钠组合调整剂调浆,使其pH=10.5～11.5,用氧化石腊皂作捕收剂的浮选工艺选别锂辉石,取得了较好的经济技术指标。', '全文', '', '');
INSERT INTO `researchpaper` VALUES ('185', '1', 'KKTH0084', 'LWFY0084', '胡忠德', '2008-1-1', '可可托海稀有金属矿床3号脉地质特征及深部找矿方向', '新疆有色金属', '', '4', '可可托海3号脉是世界著名的稀有金属矿床,已闭坑停产。通过对矿床地质特征,主要是含矿构造的再研究,结合矿区物探异常特点指出深部找矿方向,对矿山的再次开发有深远的意义。', '全文', '', '');
INSERT INTO `researchpaper` VALUES ('186', '1', 'KKTH0085', 'LWFY0085', '毕忠华', '2009-1-1', '可可托海花岗伟晶岩矿床铯的矿化特征', '新疆有色金属', '', '2', '可可托海花岗伟晶岩矿床含有较丰富的铯资源,铯的矿化与成矿阶段晚期的Li ,Cs阶段和Si阶段密切相关,铯榴石是该矿床的主要含铯矿物,分布具有一定的规律性。', '全文', '', '');
INSERT INTO `researchpaper` VALUES ('187', '1', 'KKTH0086', 'LWFY0086', '毕忠华', '2008-10-16', '可可托海3号脉开采中的矿山地质工作及其作用', '新疆有色金属', '', '3', '通过对可可托海3号脉的生产勘探、矿山地质技术管理与监督和共生、伴生矿产的综合开采、综合利用以及水文地质、综合地质研究等矿山地质工作的综合研究,对矿山地质工作在生产中的地位和作用进行了总结,对今后开展矿山地质工作具有指导意义。', '全文', '', '');
INSERT INTO `researchpaper` VALUES ('188', '1', 'KKTH0087', 'LWFY0087', '许国礼', '2010-3-22', '可可托海花岗伟晶岩矿床中锂辉石矿物的富集规律', '新疆有色金属', '', '3', '可可托海花岗伟晶岩矿床含有丰富的锂辉石资源,锂矿化与成矿阶段中期的Na、Li阶段和晚期的Li、Cs阶段密切相关,锂辉石是该矿床的主要含锂矿物,分布具有一定的规律性。', '全文', '', '');
INSERT INTO `researchpaper` VALUES ('189', '1', 'KKTH0088', 'LWFY0088', '丁海红、胡欢、张爱铖、倪培、徐士进', '2010-6-1', '可可托海3号伟晶岩脉中蜕晶质化锆石微区研究', '矿物学报', '', '8', '通过电子探针和激光拉曼光谱分析技术系统研究了阿尔泰可可托海 3号伟晶岩中蜕晶质化锆石各部位的成分特征、结构变化和蜕晶质化程度间的关系,定量评测了放射性衰变对锆石不同部位结构的影响程度。成分分析结果表明此锆石为铪质锆石,具有明显的环带,其中核部U、Th含量高,边部U、Th含量低,而且锆石破碎区富含非化学式元素Ca、Al、P等,表明此处为锆石的薄弱区,已发生热液蚀变。拉曼光谱特征和锆石的辐射剂量值都表明,锆石核部发生了中度-高度的蜕晶质化,且由于热事件发生退火 辐照损伤程度得到一定的愈合；而边部晶体结构保持较', '全文', '', '');
INSERT INTO `researchpaper` VALUES ('190', '1', 'KKTH0089', 'LWFY0089', '许国礼', '2010-3-22', '可可托海花岗伟晶岩3号矿脉矿体特征及稀有金属矿化规律', '新疆有色金属', '', '4', '通过对可可托海花岗伟晶岩矿床3号矿脉矿体地质特征的分析,探讨了3号矿脉稀有金属矿化规律。', '全文', '', '');
INSERT INTO `researchpaper` VALUES ('191', '1', 'KKTH0090', 'LWFY0090', '任宝琴、张辉、唐勇、吕正航', '2011-9-1', '阿尔泰造山带伟晶岩年代学及其地质意义', '矿物学报', '', '10', '利用LA-ICPMS技术对阿尔泰造山带19条伟晶岩脉中锆石进行U-Pb年代学研究，结果显示，阿尔泰伟晶岩可划分为4个主要形成时期：加里东期，形成年龄约476Ma；海西晚期，形成年龄约260～280Ma；印支期，形成年龄主要分布在205～250Ma；燕山期，形成年龄主要分布在180～200Ma 范围。其中以二叠纪、三叠纪-侏罗纪为主，形成于构造体制由挤压转换为伸展的背景。另外，阿尔泰地区分布有大量稀有金属伟晶岩，综合前人和本文研究结果，认为这些稀有金属伟晶岩主要形成于印支期。', '全文', '', '');
INSERT INTO `researchpaper` VALUES ('192', '1', 'KKTH0091', 'LWFY0091', '林龙华、徐九华、魏浩、陈栋梁、徐伟、刘泽群王燕海', '2012-7-1', '新疆阿尔泰可可托海3号伟晶岩脉绿柱石流体包裹体SRXRF研究', '岩石矿物学杂志', '', '9', '尝试利用北京同步辐射装置(BSRF)实验条件所产生的4W1B 束线同步辐射X射线荧光微探针,对新疆可可托海3号伟晶岩绿柱石中的单个流体包裹体进行原位无损成分分析,改进了实验中显微镜照明装置而获得较好的视觉观察效果,使探测目标选取更加快速、准确,测试结果更加可靠。测试及研究结果表明,新疆可可托海3号伟晶岩脉绿柱石中多数流体具有较高的Zn、Sn、As以及REE元素含量,反映了其内生岩浆作用特征及流体的壳源特点；蛛网图显示微量元素含量特征与中国中东部地壳相似,进一步提示流体可能源自地壳。但由于测试中束斑面积较大', '全文', '', '');
INSERT INTO `researchpaper` VALUES ('193', '1', 'KKTH0092', 'LWFY0092', '任文斌', '2012-3-1', '可可托海铍矿石锂铍分离的选别', '新疆有色金属', '', '3', '通过对矿浆的预先脱泥，低碱度矿浆中选出云母，再进行铍锂的混合浮选，混合精矿pH值调整到13并进行强搅拌，加入FeCl3、Na2S 药剂，通过药剂机理研究分析，Fe3+对锂辉石、绿柱石有很好的活化作用，硫化钠对被 Fe3+活化的锂辉石和绿柱石有较好的选择性抑制作用。最终BeO的精矿品位最高达到5.58％，尾矿品位最低达到 0.007％，回收率为46.39％。', '全文', '', '');
INSERT INTO `researchpaper` VALUES ('194', '1', 'KKTH0093', 'LWFY0093', '范新斌', '2012-4-20', '可可托海尾矿再回收锂辉石浮选药剂的改进', '新疆有色金属', '', '3', '采用羟肟酸，氧化石蜡皂共用的组合捕收剂代替氧化石蜡皂与环烷酸皂，不但降低了药剂的成本，还使锂浮选流程简化，精矿品位达到5.8%。回收率由原来的48%达60%。', '全文', '', '');
INSERT INTO `researchpaper` VALUES ('195', '1', 'KKTH0094', 'LWFY0094', '康旭、王淑珍', '1992-11-1', '新疆可可托海地区花岗岩的特征', '岩石学报', '', '6', '新疆阿尔泰山可可托海地区的片麻状黑云母花岗岩,似斑状花岗岩和二云母花岗岩分别是海西早期、海西晚期和印支一燕山期的产物。它们共有的岩相学特点是斑状或似斑状结构,片麻状构造,造岩矿物和副矿物保留有围岩矿物成分。CMF值和QAP图解以及亲合度提示了三种岩石在化学成分上是相互过渡的；微量元素、87Srs/86sr以及铅和氧同位素组成,反映它们是陆壳重熔成因的。', '全文', '', '');
INSERT INTO `researchpaper` VALUES ('196', '1', 'KKTH0095', 'LWFY0095', '张朝文、刘援朝、魏显贵', '1992-1-1', '阿尔泰地区韧性剪切带和推覆-滑脱构造', '成都地质学院学报', '', '7', '阿尔秦地区在地质上不但以华力西期岛弧,广泛发育花岗岩、花岗伟晶岩及其稀有金属矿产资源而著称,而且还发育韧性剪切带。深、浅两种断裂,是一个巨型复式推夜一滑脱构造。它是在额尔齐斯俯冲带基础上发展起来的,主滑脱面位于中、上地壳之间约20km深处,地表额尔齐斯断裂带是这个主滑脱面上段。', '全文', '', '');
INSERT INTO `researchpaper` VALUES ('197', '1', 'KKTH0096', 'LWFY0096', '吴礼道、王占宇、王敬东', '1992-1-1', '阿尔泰地区华力西期火山作用与金矿的关系', '火山地质与矿产', '', '13', '阿尔秦地区华力西期火山作用强烈，火山岩分布广泛。根据火山活动方式、火山岩的空间分布及岩石组合,火山作用的构造背景,将本区划分为5个构造一岩浆岩带。在分析全区火山岩的岩石学、岩石化学、地球化学和稀土元素等特征的基础上,进而讨论了火山作用的构造地质背景,指出了华力西期阿尔泰地区为板块碰撞机制下的沟、弧、盆体系。火山作用与金成矿作用关系的研究表明：形成金矿化的诸多因素，包括矿质来源、动力源、矿液通道、容矿围岩等都与火山作用有关；金矿成矿带的空间展布受构造一岩浆岩带的控制。', '全文', '', '');
INSERT INTO `researchpaper` VALUES ('198', '1', 'KKTH0097', 'LWFY0097', '周珣若', '1994-1-1', '花岗岩混合作用', '地学前缘（中国地质大学,北京）', '', '11', '本文对混合作用的概念、提出作了扼要的介绍,对I型花岗岩的混合成因依据、类型与构造环境进行了重点分析。还对混合作用的方式、标志、定量模式及暗色包体的结晶过程、研究意义等进行了系统的论述。', '全文', '', '');
INSERT INTO `researchpaper` VALUES ('199', '1', 'KKTH0098', 'LWFY0098', '兰天佑、岳书仓', '1994-6-1', '新疆阿拉套地区花岗岩地质地球化学特征及其成因类型', '合肥工业大学学报（自然科学版）', '', '6', '本文重点剖析了新疆阿拉套地区中海西期三个花岗质岩体的造岩矿物、岩石化学、岩石地球化学特征,并确定其成因类型分属于I型和S型花岗岩的两个岩石系列。', '全文', '', '');
INSERT INTO `researchpaper` VALUES ('200', '1', 'KKTH0099', 'LWFY0099', '杨新岳、李志纯、谢国源', '1994-7-1', '新疆阿尔泰造山带南缘萨勒巴斯推覆体的变形和变质作用', '地球科学一一中国地质大学学报', '', '10', '萨勒巴斯推覆体中发育一套深层次变形构造组合和倒转递增变质带,其中糜棱岩、混合岩、混合花岗岩的成因关系对研究挤压造山背景下,地壳深层次变形作用和成岩作用具有特殊的意义。研究表明：在大型滑脱推覆系统中,存在糜棱岩一混合岩一混合花岗岩成岩系列；成岩过程为:韧性变形一剪切加热一部分熔融；控制成岩过程的主导因素为构造动力条件。这一成岩过程能导致稀土元素发生分异,出现重稀土元素有规律地亏损。变质作用pTt轨迹显示造山过和中逆冲推覆作用导致的地壳叠置加厚和剪切加热的典型热演化模式。变形、变质高峰期后,高角度逆冲作用导致', '全文', '', '');
INSERT INTO `researchpaper` VALUES ('201', '1', 'KKTH0100', 'LWFY0100', '赖绍聪、隆平', '1996-10-1', '北祁连山岛弧型火山岩地球化学特征', '西北大学学报(自然科学报)', '', '6', '火山岩系列及组合表明,晚元古至寒武纪期间,北祁连岛弧具有较低的成熟度,自O1→O2→O3岛弧火山岩具有成熟度连续升高的演化规律；中晚奥陶世,岛弧钾玄岩系列火山岩的出现,标志着北祁连岛弧达到较高的成熟度；奥陶纪晚期,北祁连洋盆已基本闭合；至早志留世,仅在局部地区还有弧火山活动,且以钙碱系列火山岩为主,其成因与残余洋盆的活动有关。', '全文', '', '');
INSERT INTO `researchpaper` VALUES ('202', '1', 'KKTH0101', 'LWFY0101', '刘伟', '1997-9-1', '新疆阿拉尔花岗岩MFC过程的微量元素综合效应', '地质论评', '', '11', '新疆阿拉尔花岗岩的微量元素比值相关图显示了线性样点列与幂函数曲线形式的样点列相交的复杂图型。该图型用简单混合或者单一结晶分异模型都不能解释。本文建立了混合一结晶分异复合过程的微量元素综合效应模型。模型1(Dl<D3,D2<D3,D1≠D2或者D1>D3,\nD2>D3,D1≠D2):从初始混合线引发出幂函数曲线束形式的结晶分异线。特殊情况(D1≠D2≠D3)有结晶分异线简化为通过原点的直线束形式(A>0)或者与初始混合线重合(A=0).模型2(D1>D3>D2或者D1<D3<D2):从初始混合线引发出双曲线', '全文', '', '');
INSERT INTO `researchpaper` VALUES ('203', '1', 'KKTH0102', 'LWFY0102', '叶庆同、傅旭杰', '1998-2-1', '新疆阿尔泰造山带矿床成矿系列', '地球学报', '', '9', '在系统分析阿尔泰造山带成矿区(带)地质构造演化和成矿特点基础上,划分了4个矿床成矿系列、4个矿床成矿亚系列和6个矿床式。矿床成矿系列和亚系列的形成和分布受区域构造岩浆演化制约。阿尔泰造山带矿床成矿系列具有鲜明的晚古生代成矿作用特点。区域构造演化的规律和后期构造对早期构造的叠加,决定了矿床成矿系列的规律分布和局部复合。', '全文', '', '');
INSERT INTO `researchpaper` VALUES ('204', '1', 'KKTH0103', 'LWFY0103', '陈富文、李华芹、王登红、蔡红、陈文', '1999-6-1', '中国阿尔泰造山带燕山期成岩成矿同位素年代学新证据', '科学通报', '', '7', '阿尔泰地区花岗质岩石和相关伟晶型稀有金属矿床的分布十分广泛,已往多认为其成岩成矿时代是海西期。报道的可可托海矿区富钾矿物(白云母和微斜长石)40Ar-39Ar年龄及尚可兰稀有金属矿区全岩和石英流体包裹体Rb-Sr等时线年龄表明:阿尔泰造山带有燕山期成岩成矿事件存在:举世闻名的可可托海3号伟晶岩脉的形成大致经历了 30Ma的结晶分异时间。', '全文', '', '');
INSERT INTO `researchpaper` VALUES ('205', '1', 'KKTH0104', 'LWFY0104', '李红阳、杨竹森、罗泰义、高振敏、王登红', '1999-11-1', '阿尔泰大型-超大型矿床富集区地壳演化', '地球学报', '', '9', '通过构造、岩浆、变质、成矿等地质作用及其时空演化规律的对比分析,以及物探重力、航磁及遥感信息的综合研究,认为古生代阿尔泰富蕴地幔热柱成因的三联点裂谷形成与演化———“手风琴式”开合,是阿尔泰大型-超大型矿床富集区形成与演化的根本原因。地幔热柱热地幔物质大规模上涌和横向扩张,产生三联点裂谷系统,导致古大陆解体,形成阿尔泰“洋岛型”蛇绿岩、阿尔泰型花岗岩、花岗岩化、高温低压变质带和主要大型-超大型矿床;地幔热柱活动停止或间息,导致三联点裂谷系统发生A型俯冲而封闭造山,形成三叉式陆间造山带和同造山花岗岩、中高压', '全文', '', '');
INSERT INTO `researchpaper` VALUES ('206', '1', 'KKTH0105', 'LWFY0105', '袁峰、周涛发、岳书仓', '2001-12-1', '阿尔泰诺尔特地区花岗岩形成时代及成因类型', '新疆地质', '', '5', '诺尔特地区位于阿尔泰北部山区，西伯利亚板块西南缘。花岗岩广泛分布，主要为加里东晚期、华力西中晚期花岗岩，少量燕山期花岗岩。岩石学、岩石化学、稀土元素及同位素研究表明，诺尔特地区各期花岗岩属于向典型的S型花岗岩过渡的系列，由于源区物质中存在幔源混合物，导致了区内各期花岗岩与S型花岗岩在成岩物质来源上的区别。', '全文', '', '');
INSERT INTO `researchpaper` VALUES ('207', '1', 'KKTH0106', 'LWFY0106', '许继峰、陈繁荣、于学元、牛贺才、郑作平', '2001-9-1', '新疆北部阿尔泰地区库尔提蛇绿岩：古弧后盆地系统的产物', '岩石矿物学杂志', '', '9', '位于新疆北部富蕴县库尔提一带的晚古生代变质玄武岩和辉长岩系含有似岛弧火山岩(arc-like)和似洋中脊玄武岩(MORB-like)成分的两种组分,岩石以出现不同程度的LREE亏损和Nb、Ta等元素的负异常为特征,在成分上非常相似于现代弧后盆地(Mariana和Okinawa弧后盆地)的玄武岩。我们厘定这套变质的镁铁质火成岩为弧后盆地蛇绿岩,它们很可能代表了晚古生代古亚洲洋北侧的一个洋内岛弧的弧后盆地系统,表明晚古生代早期新疆北部地区处于与古亚洲洋俯冲有关的岛弧环境,该古洋在晚石炭世—二叠纪消减消失后,两', '全文', '', '');
INSERT INTO `researchpaper` VALUES ('208', '1', 'KKTH0107', 'LWFY0107', '陈斌、王式洸、', '2001-3-1', '新疆阿尔泰古生代变质沉积岩的Nd同位素特征及其对地壳演化的制约', '中国科学', '', '7', '系统地研究了阿尔泰地区古生代变质沉积岩和部分花岗岩的Nd同素特征,得出如下主要结论：(l)早古生代碎屑沉积物的εNd(T值）（-3.4～-4.9)相对较低,Nd模式年龄较大(TDM=1.44一1.77Ga),反映剥蚀源区主要是中元古的老地壳；中、晚古生代沉积建造则显示变化很大而且高得多的εNd(T）值(一6.1一+ 6.3)和年轻得多的TDM(0.6一1.56Ga),反映其源区有大量年轻物质加入。(2)阿尔泰地区早古生代可能是被动陆缘的环境,而从早泥盆开始则因准噶尔大洋板块的俯冲消减而转化成活动陆缘,并发', '全文', '', '');
INSERT INTO `researchpaper` VALUES ('209', '1', 'KKTH0108', 'LWFY0108', '夏芳、安银祥、赵云长', '2001-1-1', '新疆阿尔泰地槽成矿元素分布特征', '地质地球化学', '', '5', '新疆阿尔泰地槽内成矿元素,自北东向南西分为四个带,每个带内分布有元素区和矿床:①阿尔泰山北缘元素带(阿克萨拉等区)；②阿尔泰山中脊元素带(冲呼等五个区和可可托海3号脉稀有金属矿等矿床)；③阿尔泰山南缘元素带(阿舍勒等四个区和阿舍勒铜矿等矿床)；④额尔齐斯元素带(喀拉通克等区和喀拉通克铜镍矿等矿床)。成矿元素区带是寻找新矿床的有利地段。', '全文', '', '');
INSERT INTO `researchpaper` VALUES ('210', '1', 'KKTH0109', 'LWFY0109', '王登红、陈毓川、徐志刚', '2001-4-1', '阿尔泰造山带岩石和矿石的氩同位素研究', '长春科技大学学报', '', '7', '通过对新疆阿尔泰造山过程中形成的岩石、矿石样品氩同位素组成的研究,认为阿尔泰造山带的形成与壳幔相互作用有关,造山过程中的地幔脱气现象是存在的。喀拉通克铜镍硫化物矿床的成矿物质主要来自于地幔。可可托海3*脉伟晶岩型超大型稀有金属矿床的成矿物质及基性超基性岩的母岩浆主要也来自于地幔。而大喀拉苏花岗岩结晶分异型伟晶岩矿床与库威变质型伟晶岩矿床的成矿物质来自于地壳,将军山天河石花岗岩与富蕴县城附近的含铜石英脉也主要是地壳物质演化的结果。', '全文', '', '');
INSERT INTO `researchpaper` VALUES ('211', '1', 'KKTH0110', 'LWFY0110', '张增杰、陈衍景、陈华勇、鲍景新、刘玉林', '2002-6-1', '天山海西期不同类型花岗岩类岩石化学特征及其地球动力学意义', '矿物岩石', '', '9', '通过研究把天山海西期花岗岩类分为4类：幔源(M)型、同熔(SY)型、改造型[混合改造(MT)亚型、富铝改造(PT)亚型和富钾改造(KT)亚型]和A型。对各类花岗岩的地质特征和岩石化学特征进行了分析,总结了其时空演化规律。随时间变新,从幔源型到A型,基性程度降低、碱质含量增高、规模由小变大再变小。就同熔型花岗岩而言,基性程度中天山>北天山>南天山；富钾改造亚型与同熔型变化的特点相反,酸性程度中天山>北天山>南天山；富铝改造亚型在天山各区呈现岩石化学特征基本相似的特点。天山海西期花岗岩类岩石化学特点及时空规律', '全文', '', '');
INSERT INTO `researchpaper` VALUES ('212', '1', 'KKTH0111', 'LWFY0111', '周刚、龙志宁、黄薇、赵华', '2002-1-1', '新疆萨吾尔哈尔交一带相同环境下形成的两种不同类型花岗岩', '资源调查与环境', '', '8', '出露于新疆西准噶尔北缘萨吾尔山北坡哈尔交一带的哈尔交岩体和阔依塔斯岩体同时形成于早二叠世的拉张环境,但地质、地球化学特征存在明显差异。前者Na2O+K2O、Zr、Hf偏高,Rb、Sr、Ba、Nb、Th、Rb/Sr、Rb/Ba偏低,∑REE=99.66～249.47,平均为177.08,δEu=0.66～0.77,平均0.72。与区内华力西中期形成的“I”型花岗岩中的酸性岩地球化学特征相近,为“I”型花岗岩;后者富硅、碱,高∑REE,低Ca、Mg、Al,δEu=0.15～0.23,与典型“A”型花岗岩地球化', '全文', '', '');
INSERT INTO `researchpaper` VALUES ('213', '1', 'KKTH0112', 'LWFY0112', '李志纯、赵志忠', '2002-10-1', '阿尔泰造山带和阿尔泰山构造成矿域的形成', '地质科学', '', '8', '阿尔泰造山带的形成过程经过了造山启动期、造山暂歇拉张期、主造山期和造山期后拉张期等4个发展阶段。基于构造—流体—成矿作用的一致性,重点剖析了阿尔泰山前铜-多金属、南缘金矿和山区稀有金属的成矿作用,提出了阿尔泰山构造成矿域形成的模式,发现它们与阿尔泰造山带的形成密切相关,阿尔泰造山带的形成过程就是阿尔泰山构造成矿域的形成过程。', '全文', '', '');
INSERT INTO `researchpaper` VALUES ('214', '1', 'KKTH0113', 'LWFY0113', '张进江、郑亚东', '2003-2-1', '富蕴地区阿尔泰造山带有限应变测量和应变恢复', '地质学报', '', '6', '本文采用褶皱等倾线法、砾石三维应变和S一C夹角等应变测量方法,对富蕴地区阿尔泰造山带一个50km的剖面进行了系统的有限应变测算,得出其顺层缩短和剪应变剖面图。测量结果表明,该剖面褶皱压扁的顺层缩短量高达78%,断层处的剪应变（γ）最大可达8左右。三维应变分析和图解表明该区应变主要为平面应变,断层活动为简单剪切。利用分段积分和正态曲线恢复方法对剖面的缩短和剪切进行应变恢复,结果表明该剖面由原宽267.2km的原始剖面经缩短和剪切而形成。', '全文', '', '');
INSERT INTO `researchpaper` VALUES ('215', '1', 'KKTH0114', 'LWFY0114', '沈军、李莹甄、汪一鹏、宋方敏', '2003-8-1', '阿尔泰山活动断裂', '地学前缘(中国地质大学,北京)', '', '10', '文中介绍了位于亚洲腹地阿尔泰山地区的活动断裂。中国阿尔泰山(阿尔泰山西南麓)和蒙古阿尔泰山(阿尔泰山的东麓)以NNW向大型走滑断裂为主,科布多断裂是阿尔泰山东麓的一条主要NNW向走滑断裂,长度近700km。第四纪中晚期右旋走滑速率可达610mm/a,其上发现有长逾200km 的古地震形变带。富蕴断裂则是阿尔泰山西南麓的一条主要NNW向断裂,中晚第四纪的走滑运动速率为(4±2)mm/a,在中国阿尔泰山的西端还发育规模相对较小的NNW向右旋走滑断裂,中晚第四纪走滑速率为(2±1)mm/a。中国阿尔泰山(阿尔泰', '全文', '', '');
INSERT INTO `researchpaper` VALUES ('216', '1', 'KKTH0115', 'LWFY0115', '张海祥、牛贺才、于学元、Hiroaki Sato，Junichi Ito,单强', '2003-3-1', '新疆北部富蕴县沙尔布拉克玻安岩的地球化学特征及构造意义', '地球化学', '', '6', '详细的地球化学研究表明，新疆北部富蕴县沙尔布拉克中泥盆统北塔山组的辉石安山岩具有中等的SiO2含量（52.13%-60.45%）；高MgO（3.91%-9.31%和相容元素（包括Ni、Cr、Co等）含量，以及高高Mg#和Al2O3/TiO2比值；低TiO2含量（0.21%-0.35%） ；同时具有U型稀土元素分布模式；并强烈亏损高场强元素。这些特征均与玻安岩的地球化学特征一致，应属于玻安岩，形成于前弧环境。沙尔布拉克玻安岩的存在表明，古亚洲洋在早—中泥盆世向南发生了洋壳俯冲作用。', '全文', '', '');
INSERT INTO `researchpaper` VALUES ('217', '1', 'KKTH0116', 'LWFY0116', '沈远超、申萍、曾庆栋、刘铁兵、李光明', '2004-9-1', '新疆阿尔泰金矿带主要金矿类型、成矿规律及成矿预测', '地质与勘探', '', '5', '新疆阿尔泰金矿带金矿分布广泛,主要类型有火山晚期热液型金矿床、与韧性剪切带有关的金矿床。对不同类型金矿床基本成矿特征进行了研究,探讨了不同类型金矿床的控矿作用,在此基础上总结了阿尔泰金矿带主要金矿类型的成矿规律,对主要金矿深部进行了成矿预测,发现并圈出了矿床深部的矿化异常。', '全文', '', '');
INSERT INTO `researchpaper` VALUES ('218', '1', 'KKTH0117', 'LWFY0117', '张翠光、魏春景、邱林', '2004-3-1', '新疆阿尔泰造山带变质作用演化及其地质意义', '新疆地质', '', '8', '阿尔泰造山带发育了一系列低压红柱石型与中压蓝晶石型变质带.红柱石型变质带发育了黑云母带、石榴石带、十字石带、十字石-红；柱石带、矽线石带、矽线石-堇青石带;蓝晶石型发育了黑云母带、石榴石带、十字石带、蓝晶石带、矽线石带。中压的蓝晶石序列估算温度为445-747.6℃,压力为0.64-0.95GPa,中压序列随变质作用增加,压力有增高趋势；低压的红柱石序列温度445-681℃,压力0.3-0.8GPa,自十字石带后,压力明显降低,可能是靠近热源而导致早期中压痕迹消失,因此红柱石型变质带不是一个正常的变质演化', '全文', '', '');
INSERT INTO `researchpaper` VALUES ('219', '1', 'KKTH0118', 'LWFY0118', '郑常青、徐学纯、Masaki EN AMI、Takenori KATO', '2005-12-1', '新疆阿勒泰红柱石-矽线石型递增变质带特征及其PT条件研究', '矿物岩石', '', '7', '新疆阿勒泰地区发育了红柱石-矽线石型递增变质带,由绿泥石-黑云母带、黑云母-石榴石带、石榴石-十字石带、十字石-红柱石带和矽线石带组成,根据石榴石成分环带、变质与变形关系、矿物共生组合演化等特征,将变质作用分为峰前期、峰期和峰后期3个演化阶段。峰前期、峰期为连续的递增变质过程,形成典型的中-低压过渡型递增变质带 ,峰后期属于退变质过程。据石榴石-斜长石-黑云母-白云母-石英组合内部一致地质温压计估算出峰期温度-压力:T=580℃～670℃,P=0.4GPa～0.5GPa。变质作用演化具有顺时针的PTt轨迹', '全文', '', '');
INSERT INTO `researchpaper` VALUES ('220', '1', 'KKTH0119', 'LWFY0119', '陈汉林、杨树锋、厉子龙、肖文交、李继亮、董传万、余星', '2006-1-1', '阿尔泰晚古生代早期长英质火山岩的地球化学特征及构造背景', '地质学报', '', '5', '新疆北部哈巴河一带出露的一套晚古生代早期长英质火山岩主要由英安质—流纹质火山岩组成。其Rb-Sr等时线年龄为405±57Ma,为早泥盆世。地球化学特征显示它们具有Ti含量低,Mg#含量中等—富集(42.2～88.7),Th/Ta为8.6～16.4,低—中等Ti/Zr值(介4.9-53.46)；稀土配分型式为LREE 富集,无Eu或中等的负Eu异常；且在蜘蛛网图上显示LILE富集,Nb和Ta亏损的特征。Y-Nb和Rb-(Y+Nb)构造判别图解显示这些长英质火山岩形成于岛弧环境。结合前人的研究成果,认为新疆北', '全文', '', '');
INSERT INTO `researchpaper` VALUES ('221', '1', 'KKTH0120', 'LWFY0120', '熊小辉、王剑、熊国庆、陆俊泽、杨宇宁、申华梁', '2015-4-1', '新疆富蕴盆地下石炭统“底砾岩”特征及其大地构造意义', '沉积学报', '', '11', '研究表明新疆富蕴盆地早石炭世黑山头组、南明水组主要为一套滨、浅海相沉积，地层之间发育多套砾岩层，呈透镜体状，横向上延伸不远，为河流入海时形成的一系列水下河道沉积，而并非前人所认为的萨吾尔造山运动形成的构造底砾岩。砾岩层横向特征的对比及交错层理、波痕等古流向数据，表明地层沉积时期水体古流向总体自北西向南东(介于93°～125) ，物源区位于盆地北西方向。研究区内黑山头组与南明水组之间为连续沉积，整合接触，并非准噶尔地块与西伯利亚板块的碰撞形成的构造不整合面。', '全文', '', '');

-- ----------------------------
-- Table structure for sampling
-- ----------------------------
DROP TABLE IF EXISTS `sampling`;
CREATE TABLE `sampling` (
  `id` int(11) NOT NULL AUTO_INCREMENT,
  `park_id` int(10) NOT NULL COMMENT '地质公园ID',
  `samplenumber` varchar(256) DEFAULT NULL COMMENT '样品编号',
  `sampletype` varchar(256) DEFAULT NULL COMMENT '样品类型',
  `sampleposition` varchar(256) DEFAULT NULL COMMENT '采样位置',
  `coordinate` varchar(256) DEFAULT NULL COMMENT '坐标',
  `code` varchar(256) DEFAULT NULL COMMENT '地质代号',
  `research` varchar(256) DEFAULT NULL COMMENT '野外定名',
  `achievement` text COMMENT '测试成果',
  `note` text COMMENT '备注',
  `created_at` datetime DEFAULT NULL,
  `updated_at` datetime DEFAULT NULL,
  `deleted_at` datetime DEFAULT NULL,
  PRIMARY KEY (`id`) USING BTREE
) ENGINE=InnoDB AUTO_INCREMENT=2 DEFAULT CHARSET=utf8 ROW_FORMAT=DYNAMIC COMMENT='采样信息';

-- ----------------------------
-- Records of sampling
-- ----------------------------
INSERT INTO `sampling` VALUES ('1', '1', 'sss', '1', '大萨达', '31.56', 's', 'd', '好', '1', null, null, null);

-- ----------------------------
-- Table structure for scienceactivity
-- ----------------------------
DROP TABLE IF EXISTS `scienceactivity`;
CREATE TABLE `scienceactivity` (
  `id` int(11) NOT NULL AUTO_INCREMENT,
  `park_id` int(10) NOT NULL COMMENT '地质公园编号',
  `activityname` varchar(256) DEFAULT NULL COMMENT '活动名称',
  `time` varchar(256) DEFAULT NULL COMMENT '时间',
  `position` varchar(256) DEFAULT NULL COMMENT '地点',
  `scienceobject` varchar(256) DEFAULT NULL COMMENT '科普对象',
  `sciencecontent` varchar(256) DEFAULT NULL COMMENT '科普内容',
  `sciencestaff` varchar(256) DEFAULT NULL COMMENT '科普工作人员',
  `note` text COMMENT '备注',
  `img` text COMMENT '照片',
  `created_at` datetime DEFAULT NULL,
  `updated_at` datetime DEFAULT NULL,
  `deleted_at` datetime DEFAULT NULL,
  PRIMARY KEY (`id`) USING BTREE
) ENGINE=InnoDB DEFAULT CHARSET=utf8 ROW_FORMAT=DYNAMIC COMMENT='科普活动';

-- ----------------------------
-- Records of scienceactivity
-- ----------------------------

-- ----------------------------
-- Table structure for sciencework
-- ----------------------------
DROP TABLE IF EXISTS `sciencework`;
CREATE TABLE `sciencework` (
  `id` int(11) NOT NULL AUTO_INCREMENT,
  `park_id` int(10) NOT NULL COMMENT '地质公园编号',
  `itemnumber` varchar(256) DEFAULT NULL COMMENT '作品编号',
  `scienceitem` varchar(256) DEFAULT NULL COMMENT '科普作品名称',
  `masses` varchar(256) DEFAULT NULL COMMENT '受众群体',
  `auther` varchar(256) DEFAULT NULL COMMENT '作者',
  `carrytime` varchar(256) DEFAULT NULL COMMENT '完成时间',
  `carryunit` varchar(256) DEFAULT NULL COMMENT '完成单位',
  `publishing` varchar(256) DEFAULT NULL COMMENT '是否出版',
  `note` text COMMENT '备注',
  `created_at` datetime DEFAULT NULL,
  `updated_at` datetime DEFAULT NULL,
  `deleted_at` datetime DEFAULT NULL,
  `url` text COMMENT '存储地址',
  `img` text COMMENT '照片',
  PRIMARY KEY (`id`) USING BTREE
) ENGINE=InnoDB AUTO_INCREMENT=2 DEFAULT CHARSET=utf8 ROW_FORMAT=DYNAMIC COMMENT='科普作品';

-- ----------------------------
-- Records of sciencework
-- ----------------------------
INSERT INTO `sciencework` VALUES ('1', '1', '1', '1', '1', '1', '1', '1', '1', '111', null, null, null, '/files/sciencework/15694241986110.txt,/files/sciencework/15734509210920.jpg', '/images/sciencework/15734476001540.jpg,/images/sciencework/15734509171240.jpg');

-- ----------------------------
-- Table structure for socialeconomy
-- ----------------------------
DROP TABLE IF EXISTS `socialeconomy`;
CREATE TABLE `socialeconomy` (
  `id` int(11) NOT NULL AUTO_INCREMENT,
  `park_id` int(10) NOT NULL,
  `ethnic` varchar(256) DEFAULT NULL COMMENT '公园内人口民族情况',
  `areaethnic` varchar(256) DEFAULT NULL COMMENT '公园所在区域人口民族情况',
  `economic` varchar(256) DEFAULT NULL COMMENT '公园内经济发展情况',
  `areaeconomic` varchar(256) DEFAULT NULL COMMENT '公园所在区域',
  `develop` varchar(256) DEFAULT NULL COMMENT '经济发展情况公园对于社区及区域经济可持续发展的贡献情况',
  `note` text COMMENT '备注',
  PRIMARY KEY (`id`) USING BTREE
) ENGINE=InnoDB DEFAULT CHARSET=utf8 ROW_FORMAT=DYNAMIC COMMENT='社会经济概况';

-- ----------------------------
-- Records of socialeconomy
-- ----------------------------

-- ----------------------------
-- Table structure for sys_menu
-- ----------------------------
DROP TABLE IF EXISTS `sys_menu`;
CREATE TABLE `sys_menu` (
  `id` int(11) NOT NULL AUTO_INCREMENT,
  `parent_id` int(11) DEFAULT NULL COMMENT '父菜单ID，一级菜单为0',
  `menu_name` varchar(32) NOT NULL COMMENT '菜单名称',
  `path` varchar(64) DEFAULT NULL COMMENT '路径',
  `menu_type` smallint(2) NOT NULL COMMENT '类型:0:目录,1:菜单,2:按钮',
  `icon` varchar(32) DEFAULT NULL COMMENT '菜单图标',
  `create_uid` int(11) NOT NULL COMMENT '创建者ID',
  `update_uid` int(11) NOT NULL COMMENT '修改者ID',
  `create_time` datetime NOT NULL COMMENT '创建时间',
  `update_time` datetime NOT NULL COMMENT '修改时间',
  `status` smallint(2) NOT NULL COMMENT '状态 0：禁用 1：正常',
  `router` varchar(64) DEFAULT NULL COMMENT '路由',
  `alias` varchar(64) DEFAULT NULL COMMENT '别名',
  `sort` int(11) DEFAULT NULL COMMENT '排序',
  PRIMARY KEY (`id`)
) ENGINE=InnoDB AUTO_INCREMENT=86 DEFAULT CHARSET=utf8mb4 COMMENT='菜单表';

-- ----------------------------
-- Records of sys_menu
-- ----------------------------
INSERT INTO `sys_menu` VALUES ('1', '0', '系统管理', '', '1', 'layui-icon-set', '1', '1', '2019-08-22 16:35:28', '2019-09-20 16:46:54', '0', '', '', '1');
INSERT INTO `sys_menu` VALUES ('2', '1', '用户管理', 'user.html', '2', 'layui-icon-user', '1', '1', '2019-08-22 16:49:14', '2019-09-20 16:47:13', '0', 'user', 'sys:user:page', '1');
INSERT INTO `sys_menu` VALUES ('3', '2', '添加', '', '3', 'layui-icon-add-circle-fine', '1', '1', '2019-08-22 16:53:54', '2019-09-16 16:44:47', '0', '', 'sys:user:add', '0');
INSERT INTO `sys_menu` VALUES ('4', '2', '编辑', '', '3', 'layui-icon-edit', '1', '1', '2019-08-22 16:56:41', '2019-09-16 16:44:57', '0', '', 'sys:user:edit', '0');
INSERT INTO `sys_menu` VALUES ('5', '2', '删除', '', '3', 'layui-icon-delete', '1', '1', '2019-08-22 16:58:46', '2019-08-22 17:08:27', '0', '', 'sys:user:delete', '0');
INSERT INTO `sys_menu` VALUES ('6', '2', '重置密码', '', '3', 'layui-icon-password', '1', '1', '2019-08-22 17:10:37', '2019-08-22 17:10:37', '0', '', 'sys:user:password', '0');
INSERT INTO `sys_menu` VALUES ('7', '1', '角色管理', 'role.html', '2', 'layui-icon-face-surprised', '1', '1', '2019-08-22 17:20:57', '2019-09-20 16:42:18', '0', 'role', 'sys:role:page', '0');
INSERT INTO `sys_menu` VALUES ('8', '7', '添加', '', '3', 'layui-icon-add-circle-fine', '1', '1', '2019-08-22 17:25:47', '2019-08-22 17:25:47', '0', '', 'sys:role:add', '0');
INSERT INTO `sys_menu` VALUES ('9', '7', '编辑', '', '3', 'layui-icon-edit', '1', '1', '2019-08-22 17:26:20', '2019-08-22 17:26:20', '0', '', 'sys:role:edit', '0');
INSERT INTO `sys_menu` VALUES ('10', '7', '删除', '', '3', 'layui-icon-delete', '1', '1', '2019-08-22 17:26:55', '2019-08-22 17:26:55', '0', '', 'sys:role:delete', '0');
INSERT INTO `sys_menu` VALUES ('11', '7', '授权', '', '3', 'layui-icon-auz', '1', '1', '2019-08-22 17:31:15', '2019-08-22 17:31:15', '0', '', 'sys:role:authority', '0');
INSERT INTO `sys_menu` VALUES ('12', '1', '菜单管理', 'menu.html', '2', 'layui-icon-template', '1', '1', '2019-08-22 17:35:34', '2019-09-20 16:47:41', '0', 'menu', 'sys:menu:list', '3');
INSERT INTO `sys_menu` VALUES ('13', '12', '添加', '', '3', 'layui-icon-add-circle-fine', '1', '1', '2019-08-22 17:37:47', '2019-08-22 17:39:06', '0', '', 'sys:menu:add', '0');
INSERT INTO `sys_menu` VALUES ('14', '12', '编辑', '', '3', 'layui-icon-edit', '1', '1', '2019-08-22 17:41:04', '2019-08-23 14:11:19', '0', '', 'sys:menu:edit', '0');
INSERT INTO `sys_menu` VALUES ('15', '12', '删除', '', '3', 'layui-icon-delete', '1', '1', '2019-08-22 17:42:04', '2019-08-22 17:42:04', '0', '', 'sys:menu:delete', '0');
INSERT INTO `sys_menu` VALUES ('16', '1', '资源管理', 'resource.html', '2', 'layui-icon-read', '1', '1', '2019-08-22 17:44:23', '2019-09-20 16:47:50', '0', 'resource', 'sys:resource:page', '4');
INSERT INTO `sys_menu` VALUES ('17', '16', '刷新', '', '3', 'layui-icon-refresh', '1', '1', '2019-08-22 17:46:10', '2019-08-22 17:46:10', '0', '', 'sys:resource:refresh', '0');
INSERT INTO `sys_menu` VALUES ('18', '1', '任务管理', 'task.html', '2', 'layui-icon-flag', '1', '1', '2019-08-23 10:15:08', '2019-09-20 18:54:48', '1', 'task', 'sys:task:page', '5');
INSERT INTO `sys_menu` VALUES ('19', '18', '添加', '', '3', 'layui-icon-add-circle-fine', '1', '1', '2019-08-23 10:16:23', '2019-09-20 18:54:49', '1', '', 'sys:task:add', '0');
INSERT INTO `sys_menu` VALUES ('20', '18', '编辑', '', '3', 'layui-icon-edit', '1', '1', '2019-08-23 10:17:21', '2019-09-20 18:54:50', '1', '', 'sys:task:edit', '0');
INSERT INTO `sys_menu` VALUES ('21', '18', '删除', '', '3', 'layui-icon-delete', '1', '1', '2019-08-23 10:17:56', '2019-09-20 18:54:51', '1', '', 'sys:task:delete', '0');
INSERT INTO `sys_menu` VALUES ('22', '0', '地质公园管理', '', '1', 'layui-icon-layouts', '1', '1', '2019-08-26 15:48:30', '2019-09-20 16:49:56', '0', '', '', '2');
INSERT INTO `sys_menu` VALUES ('23', '22', '地质公园基本情况', 'baseInfo-park.html', '2', 'layui-icon-home', '1', '1', '2019-08-26 15:58:48', '2019-09-20 17:50:32', '0', 'baseInfo-park', 'park:page', '1');
INSERT INTO `sys_menu` VALUES ('24', '22', '公园环境状况', 'baseInfo-ecosystem.html', '2', 'layui-icon-water', '1', '1', '2019-08-27 17:03:00', '2019-09-20 16:49:17', '0', 'ecosystem', 'ecosystem:page', '7');
INSERT INTO `sys_menu` VALUES ('25', '31', '公园区域地质背景', 'baseInfo-geological.html', '2', 'layui-icon-picture-fine', '1', '1', '2019-08-27 17:07:04', '2019-09-20 16:51:00', '0', 'geological', 'geological:page', '1');
INSERT INTO `sys_menu` VALUES ('26', '22', '社会经济状况', 'baseInfo-socialeconomy.html', '2', '', '1', '1', '2019-08-27 17:08:24', '2019-09-20 16:59:55', '1', 'socialeconomy', 'socialeconomy:page', '0');
INSERT INTO `sys_menu` VALUES ('27', '0', '矿权管理', '', '1', 'layui-icon-util', '1', '1', '2019-08-28 14:37:21', '2019-09-20 16:57:34', '1', '', '', '0');
INSERT INTO `sys_menu` VALUES ('28', '27', '矿权信息管理', 'base-mineralright.html', '2', '', '1', '1', '2019-08-28 14:40:45', '2019-08-28 14:40:45', '0', 'mineralright', 'mineralright:page', '0');
INSERT INTO `sys_menu` VALUES ('29', '0', '科研研究与学术交流数据', '', '1', 'layui-icon-read', '1', '1', '2019-08-28 16:05:06', '2019-09-20 16:57:23', '0', '', '', '5');
INSERT INTO `sys_menu` VALUES ('30', '0', '博物馆展数据', '', '1', 'layui-icon-template', '1', '1', '2019-08-29 10:06:26', '2019-09-20 16:54:57', '0', '', '', '4');
INSERT INTO `sys_menu` VALUES ('31', '0', '地质公园地质遗迹数据', '', '1', 'layui-icon-component', '1', '1', '2019-08-29 10:07:19', '2019-09-20 16:53:45', '0', '', '', '3');
INSERT INTO `sys_menu` VALUES ('32', '22', '地质公园管理现状', 'pkmanage-parkinfo.html', '2', 'layui-icon-website', '1', '1', '2019-08-29 11:55:39', '2019-09-20 17:50:47', '0', 'pkmanage-parkinfo', 'parkinfo:page', '2');
INSERT INTO `sys_menu` VALUES ('33', '32', '添加', '', '3', 'layui-icon-add-circle-fine', '1', '1', '2019-08-29 11:56:56', '2019-08-29 14:43:04', '0', '', 'parkinfo:add', '0');
INSERT INTO `sys_menu` VALUES ('34', '32', '编辑', '', '3', 'layui-icon-edit', '1', '1', '2019-08-29 11:57:29', '2019-08-29 15:28:32', '0', '', 'parkinfo:edit', '0');
INSERT INTO `sys_menu` VALUES ('35', '32', '删除', '', '3', 'layui-icon-delete', '1', '1', '2019-08-29 11:58:07', '2019-08-29 11:58:07', '0', '', 'parkinfo:delete', '0');
INSERT INTO `sys_menu` VALUES ('36', '29', '相关科研论文', 'science-researchpaper.html', '2', '', '1', '1', '2019-08-29 13:41:32', '2019-09-20 16:56:50', '0', 'researchpaper', 'researchpaper:page', '1');
INSERT INTO `sys_menu` VALUES ('37', '29', '公园专题研究', 'science-parktopic.html', '2', '', '1', '1', '2019-08-29 15:57:48', '2019-09-20 16:56:56', '0', 'parktopic', 'parktopic:page', '2');
INSERT INTO `sys_menu` VALUES ('38', '29', '科普活动', 'science-scienceactivity.html', '2', '', '1', '1', '2019-08-29 17:09:43', '2019-09-20 16:57:03', '0', 'scienceactivity', 'scienceactivity:page', '3');
INSERT INTO `sys_menu` VALUES ('39', '29', '科普资料', 'science-sciencework.html', '2', '', '1', '1', '2019-08-29 17:46:20', '2019-09-25 22:47:50', '0', 'sciencework', 'sciencework:page', '4');
INSERT INTO `sys_menu` VALUES ('40', '0', '交流活动管理', '', '1', 'layui-icon-water', '1', '1', '2019-09-02 10:41:53', '2019-09-20 16:57:41', '1', '', '', '0');
INSERT INTO `sys_menu` VALUES ('41', '40', '交流互展', 'data-exchangeexhibition.html', '2', 'layui-icon-top', '1', '1', '2019-09-02 10:44:04', '2019-09-20 16:57:43', '1', 'exchangeexhibition', 'exchangeexhibition:page', '0');
INSERT INTO `sys_menu` VALUES ('42', '41', '添加', '', '3', 'layui-icon-add-circle-fine', '1', '1', '2019-09-02 10:45:45', '2019-09-20 16:57:44', '1', '', 'exchangeexhibition:add', '0');
INSERT INTO `sys_menu` VALUES ('43', '41', '编辑', '', '3', 'layui-icon-edit', '1', '1', '2019-09-02 10:48:35', '2019-09-20 16:57:44', '1', '', 'exchangeexhibition:edit', '0');
INSERT INTO `sys_menu` VALUES ('44', '41', '删除', '', '3', 'layui-icon-delete', '1', '1', '2019-09-02 10:49:28', '2019-09-20 16:57:45', '1', '', 'exchangeexhibition:delete', '0');
INSERT INTO `sys_menu` VALUES ('45', '29', '专家与导游库', 'science-parklibrary.html', '2', '', '1', '1', '2019-09-02 12:38:40', '2019-09-20 16:55:48', '0', 'parklibrary', 'parklibrary:page', '5');
INSERT INTO `sys_menu` VALUES ('46', '30', '博物馆基本情况', 'museum-baseInfo.html', '2', '', '1', '1', '2019-09-02 16:58:10', '2019-09-20 16:54:23', '0', 'museum-baseInfo', 'museum:page', '1');
INSERT INTO `sys_menu` VALUES ('47', '30', '古生物化石标本', 'museum-geospecimen.html', '2', '', '1', '1', '2019-09-02 16:59:25', '2019-10-22 14:01:09', '0', 'geospecimen', 'geospecimen:page', '2');
INSERT INTO `sys_menu` VALUES ('48', '30', '生物标本', 'museum-biospecimen.html', '2', '', '1', '1', '2019-09-02 17:00:13', '2019-10-22 14:01:18', '1', 'biospecimen', 'biospecimen:page', '3');
INSERT INTO `sys_menu` VALUES ('49', '30', '人文展品', 'museum-humenexhibit.html', '2', '', '1', '1', '2019-09-02 17:01:41', '2019-10-22 14:01:41', '1', 'humenexhibit', 'humenexhibit:page', '4');
INSERT INTO `sys_menu` VALUES ('50', '30', '展板', 'museum-displayboard.html', '2', '', '1', '1', '2019-09-02 17:02:30', '2019-09-20 16:54:51', '0', 'displayboard', 'displayboard:page', '5');
INSERT INTO `sys_menu` VALUES ('51', '22', '管理机构基本情况', 'pkmanage-managementagency.html', '2', '', '1', '1', '2019-09-03 17:20:39', '2019-09-20 16:48:42', '0', 'managementagency', 'managementagency:page', '3');
INSERT INTO `sys_menu` VALUES ('52', '22', '公园相关法规文件', 'pkmanage-legal.html', '2', '', '1', '1', '2019-09-03 17:41:11', '2019-09-20 16:49:02', '0', 'legal', 'legal:page', '5');
INSERT INTO `sys_menu` VALUES ('53', '31', '公园地质遗迹景点', 'pkmanage-geolandscape.html', '2', '', '1', '1', '2019-09-04 16:56:43', '2019-09-20 16:51:34', '0', 'geolandscape', 'geolandscape:page', '2');
INSERT INTO `sys_menu` VALUES ('54', '31', '地质公园内人文景观', 'pkmanage-humanlandscape.html', '2', '', '1', '1', '2019-09-04 16:57:42', '2019-09-20 16:52:02', '0', 'humanlandscape', 'humanlandscape:page', '3');
INSERT INTO `sys_menu` VALUES ('55', '31', '地质灾害信息', 'pkmanage-earthquake.html', '2', '', '1', '1', '2019-09-04 16:58:56', '2019-09-20 16:52:53', '0', 'earthquake', 'earthquake:page', '5');
INSERT INTO `sys_menu` VALUES ('56', '31', '与其他景区重叠情况', 'pkmanage-overlapping.html', '2', '', '1', '1', '2019-09-04 17:00:27', '2019-09-20 17:05:09', '1', 'overlapping', 'overlapping:page', '0');
INSERT INTO `sys_menu` VALUES ('57', '31', '标示解说系统', 'pkmanage-commentary.html', '2', '', '1', '1', '2019-09-04 17:01:24', '2019-09-20 17:04:51', '1', 'commentary', 'commentary:page', '0');
INSERT INTO `sys_menu` VALUES ('58', '31', '采样信息', 'pkmanage-sampling.html', '2', '', '1', '1', '2019-09-04 17:02:28', '2019-10-22 14:00:26', '1', 'sampling', 'sampling:page', '6');
INSERT INTO `sys_menu` VALUES ('59', '40', '产品推介', 'data-production.html', '2', 'layui-icon-cart-simple', '1', '1', '2019-09-04 17:18:02', '2019-09-20 16:57:46', '1', 'production', 'production:page', '0');
INSERT INTO `sys_menu` VALUES ('60', '59', '添加', '', '3', 'layui-icon-add-circle-fine', '1', '1', '2019-09-04 17:42:49', '2019-09-20 16:57:46', '1', '', 'production:add', '0');
INSERT INTO `sys_menu` VALUES ('61', '59', '编辑', '', '3', 'layui-icon-edit', '1', '1', '2019-09-04 17:43:35', '2019-09-20 16:57:47', '1', '', 'production:edit', '0');
INSERT INTO `sys_menu` VALUES ('62', '59', '删除', '', '3', 'layui-icon-delete', '1', '1', '2019-09-04 17:44:07', '2019-09-20 16:57:47', '1', '', 'production:delete', '0');
INSERT INTO `sys_menu` VALUES ('63', '40', '会议管理', 'data-parkmeeting.html', '2', 'layui-icon-home', '1', '1', '2019-09-16 16:11:05', '2019-09-20 16:57:50', '1', 'parkmeeting', 'parkmeeting:page', '0');
INSERT INTO `sys_menu` VALUES ('64', '63', '添加', '', '3', 'layui-icon-add-circle-fine', '1', '1', '2019-09-16 16:16:48', '2019-09-20 16:57:51', '1', '', 'parkmeeting:add', '0');
INSERT INTO `sys_menu` VALUES ('65', '63', '编辑', '', '3', 'layui-icon-edit', '1', '1', '2019-09-16 16:17:40', '2019-09-20 16:57:51', '1', '', 'parkmeeting:edit', '0');
INSERT INTO `sys_menu` VALUES ('66', '63', '删除', '', '3', 'layui-icon-delete', '1', '1', '2019-09-16 16:18:11', '2019-09-20 16:57:51', '1', '', 'parkmeeting:delete', '0');
INSERT INTO `sys_menu` VALUES ('67', '40', '缔结姊妹公园', 'data-parkrelation.html', '2', 'layui-icon-login-wechat', '1', '1', '2019-09-16 17:04:06', '2019-09-20 16:57:52', '1', 'parkrelation', 'parkrelation:page', '0');
INSERT INTO `sys_menu` VALUES ('68', '67', '添加', '', '3', 'layui-icon-add-circle-fine', '1', '1', '2019-09-16 17:05:12', '2019-09-20 16:57:54', '1', '', 'parkrelation:add', '0');
INSERT INTO `sys_menu` VALUES ('69', '67', '编辑', '', '3', 'layui-icon-edit', '1', '1', '2019-09-16 17:05:57', '2019-09-20 16:57:54', '1', '', 'parkrelation:edit', '0');
INSERT INTO `sys_menu` VALUES ('70', '67', '删除', '', '3', 'layui-icon-delete', '1', '1', '2019-09-16 17:06:33', '2019-09-20 16:57:55', '1', '', 'parkrelation:delete', '0');
INSERT INTO `sys_menu` VALUES ('71', '22', '管理机构人员', 'pkmanage-manageperson.html', '2', '', '1', '1', '2019-09-18 10:22:08', '2019-09-20 16:48:51', '0', 'manageperson', 'manageperson:page', '4');
INSERT INTO `sys_menu` VALUES ('72', '31', '地质公园内自然景观', 'pkmanage-naturallandscape.html', '2', '', '1', '1', '2019-09-19 15:55:46', '2019-09-20 16:52:30', '0', 'naturallandscape', 'naturallandscape:page', '4');
INSERT INTO `sys_menu` VALUES ('73', '22', '公园规划概况', 'pkmanage-planning.html', '2', 'layui-icon-unlink', '1', '1', '2019-09-20 10:09:01', '2019-09-20 16:49:09', '0', 'planning', 'planning:page', '6');
INSERT INTO `sys_menu` VALUES ('74', '0', '影（音）像制品数据', '', '1', 'layui-icon-file', '1', '1', '2019-09-20 14:53:30', '2019-09-20 16:58:40', '0', '', '', '6');
INSERT INTO `sys_menu` VALUES ('75', '74', '其他图片资料', 'file-picdocs.html', '2', 'layui-icon-picture-fine', '1', '1', '2019-09-20 14:55:47', '2019-09-20 16:59:02', '0', 'picdocs', 'picdocs:page', '2');
INSERT INTO `sys_menu` VALUES ('76', '74', '公园相关影像资料', 'file-vediodocs.html', '2', 'layui-icon-camera', '1', '1', '2019-09-20 15:12:57', '2019-09-20 16:59:20', '0', 'vediodocs', 'vediodocs:page', '1');
INSERT INTO `sys_menu` VALUES ('77', '22', '公园游客统计', 'pkmanage-gueststat.html', '2', 'layui-icon-username', '1', '1', '2019-09-20 15:41:17', '2019-10-28 10:33:22', '0', 'gueststat', 'gueststat:page', '8');
INSERT INTO `sys_menu` VALUES ('78', '31', 'VR全景数据管理', 'pkmanage-vrdata.html', '2', '', '1', '1', '2019-09-25 11:20:31', '2019-09-25 13:51:08', '0', 'vrdata', 'vrdata:page', '7');
INSERT INTO `sys_menu` VALUES ('79', '30', '博物馆展厅', 'pkmanage-museumexhibition.html', '2', '', '1', '1', '2019-09-25 11:25:27', '2019-09-25 11:26:16', '0', 'museumexhibition', 'museumexhibition:page', '1');
INSERT INTO `sys_menu` VALUES ('80', '0', '数据管理', '', '1', 'layui-icon-date', '1', '1', '2019-09-25 20:18:59', '2019-09-25 20:18:59', '0', '', '', '7');
INSERT INTO `sys_menu` VALUES ('81', '80', '数据信息', 'dataInfo.html', '2', '', '1', '1', '2019-09-25 20:23:06', '2019-09-25 20:23:06', '0', 'dataInfo', 'dataInfo:all', '1');
INSERT INTO `sys_menu` VALUES ('82', '22', '级别沿革', 'pkmanage-levelEvolution.html', '2', 'layui-icon-username', '1', '1', '2019-11-12 15:30:30', '2019-11-12 15:30:30', '0', 'levelEvolution', 'levelEvolution:page', '9');
INSERT INTO `sys_menu` VALUES ('83', '30', '生物多样性', 'museum-biodiversity.html', '2', 'layui-icon-404', '1', '1', '2019-11-12 16:08:17', '2019-11-12 16:08:17', '0', 'biodiversity', 'biodiversity:page', '6');
INSERT INTO `sys_menu` VALUES ('84', '31', '重点保护对象', 'pkmanage-majorProtection.html', '2', '', '1', '1', '2019-11-12 16:50:33', '2019-11-12 16:50:33', '0', 'majorProtection', 'majorProtection:page', '8');
INSERT INTO `sys_menu` VALUES ('85', '29', '专著', 'science-monograph.html', '2', '', '1', '1', '2019-11-12 17:16:18', '2019-11-12 17:16:18', '0', 'monograph', 'monograph:page', '6');

-- ----------------------------
-- Table structure for sys_menu_resource
-- ----------------------------
DROP TABLE IF EXISTS `sys_menu_resource`;
CREATE TABLE `sys_menu_resource` (
  `id` int(11) NOT NULL AUTO_INCREMENT,
  `menu_id` int(11) DEFAULT NULL COMMENT '菜单ID',
  `resource_id` varchar(32) DEFAULT NULL COMMENT '资源ID',
  PRIMARY KEY (`id`)
) ENGINE=InnoDB AUTO_INCREMENT=494 DEFAULT CHARSET=utf8mb4 COMMENT='菜单资源关系表';

-- ----------------------------
-- Records of sys_menu_resource
-- ----------------------------
INSERT INTO `sys_menu_resource` VALUES ('5', '5', '3dca30c2118ff6158ffa88191003128e');
INSERT INTO `sys_menu_resource` VALUES ('6', '6', 'd245ace645ea40e898178ee13c24297f');
INSERT INTO `sys_menu_resource` VALUES ('8', '8', '46a5d7a79e6ba91e6709f3361a2edd81');
INSERT INTO `sys_menu_resource` VALUES ('9', '9', 'b7b1c22076c0d28c8d0fe4c0b09b6a6e');
INSERT INTO `sys_menu_resource` VALUES ('10', '10', 'ddf4e3fd39264da50eec54cfd02731f4');
INSERT INTO `sys_menu_resource` VALUES ('11', '11', '24bf74d47e8322146e38f0c68333f90c');
INSERT INTO `sys_menu_resource` VALUES ('12', '11', 'f880f8a35613b38182612a061291f8a5');
INSERT INTO `sys_menu_resource` VALUES ('15', '13', '3a62355efcfa84646b390d508efea9b6');
INSERT INTO `sys_menu_resource` VALUES ('16', '13', 'd83a249e0e0ed84806ecba2fd8c7148d');
INSERT INTO `sys_menu_resource` VALUES ('17', '13', 'd8544217f479cfb39559e4b94f413aaa');
INSERT INTO `sys_menu_resource` VALUES ('21', '15', '15da52a5f4f4a6eac3b0d6f046f040c9');
INSERT INTO `sys_menu_resource` VALUES ('23', '17', '7025c7532d2a58d3de4dde7c66d363f3');
INSERT INTO `sys_menu_resource` VALUES ('25', '19', '9141e80baac708a8863498ff7a41d276');
INSERT INTO `sys_menu_resource` VALUES ('26', '20', '1adec59980b460bb8db5198953608b87');
INSERT INTO `sys_menu_resource` VALUES ('27', '21', '71d5f2e10db38eaebdaa44fa89cb1163');
INSERT INTO `sys_menu_resource` VALUES ('28', '14', '37687195b63b44e0d22436080de117bc');
INSERT INTO `sys_menu_resource` VALUES ('29', '14', 'd83a249e0e0ed84806ecba2fd8c7148d');
INSERT INTO `sys_menu_resource` VALUES ('30', '14', 'd8544217f479cfb39559e4b94f413aaa');
INSERT INTO `sys_menu_resource` VALUES ('31', '14', '375edb54e85dc981c8df62c76f3782ed');
INSERT INTO `sys_menu_resource` VALUES ('63', '26', 'fdbe8e0f7ae93c33c165fdbc68fdb719');
INSERT INTO `sys_menu_resource` VALUES ('64', '26', 'd4dcfc78a6b0f5f84ede3740b391825f');
INSERT INTO `sys_menu_resource` VALUES ('65', '26', '0584acbf717e9848bfbd5cb2e149754a');
INSERT INTO `sys_menu_resource` VALUES ('66', '26', 'c7e7ed1fdcc753f9fb5aab85bc639da6');
INSERT INTO `sys_menu_resource` VALUES ('71', '28', '2caca33f4fa40079ba1d86d9961634a5');
INSERT INTO `sys_menu_resource` VALUES ('72', '28', 'abb48abd102deb57718e6210fd5b55f9');
INSERT INTO `sys_menu_resource` VALUES ('73', '28', 'd260fc5e4c10a4fbd1661acb739c6119');
INSERT INTO `sys_menu_resource` VALUES ('74', '28', 'fd1c22d987d0c74044917917a85acfdc');
INSERT INTO `sys_menu_resource` VALUES ('78', '35', '1e1146393b91b9a02a11284eea132962');
INSERT INTO `sys_menu_resource` VALUES ('85', '33', 'eed40b7746f536ba707e8c7b3bc3d600');
INSERT INTO `sys_menu_resource` VALUES ('88', '34', '85b2608158865a37dd2c4cdd8c91f387');
INSERT INTO `sys_menu_resource` VALUES ('103', '42', 'b74d54f1f4be2958369a704a50f6900a');
INSERT INTO `sys_menu_resource` VALUES ('104', '43', '2b46448ef3c969f64046c9ed8e294b41');
INSERT INTO `sys_menu_resource` VALUES ('105', '44', 'ef0c2202d21ea0a946a1aa1fc96b1099');
INSERT INTO `sys_menu_resource` VALUES ('138', '41', '034fe06c0ce7f3ad0db70e0ccf313dcc');
INSERT INTO `sys_menu_resource` VALUES ('139', '41', 'b0b5dc6a4d472e5160e289eee92ad5d4');
INSERT INTO `sys_menu_resource` VALUES ('162', '56', 'c83ae91d496426d8dc8c8d265f959cd0');
INSERT INTO `sys_menu_resource` VALUES ('163', '56', 'af63a08383a750461f23208b6d99bfc1');
INSERT INTO `sys_menu_resource` VALUES ('164', '56', '3e5a0b5a1156439cd32a82b7dfedc865');
INSERT INTO `sys_menu_resource` VALUES ('165', '56', '166654543c708f5e91eab662095bd764');
INSERT INTO `sys_menu_resource` VALUES ('166', '57', '16ec009eee72f9a3146f3ed6e6e3bccd');
INSERT INTO `sys_menu_resource` VALUES ('167', '57', '4f53b04b850f87536c19f6cb16f2ba32');
INSERT INTO `sys_menu_resource` VALUES ('168', '57', 'cc88c5473c49ef83cad40ab279db16bf');
INSERT INTO `sys_menu_resource` VALUES ('169', '57', 'f86b169919bf24ce08507f2dcea7de8f');
INSERT INTO `sys_menu_resource` VALUES ('175', '59', '82d143f7b01b3cb8cf2617a9efb7a8b8');
INSERT INTO `sys_menu_resource` VALUES ('176', '59', 'b0b5dc6a4d472e5160e289eee92ad5d4');
INSERT INTO `sys_menu_resource` VALUES ('177', '60', '4684b8f300152ee482a2fbd95a070a8e');
INSERT INTO `sys_menu_resource` VALUES ('178', '61', '30f1ef71d284550e5f7144f2b0a79ad5');
INSERT INTO `sys_menu_resource` VALUES ('179', '62', 'eb0766e055b34846e6f0e8a003dc0f51');
INSERT INTO `sys_menu_resource` VALUES ('180', '63', '80e9634eadbb61b2d2c8e3b8477aa313');
INSERT INTO `sys_menu_resource` VALUES ('181', '63', 'b0b5dc6a4d472e5160e289eee92ad5d4');
INSERT INTO `sys_menu_resource` VALUES ('182', '64', '566f824387a06feea407439bd6f4be8f');
INSERT INTO `sys_menu_resource` VALUES ('183', '65', 'a114f29b98a6faa95ac89139008f0e8c');
INSERT INTO `sys_menu_resource` VALUES ('184', '66', '442504feccde8320f201a26b363f2db9');
INSERT INTO `sys_menu_resource` VALUES ('189', '3', '9be8e0df48c8ba879e5b079c73662ee4');
INSERT INTO `sys_menu_resource` VALUES ('190', '3', '179887b5bd6e42be960b83982a684b10');
INSERT INTO `sys_menu_resource` VALUES ('191', '3', '6c3514540b1e2e1589a9c9566273c7c7');
INSERT INTO `sys_menu_resource` VALUES ('192', '4', '54522abbe7d3a2a40e7edbc9339acc50');
INSERT INTO `sys_menu_resource` VALUES ('193', '4', '179887b5bd6e42be960b83982a684b10');
INSERT INTO `sys_menu_resource` VALUES ('194', '4', '6c3514540b1e2e1589a9c9566273c7c7');
INSERT INTO `sys_menu_resource` VALUES ('195', '67', '49a3211ef7ddd065888fc6ad093bff6f');
INSERT INTO `sys_menu_resource` VALUES ('196', '67', 'b0b5dc6a4d472e5160e289eee92ad5d4');
INSERT INTO `sys_menu_resource` VALUES ('197', '68', 'd1cee74a3c8ecc212ec1fbfffd7d4b7a');
INSERT INTO `sys_menu_resource` VALUES ('198', '69', '4f431508eaf3ae2b72c87ecde3334212');
INSERT INTO `sys_menu_resource` VALUES ('199', '70', '1c42a29f7a1a0fb0c6c3e213ebd9d6e4');
INSERT INTO `sys_menu_resource` VALUES ('283', '7', 'a2cf21f89380c679e13e76a46e63de18');
INSERT INTO `sys_menu_resource` VALUES ('291', '2', 'fad1ecbafb22f1ac0f63486d71393745');
INSERT INTO `sys_menu_resource` VALUES ('292', '2', '49764a50d0e0f74790ced2586b03bff8');
INSERT INTO `sys_menu_resource` VALUES ('295', '12', 'f880f8a35613b38182612a061291f8a5');
INSERT INTO `sys_menu_resource` VALUES ('296', '12', 'de8b6406105c3ea1c71de78e0870595e');
INSERT INTO `sys_menu_resource` VALUES ('297', '16', '47aad34069f0e8713b6df562b4b2029f');
INSERT INTO `sys_menu_resource` VALUES ('298', '18', '512082c7c24e77c5496977206d823f48');
INSERT INTO `sys_menu_resource` VALUES ('304', '51', 'de2199682fdb8768d3dada69bf282f63');
INSERT INTO `sys_menu_resource` VALUES ('305', '51', '86047dad161b62bae784f2f77cb44cb8');
INSERT INTO `sys_menu_resource` VALUES ('306', '51', '039bec1c73824aebd6dac61de133f336');
INSERT INTO `sys_menu_resource` VALUES ('307', '51', '36113bab48568e5885a8f34bcc91bb11');
INSERT INTO `sys_menu_resource` VALUES ('308', '71', 'dfdff4d1f7e710eb21962c2f6df810b4');
INSERT INTO `sys_menu_resource` VALUES ('309', '71', 'd6119390317deda395c1487d401dd47f');
INSERT INTO `sys_menu_resource` VALUES ('310', '71', '4b67b670f546e7a11310a70c1383d795');
INSERT INTO `sys_menu_resource` VALUES ('311', '71', '36c191be2786a1dfd730b649d9f9d88f');
INSERT INTO `sys_menu_resource` VALUES ('312', '71', '6847ea5e1845717af3d32125277a5eea');
INSERT INTO `sys_menu_resource` VALUES ('313', '52', 'ffdbcf5be43ec6452a9b568c833f8f0a');
INSERT INTO `sys_menu_resource` VALUES ('314', '52', 'fcefc2a889894309e8eaff8f5762240a');
INSERT INTO `sys_menu_resource` VALUES ('315', '52', 'e6785c61264683eaa3e7b6bcd5190f69');
INSERT INTO `sys_menu_resource` VALUES ('316', '52', '98c864bdce956341baa4f83cf8a74ddc');
INSERT INTO `sys_menu_resource` VALUES ('317', '73', '0401dbc5d8eaad57931edbf0ee36a10c');
INSERT INTO `sys_menu_resource` VALUES ('318', '73', '4f59f04de013a04c9c4a2459382da5e9');
INSERT INTO `sys_menu_resource` VALUES ('319', '73', '65bbd93b69d8dd2d5cade59dc0ccd8e6');
INSERT INTO `sys_menu_resource` VALUES ('320', '73', '956578f7a1e6fe0239b03232faa0dfda');
INSERT INTO `sys_menu_resource` VALUES ('321', '73', 'b0b5dc6a4d472e5160e289eee92ad5d4');
INSERT INTO `sys_menu_resource` VALUES ('322', '24', 'f8afb5ec48a65cb7c9cd7e9372118748');
INSERT INTO `sys_menu_resource` VALUES ('323', '24', 'd431b135887822c5c012561c96f1ec84');
INSERT INTO `sys_menu_resource` VALUES ('324', '24', 'a36d86152fb3241feef81a9ccee6faed');
INSERT INTO `sys_menu_resource` VALUES ('325', '24', 'bc90809c5084a45eda6ece88e426d0b8');
INSERT INTO `sys_menu_resource` VALUES ('331', '25', '4eac907c193cfa96ada396cdbfbacb31');
INSERT INTO `sys_menu_resource` VALUES ('332', '25', '222549de7b85d74ff912e4e258670af6');
INSERT INTO `sys_menu_resource` VALUES ('333', '25', '8690f1577b8abe64aa841cb763a32b47');
INSERT INTO `sys_menu_resource` VALUES ('334', '25', 'ea1ff9435f36746204efc424f2386a3e');
INSERT INTO `sys_menu_resource` VALUES ('335', '53', '2410dac6fb2e4396e28d720f19bc7c45');
INSERT INTO `sys_menu_resource` VALUES ('336', '53', '7ad036add7309273ab46935c955cd547');
INSERT INTO `sys_menu_resource` VALUES ('337', '53', 'd289b64ef206771d89ed2670d93049b9');
INSERT INTO `sys_menu_resource` VALUES ('338', '53', 'e113d9ae14c1ba583228d0974ccdfab1');
INSERT INTO `sys_menu_resource` VALUES ('339', '54', 'b5bd54c21e5412a49f4f656c8f33f77b');
INSERT INTO `sys_menu_resource` VALUES ('340', '54', '328f29a3ed6b6f792f994aeb1c4abab5');
INSERT INTO `sys_menu_resource` VALUES ('341', '54', '262bfee5cd0edf4d5cd47fa1f9380cb4');
INSERT INTO `sys_menu_resource` VALUES ('342', '54', '07d648ddf63c20317df4f5cbf7786a48');
INSERT INTO `sys_menu_resource` VALUES ('343', '72', 'e78b1e45561db580a21ebe962414aaa9');
INSERT INTO `sys_menu_resource` VALUES ('344', '72', 'dcd22be9d250bc20abed2b5390259a3f');
INSERT INTO `sys_menu_resource` VALUES ('345', '72', 'b42c4411f27e50bafc6094b31b323996');
INSERT INTO `sys_menu_resource` VALUES ('346', '72', '1edadc539135c5dc8ea6dd767b51133a');
INSERT INTO `sys_menu_resource` VALUES ('347', '55', '0a9c4972fbf5b50eb76d78cd40c8c269');
INSERT INTO `sys_menu_resource` VALUES ('348', '55', '46947be1849f0a3fb065d4c4bb9e8ed4');
INSERT INTO `sys_menu_resource` VALUES ('349', '55', '9d47323a8cf271afa3794a41d01ebd8d');
INSERT INTO `sys_menu_resource` VALUES ('350', '55', 'f4912e9c64d9c95d761a642caac77a3c');
INSERT INTO `sys_menu_resource` VALUES ('351', '58', '664f3db603c5855b208fc969984e1603');
INSERT INTO `sys_menu_resource` VALUES ('352', '58', '6f64396b3c7a68b40194169e09380fd0');
INSERT INTO `sys_menu_resource` VALUES ('353', '58', '7f4c9278a2d5d361b584e8db2c0f9d64');
INSERT INTO `sys_menu_resource` VALUES ('354', '58', 'f084f47ab2ec0ce7d2846ca0465f9926');
INSERT INTO `sys_menu_resource` VALUES ('355', '46', '33b8bec21288534e35fbccdfac9f1494');
INSERT INTO `sys_menu_resource` VALUES ('356', '46', '6588452dd7adc2cf0b3a634c7eaba578');
INSERT INTO `sys_menu_resource` VALUES ('357', '46', '9513d9c346dc6afdbcef07fad075ca96');
INSERT INTO `sys_menu_resource` VALUES ('358', '46', 'e94e936ee35513a5cbaa0b670a806677');
INSERT INTO `sys_menu_resource` VALUES ('363', '48', 'e8294671c0aeae7195fc3c43e2457436');
INSERT INTO `sys_menu_resource` VALUES ('364', '48', 'a0a1a4a566471fe2a2556bd873a3f036');
INSERT INTO `sys_menu_resource` VALUES ('365', '48', '49b2accbfba5ff13f7f1f9b368c310ec');
INSERT INTO `sys_menu_resource` VALUES ('366', '48', '3a3445306b2ef32a0c5976a4d3e91f64');
INSERT INTO `sys_menu_resource` VALUES ('367', '49', 'd374ba0bb7e6ed122a2c04cbdb759b81');
INSERT INTO `sys_menu_resource` VALUES ('368', '49', 'b799b91c2cb5d49953a7308c93aef3e6');
INSERT INTO `sys_menu_resource` VALUES ('369', '49', '71ff8d6843b1023eaa48a6a0113b9307');
INSERT INTO `sys_menu_resource` VALUES ('370', '49', '6aa7aabe9b977d40b24dc5af059f2782');
INSERT INTO `sys_menu_resource` VALUES ('371', '50', 'd7b1e397718a5e2bb30ee16d81fe8839');
INSERT INTO `sys_menu_resource` VALUES ('372', '50', 'ca6fc80fa67b8178d040d951efed929e');
INSERT INTO `sys_menu_resource` VALUES ('373', '50', '72331b4d9d6a4d884f54d75b7ebc3b0b');
INSERT INTO `sys_menu_resource` VALUES ('374', '50', 'ab34bcc1abb35eb4c7926c4f8e88bfa0');
INSERT INTO `sys_menu_resource` VALUES ('391', '45', 'fe7a8147c0721226e5de8e3e8f6ebf93');
INSERT INTO `sys_menu_resource` VALUES ('392', '45', 'e39c62db55dba9e58d9f996096e97c63');
INSERT INTO `sys_menu_resource` VALUES ('393', '45', 'abe8fd7846f776abf7f9a52778a48cf0');
INSERT INTO `sys_menu_resource` VALUES ('394', '45', '104e2c82415429f04455f1d079890c96');
INSERT INTO `sys_menu_resource` VALUES ('411', '36', '0b3acbd943d2bdf421984f80a96c9739');
INSERT INTO `sys_menu_resource` VALUES ('412', '36', '4cc53717ed7201af2526a716f0071287');
INSERT INTO `sys_menu_resource` VALUES ('413', '36', '68655ee2d14ea4f555d8c6bd91004381');
INSERT INTO `sys_menu_resource` VALUES ('414', '36', 'cf2f5e841d1fa963c3a511c4ea23c6b8');
INSERT INTO `sys_menu_resource` VALUES ('415', '37', 'c360a16bbc9b4c5a8378d48bb1fa4ffd');
INSERT INTO `sys_menu_resource` VALUES ('416', '37', '8069b90f45605898c6b48c513785194e');
INSERT INTO `sys_menu_resource` VALUES ('417', '37', '729f78186228a271d4035747eb4ad465');
INSERT INTO `sys_menu_resource` VALUES ('418', '37', '22c8d4ad02ae696458f3de13053e4dbc');
INSERT INTO `sys_menu_resource` VALUES ('419', '38', '93541f9d26ff3e388f53744d70679dd4');
INSERT INTO `sys_menu_resource` VALUES ('420', '38', '544a69d536f460d511a271ac2468cafc');
INSERT INTO `sys_menu_resource` VALUES ('421', '38', '0ef17c27ae7717cc75b3940ad4958c29');
INSERT INTO `sys_menu_resource` VALUES ('422', '38', 'dd00babb9be667747337654d68354531');
INSERT INTO `sys_menu_resource` VALUES ('427', '75', 'd3ec728a0d9d66b8351cd0278962a384');
INSERT INTO `sys_menu_resource` VALUES ('428', '75', '7e5982583c9805792c523b32ca5ef88b');
INSERT INTO `sys_menu_resource` VALUES ('429', '75', '3e97140625dc7fc53c2c7bbb0d01813c');
INSERT INTO `sys_menu_resource` VALUES ('430', '75', '151d826eafc7b5174de85dd7df216b98');
INSERT INTO `sys_menu_resource` VALUES ('431', '75', 'b0b5dc6a4d472e5160e289eee92ad5d4');
INSERT INTO `sys_menu_resource` VALUES ('432', '76', 'cf644f767183f7940a094d82fd075ed5');
INSERT INTO `sys_menu_resource` VALUES ('433', '76', '0b2af0dd22363820966999f84a845ea2');
INSERT INTO `sys_menu_resource` VALUES ('434', '76', '7d5889685e76e54b05e5f88169fd5e20');
INSERT INTO `sys_menu_resource` VALUES ('435', '76', '82ae5ea4f71f8e9f4ff625dbc8d28819');
INSERT INTO `sys_menu_resource` VALUES ('436', '76', 'b0b5dc6a4d472e5160e289eee92ad5d4');
INSERT INTO `sys_menu_resource` VALUES ('437', '23', '21b182bd4b864b88d6424717673c2fdd');
INSERT INTO `sys_menu_resource` VALUES ('438', '23', '35497ac6603e18992159e83005be0d64');
INSERT INTO `sys_menu_resource` VALUES ('439', '23', '9964cc368380f9bd7c782855389068d2');
INSERT INTO `sys_menu_resource` VALUES ('440', '32', '43083dba76bdf1e10b51a95974f30141');
INSERT INTO `sys_menu_resource` VALUES ('441', '32', 'b0b5dc6a4d472e5160e289eee92ad5d4');
INSERT INTO `sys_menu_resource` VALUES ('451', '79', '70a8486a7b06e085a6e5d5249cd68c19');
INSERT INTO `sys_menu_resource` VALUES ('452', '79', 'bab73118731876a830ed12630846422d');
INSERT INTO `sys_menu_resource` VALUES ('453', '79', '4f680eaa21e61bfde7178684c506765f');
INSERT INTO `sys_menu_resource` VALUES ('454', '79', '498fe7906e76a4caff0b82c9115d11a0');
INSERT INTO `sys_menu_resource` VALUES ('455', '79', '061c512368ad8a4fa5632e1c2a39189c');
INSERT INTO `sys_menu_resource` VALUES ('456', '78', '82755b8a0b46c30b88df630c0175c625');
INSERT INTO `sys_menu_resource` VALUES ('457', '78', '9113537364ae8b5e8864864039a6ce61');
INSERT INTO `sys_menu_resource` VALUES ('458', '78', '91f929d78067ee9198830bad15703b52');
INSERT INTO `sys_menu_resource` VALUES ('459', '78', '924b18eaf488496f46b09c2faa561a4c');
INSERT INTO `sys_menu_resource` VALUES ('460', '39', '099a483818e8ec192f966b6bc6bacd0a');
INSERT INTO `sys_menu_resource` VALUES ('461', '39', '8cb83a749812f5d14d518d080fa12773');
INSERT INTO `sys_menu_resource` VALUES ('462', '39', 'a9301ba0ce8390ecd756fb60b0487496');
INSERT INTO `sys_menu_resource` VALUES ('463', '39', 'b9766aef2e0a38ab87f640ca592c3569');
INSERT INTO `sys_menu_resource` VALUES ('464', '47', '61ffa059261d938164f12a0feae60779');
INSERT INTO `sys_menu_resource` VALUES ('465', '47', '6594f272facd4b263779a5898408d6f5');
INSERT INTO `sys_menu_resource` VALUES ('466', '47', '6e8bb84dfd74bd76918cbc7b7b97e241');
INSERT INTO `sys_menu_resource` VALUES ('467', '47', 'cd6de4b154e91389697aaa16f9e70f03');
INSERT INTO `sys_menu_resource` VALUES ('468', '77', '5cc53e1d69c9023759841eb2c41f9bfd');
INSERT INTO `sys_menu_resource` VALUES ('469', '77', '9c649f2b5cc9a0948958033038e6786b');
INSERT INTO `sys_menu_resource` VALUES ('470', '77', 'de16f2ea5e499ebcb81154efec1d2df4');
INSERT INTO `sys_menu_resource` VALUES ('471', '77', 'af29194331dabc32c641585380ff714f');
INSERT INTO `sys_menu_resource` VALUES ('472', '77', 'b0b5dc6a4d472e5160e289eee92ad5d4');
INSERT INTO `sys_menu_resource` VALUES ('473', '77', '6193837ebc7f6f3045d8a5fba88968ee');
INSERT INTO `sys_menu_resource` VALUES ('474', '82', 'ab63020bae540622e467a2e4acaf97af');
INSERT INTO `sys_menu_resource` VALUES ('475', '82', 'c07e596b621d912b559f5b9853436d8c');
INSERT INTO `sys_menu_resource` VALUES ('476', '82', 'daf677b9a072da770861e943f3daf5b1');
INSERT INTO `sys_menu_resource` VALUES ('477', '82', 'e36b38131920da615eeb94c1919b2b7d');
INSERT INTO `sys_menu_resource` VALUES ('478', '82', 'b0b5dc6a4d472e5160e289eee92ad5d4');
INSERT INTO `sys_menu_resource` VALUES ('479', '83', '626d139f7045089bc82624520511f986');
INSERT INTO `sys_menu_resource` VALUES ('480', '83', 'a6932d8137a5fe0b0f18cc2a21b0387b');
INSERT INTO `sys_menu_resource` VALUES ('481', '83', 'e4a72fa73c2e948389a9a474aac8696a');
INSERT INTO `sys_menu_resource` VALUES ('482', '83', 'ed55f5b013de450fa8317eb04bdc039a');
INSERT INTO `sys_menu_resource` VALUES ('483', '83', 'b0b5dc6a4d472e5160e289eee92ad5d4');
INSERT INTO `sys_menu_resource` VALUES ('484', '84', '5e4a4bf56781a6b1308dbaff75c6b313');
INSERT INTO `sys_menu_resource` VALUES ('485', '84', 'a3442a3d3fe4fd8bce6c867b7602df29');
INSERT INTO `sys_menu_resource` VALUES ('486', '84', 'a882a5bddf8a822a3279ac071de5fd15');
INSERT INTO `sys_menu_resource` VALUES ('487', '84', 'cd38b16c4c608d8427e822bb2359ea9c');
INSERT INTO `sys_menu_resource` VALUES ('488', '84', 'b0b5dc6a4d472e5160e289eee92ad5d4');
INSERT INTO `sys_menu_resource` VALUES ('489', '85', '0c43c287750fc8d1b07b0d184e9209f1');
INSERT INTO `sys_menu_resource` VALUES ('490', '85', '14c934f0b878b687168898c4eded46ee');
INSERT INTO `sys_menu_resource` VALUES ('491', '85', '772f39a17f64a99cdc60081f2ce4122e');
INSERT INTO `sys_menu_resource` VALUES ('492', '85', 'e30c230ef0dae4a06c9a6b7c43bf2f68');
INSERT INTO `sys_menu_resource` VALUES ('493', '85', 'b0b5dc6a4d472e5160e289eee92ad5d4');

-- ----------------------------
-- Table structure for sys_resource
-- ----------------------------
DROP TABLE IF EXISTS `sys_resource`;
CREATE TABLE `sys_resource` (
  `id` varchar(32) NOT NULL,
  `resource_name` varchar(32) NOT NULL COMMENT '资源名称',
  `mapping` varchar(64) NOT NULL COMMENT '路径映射',
  `method` varchar(6) NOT NULL COMMENT '请求方式',
  `auth_type` smallint(2) NOT NULL COMMENT '权限认证类型',
  `update_time` datetime DEFAULT NULL,
  `perm` varchar(68) NOT NULL COMMENT '权限标识',
  PRIMARY KEY (`id`)
) ENGINE=InnoDB DEFAULT CHARSET=utf8mb4 COMMENT='资源表';

-- ----------------------------
-- Records of sys_resource
-- ----------------------------
INSERT INTO `sys_resource` VALUES ('034fe06c0ce7f3ad0db70e0ccf313dcc', '交流互展查询(分页)', '/exchangeexhibition/page', 'GET', '3', '2019-11-16 12:43:30', 'GET:/exchangeexhibition/page');
INSERT INTO `sys_resource` VALUES ('039bec1c73824aebd6dac61de133f336', '管理机构编辑', '/managementagency/{id}', 'PUT', '1', '2019-11-16 12:43:31', 'PUT:/managementagency/{id}');
INSERT INTO `sys_resource` VALUES ('0401dbc5d8eaad57931edbf0ee36a10c', '公园规划查询(分页)', '/planning/page', 'GET', '3', '2019-11-16 12:43:31', 'GET:/planning/page');
INSERT INTO `sys_resource` VALUES ('0584acbf717e9848bfbd5cb2e149754a', '社会经济状况添加', '/socialeconomy', 'POST', '1', '2019-11-16 12:43:31', 'POST:/socialeconomy');
INSERT INTO `sys_resource` VALUES ('06031eda73fcffa209c91c414a6b4766', 'openApi自然景观列表', '/openApi/naturallandscapeList', 'GET', '2', '2019-11-16 12:43:31', 'GET:/openApi/naturallandscapeList');
INSERT INTO `sys_resource` VALUES ('061c512368ad8a4fa5632e1c2a39189c', '博物馆展厅编辑', '/museumexhibition/{id}', 'PUT', '1', '2019-11-16 12:43:31', 'PUT:/museumexhibition/{id}');
INSERT INTO `sys_resource` VALUES ('07d648ddf63c20317df4f5cbf7786a48', '人文景观删除', '/humanlandscape/{id}', 'DELETE', '1', '2019-11-16 12:43:30', 'DELETE:/humanlandscape/{id}');
INSERT INTO `sys_resource` VALUES ('099a483818e8ec192f966b6bc6bacd0a', '科普作品添加', '/sciencework', 'POST', '1', '2019-11-16 12:43:31', 'POST:/sciencework');
INSERT INTO `sys_resource` VALUES ('0a9c4972fbf5b50eb76d78cd40c8c269', '地灾信息查询(分页)', '/earthquake/page', 'GET', '1', '2019-11-16 12:43:30', 'GET:/earthquake/page');
INSERT INTO `sys_resource` VALUES ('0b2af0dd22363820966999f84a845ea2', '影像资料添加', '/vediodocs', 'POST', '3', '2019-11-16 12:43:31', 'POST:/vediodocs');
INSERT INTO `sys_resource` VALUES ('0b3acbd943d2bdf421984f80a96c9739', '科研论文删除', '/researchpaper/{id}', 'DELETE', '1', '2019-11-16 12:43:31', 'DELETE:/researchpaper/{id}');
INSERT INTO `sys_resource` VALUES ('0c43c287750fc8d1b07b0d184e9209f1', '专著添加', '/monograph', 'POST', '3', '2019-11-16 12:43:31', 'POST:/monograph');
INSERT INTO `sys_resource` VALUES ('0ef17c27ae7717cc75b3940ad4958c29', '科普活动查询(分页)', '/scienceactivity/page', 'GET', '1', '2019-11-16 12:43:31', 'GET:/scienceactivity/page');
INSERT INTO `sys_resource` VALUES ('104e2c82415429f04455f1d079890c96', '专家导游编辑', '/parklibrary/{id}', 'PUT', '1', '2019-11-16 12:43:31', 'PUT:/parklibrary/{id}');
INSERT INTO `sys_resource` VALUES ('14c934f0b878b687168898c4eded46ee', '专著查询(分页)', '/monograph/page', 'GET', '3', '2019-11-16 12:43:31', 'GET:/monograph/page');
INSERT INTO `sys_resource` VALUES ('151d826eafc7b5174de85dd7df216b98', '图片资料删除', '/picdocs/{id}', 'DELETE', '3', '2019-11-16 12:43:31', 'DELETE:/picdocs/{id}');
INSERT INTO `sys_resource` VALUES ('15da52a5f4f4a6eac3b0d6f046f040c9', '菜单删除', '/menu/{id}', 'DELETE', '3', '2019-11-16 12:43:31', 'DELETE:/menu/{id}');
INSERT INTO `sys_resource` VALUES ('166654543c708f5e91eab662095bd764', '重叠情况删除', '/overlapping/{id}', 'DELETE', '1', '2019-11-16 12:43:31', 'DELETE:/overlapping/{id}');
INSERT INTO `sys_resource` VALUES ('16ec009eee72f9a3146f3ed6e6e3bccd', '标示解说添加', '/commentary', 'POST', '1', '2019-11-16 12:43:30', 'POST:/commentary');
INSERT INTO `sys_resource` VALUES ('179887b5bd6e42be960b83982a684b10', '角色查询(所有)', '/role/list', 'GET', '3', '2019-11-16 12:43:31', 'GET:/role/list');
INSERT INTO `sys_resource` VALUES ('1a78d8aa6ba0ffe46bc99de9c820a298', '导出xls', '/exportBackup/xls', 'GET', '1', '2019-11-16 12:43:30', 'GET:/exportBackup/xls');
INSERT INTO `sys_resource` VALUES ('1adec59980b460bb8db5198953608b87', '任务编辑', '/task/{id}', 'PUT', '1', '2019-11-16 12:43:31', 'PUT:/task/{id}');
INSERT INTO `sys_resource` VALUES ('1c42a29f7a1a0fb0c6c3e213ebd9d6e4', '缔结姊妹公园删除', '/parkrelation/{id}', 'DELETE', '3', '2019-11-16 12:43:31', 'DELETE:/parkrelation/{id}');
INSERT INTO `sys_resource` VALUES ('1e1146393b91b9a02a11284eea132962', '公园信息删除', '/parkinfo/{id}', 'DELETE', '3', '2019-11-16 12:43:31', 'DELETE:/parkinfo/{id}');
INSERT INTO `sys_resource` VALUES ('1edadc539135c5dc8ea6dd767b51133a', '自然景观编辑', '/naturallandscape/{id}', 'PUT', '1', '2019-11-16 12:43:31', 'PUT:/naturallandscape/{id}');
INSERT INTO `sys_resource` VALUES ('21b182bd4b864b88d6424717673c2fdd', '公园查询(分页)', '/park/page', 'GET', '1', '2019-11-16 12:43:31', 'GET:/park/page');
INSERT INTO `sys_resource` VALUES ('222549de7b85d74ff912e4e258670af6', '地质背景编辑', '/geological/{id}', 'PUT', '1', '2019-11-16 12:43:30', 'PUT:/geological/{id}');
INSERT INTO `sys_resource` VALUES ('22c8d4ad02ae696458f3de13053e4dbc', '专题研究查询(分页)', '/parktopic/page', 'GET', '1', '2019-11-16 12:43:31', 'GET:/parktopic/page');
INSERT INTO `sys_resource` VALUES ('2410dac6fb2e4396e28d720f19bc7c45', '地质遗迹景观删除', '/geolandscape/{id}', 'DELETE', '1', '2019-11-16 12:43:30', 'DELETE:/geolandscape/{id}');
INSERT INTO `sys_resource` VALUES ('24bf74d47e8322146e38f0c68333f90c', '角色授权', '/role/{id}/menu', 'PUT', '3', '2019-11-16 12:43:31', 'PUT:/role/{id}/menu');
INSERT INTO `sys_resource` VALUES ('262bfee5cd0edf4d5cd47fa1f9380cb4', '人文景观编辑', '/humanlandscape/{id}', 'PUT', '1', '2019-11-16 12:43:30', 'PUT:/humanlandscape/{id}');
INSERT INTO `sys_resource` VALUES ('2b46448ef3c969f64046c9ed8e294b41', '交流互展编辑', '/exchangeexhibition/{id}', 'PUT', '3', '2019-11-16 12:43:30', 'PUT:/exchangeexhibition/{id}');
INSERT INTO `sys_resource` VALUES ('2c8f52fdf31d935744bf7b4a309e8d37', '导入xls', '/import/xls', 'POST', '1', '2019-11-16 12:43:30', 'POST:/import/xls');
INSERT INTO `sys_resource` VALUES ('2caca33f4fa40079ba1d86d9961634a5', '矿权情况查询(分页)', '/mineralright/page', 'GET', '1', '2019-11-16 12:43:31', 'GET:/mineralright/page');
INSERT INTO `sys_resource` VALUES ('30928c0d0e2e7a454426990767919239', '事务测试', '/tasktransaction', 'POST', '1', '2019-08-29 09:41:56', 'POST:/tasktransaction');
INSERT INTO `sys_resource` VALUES ('30f1ef71d284550e5f7144f2b0a79ad5', '产品推介编辑', '/production/{id}', 'PUT', '3', '2019-11-16 12:43:31', 'PUT:/production/{id}');
INSERT INTO `sys_resource` VALUES ('328f29a3ed6b6f792f994aeb1c4abab5', '人文景观查询(分页)', '/humanlandscape/page', 'GET', '1', '2019-11-16 12:43:30', 'GET:/humanlandscape/page');
INSERT INTO `sys_resource` VALUES ('33b8bec21288534e35fbccdfac9f1494', '博物馆基本情况删除', '/museum/{id}', 'DELETE', '1', '2019-11-16 12:43:31', 'DELETE:/museum/{id}');
INSERT INTO `sys_resource` VALUES ('35497ac6603e18992159e83005be0d64', '公园编辑', '/park/{id}', 'PUT', '1', '2019-11-16 12:43:31', 'PUT:/park/{id}');
INSERT INTO `sys_resource` VALUES ('36113bab48568e5885a8f34bcc91bb11', '管理机构添加', '/managementagency', 'POST', '1', '2019-11-16 12:43:31', 'POST:/managementagency');
INSERT INTO `sys_resource` VALUES ('36c191be2786a1dfd730b649d9f9d88f', '管理人员编辑', '/manageperson/{id}', 'PUT', '1', '2019-11-16 12:43:31', 'PUT:/manageperson/{id}');
INSERT INTO `sys_resource` VALUES ('375edb54e85dc981c8df62c76f3782ed', '菜单详情', '/menu/{id}', 'GET', '3', '2019-11-16 12:43:31', 'GET:/menu/{id}');
INSERT INTO `sys_resource` VALUES ('37687195b63b44e0d22436080de117bc', '菜单编辑', '/menu/{id}', 'PUT', '3', '2019-11-16 12:43:31', 'PUT:/menu/{id}');
INSERT INTO `sys_resource` VALUES ('3a3445306b2ef32a0c5976a4d3e91f64', '生物标本编辑', '/biospecimen/{id}', 'PUT', '1', '2019-11-16 12:43:30', 'PUT:/biospecimen/{id}');
INSERT INTO `sys_resource` VALUES ('3a62355efcfa84646b390d508efea9b6', '菜单添加', '/menu', 'POST', '3', '2019-11-16 12:43:31', 'POST:/menu');
INSERT INTO `sys_resource` VALUES ('3dca30c2118ff6158ffa88191003128e', '用户删除', '/user/{id}', 'DELETE', '3', '2019-11-16 12:43:31', 'DELETE:/user/{id}');
INSERT INTO `sys_resource` VALUES ('3e5a0b5a1156439cd32a82b7dfedc865', '重叠情况添加', '/overlapping', 'POST', '1', '2019-11-16 12:43:31', 'POST:/overlapping');
INSERT INTO `sys_resource` VALUES ('3e97140625dc7fc53c2c7bbb0d01813c', '图片资料查询(分页)', '/picdocs/page', 'GET', '3', '2019-11-16 12:43:31', 'GET:/picdocs/page');
INSERT INTO `sys_resource` VALUES ('43083dba76bdf1e10b51a95974f30141', '公园信息查询(分页)', '/parkinfo/page', 'GET', '3', '2019-11-16 12:43:31', 'GET:/parkinfo/page');
INSERT INTO `sys_resource` VALUES ('437ad0bd41cc263282bdf719cfdfe200', '下载文件', '/download{keyPath}/{fileName}', 'GET', '1', '2019-11-16 12:43:30', 'GET:/download{keyPath}/{fileName}');
INSERT INTO `sys_resource` VALUES ('442504feccde8320f201a26b363f2db9', '会议删除', '/parkmeeting/{id}', 'DELETE', '3', '2019-11-16 12:43:31', 'DELETE:/parkmeeting/{id}');
INSERT INTO `sys_resource` VALUES ('4684b8f300152ee482a2fbd95a070a8e', '产品推介添加', '/production', 'POST', '3', '2019-11-16 12:43:31', 'POST:/production');
INSERT INTO `sys_resource` VALUES ('46947be1849f0a3fb065d4c4bb9e8ed4', '地灾信息编辑', '/earthquake/{id}', 'PUT', '1', '2019-11-16 12:43:30', 'PUT:/earthquake/{id}');
INSERT INTO `sys_resource` VALUES ('46a5d7a79e6ba91e6709f3361a2edd81', '角色添加', '/role', 'POST', '3', '2019-11-16 12:43:31', 'POST:/role');
INSERT INTO `sys_resource` VALUES ('47aad34069f0e8713b6df562b4b2029f', '资源查询(分页)', '/resource/page', 'GET', '3', '2019-11-16 12:43:31', 'GET:/resource/page');
INSERT INTO `sys_resource` VALUES ('49764a50d0e0f74790ced2586b03bff8', '用户状态设置', '/user/{id}/status', 'PUT', '3', '2019-11-16 12:43:31', 'PUT:/user/{id}/status');
INSERT INTO `sys_resource` VALUES ('498fe7906e76a4caff0b82c9115d11a0', '博物馆展厅删除', '/museumexhibition/{id}', 'DELETE', '1', '2019-11-16 12:43:31', 'DELETE:/museumexhibition/{id}');
INSERT INTO `sys_resource` VALUES ('49a3211ef7ddd065888fc6ad093bff6f', '缔结姊妹公园查询(分页)', '/parkrelation/page', 'GET', '3', '2019-11-16 12:43:31', 'GET:/parkrelation/page');
INSERT INTO `sys_resource` VALUES ('49b2accbfba5ff13f7f1f9b368c310ec', '生物标本删除', '/biospecimen/{id}', 'DELETE', '1', '2019-11-16 12:43:30', 'DELETE:/biospecimen/{id}');
INSERT INTO `sys_resource` VALUES ('4aa3a9dc3d7612e3eeab0eed6cf5fd75', 'openApi地质遗迹景观详情', '/openApi/geolandscapeInfo', 'GET', '2', '2019-11-16 12:43:31', 'GET:/openApi/geolandscapeInfo');
INSERT INTO `sys_resource` VALUES ('4b67b670f546e7a11310a70c1383d795', '管理人员添加', '/manageperson', 'POST', '1', '2019-11-16 12:43:31', 'POST:/manageperson');
INSERT INTO `sys_resource` VALUES ('4cc53717ed7201af2526a716f0071287', '科研论文查询(分页)', '/researchpaper/page', 'GET', '1', '2019-11-16 12:43:31', 'GET:/researchpaper/page');
INSERT INTO `sys_resource` VALUES ('4eac907c193cfa96ada396cdbfbacb31', '地质背景删除', '/geological/{id}', 'DELETE', '1', '2019-11-16 12:43:30', 'DELETE:/geological/{id}');
INSERT INTO `sys_resource` VALUES ('4f431508eaf3ae2b72c87ecde3334212', '缔结姊妹公园编辑', '/parkrelation/{id}', 'PUT', '3', '2019-11-16 12:43:31', 'PUT:/parkrelation/{id}');
INSERT INTO `sys_resource` VALUES ('4f53b04b850f87536c19f6cb16f2ba32', '标示解说删除', '/commentary/{id}', 'DELETE', '1', '2019-11-16 12:43:30', 'DELETE:/commentary/{id}');
INSERT INTO `sys_resource` VALUES ('4f59f04de013a04c9c4a2459382da5e9', '公园规划删除', '/planning/{id}', 'DELETE', '3', '2019-11-16 12:43:31', 'DELETE:/planning/{id}');
INSERT INTO `sys_resource` VALUES ('4f680eaa21e61bfde7178684c506765f', '博物馆展厅添加', '/museumexhibition', 'POST', '1', '2019-11-16 12:43:31', 'POST:/museumexhibition');
INSERT INTO `sys_resource` VALUES ('502a61b04aad79fbddd5ecc70d4fc99c', '导出xls', '/export/xls', 'GET', '1', '2019-10-15 10:15:22', 'GET:/export/xls');
INSERT INTO `sys_resource` VALUES ('512082c7c24e77c5496977206d823f48', '任务查询(分页)', '/task/page', 'GET', '1', '2019-11-16 12:43:31', 'GET:/task/page');
INSERT INTO `sys_resource` VALUES ('544a69d536f460d511a271ac2468cafc', '科普活动添加', '/scienceactivity', 'POST', '1', '2019-11-16 12:43:31', 'POST:/scienceactivity');
INSERT INTO `sys_resource` VALUES ('54522abbe7d3a2a40e7edbc9339acc50', '用户编辑', '/user/{id}', 'PUT', '3', '2019-11-16 12:43:31', 'PUT:/user/{id}');
INSERT INTO `sys_resource` VALUES ('55295a3ce5c98c008672159097f20813', '上传图片', '/upload/img', 'POST', '1', '2019-11-16 12:43:31', 'POST:/upload/img');
INSERT INTO `sys_resource` VALUES ('566f824387a06feea407439bd6f4be8f', '会议添加', '/parkmeeting', 'POST', '3', '2019-11-16 12:43:31', 'POST:/parkmeeting');
INSERT INTO `sys_resource` VALUES ('5a1196055f5773be65b2669ea37f3978', 'openApi人文景观详情', '/openApi/humanlandscapeInfo', 'GET', '2', '2019-11-16 12:43:31', 'GET:/openApi/humanlandscapeInfo');
INSERT INTO `sys_resource` VALUES ('5cc53e1d69c9023759841eb2c41f9bfd', '游客统计删除', '/gueststat/{id}', 'DELETE', '3', '2019-11-16 12:43:30', 'DELETE:/gueststat/{id}');
INSERT INTO `sys_resource` VALUES ('5d3d1df82e3cbf85373f4e68afded452', '导入xls', '/import1/xls', 'POST', '1', '2019-10-16 09:52:37', 'POST:/import1/xls');
INSERT INTO `sys_resource` VALUES ('5d678decf6c8a93b629ea4dc928dd2d4', '导出xls', '/excel/xls', 'GET', '1', '2019-09-25 22:25:54', 'GET:/excel/xls');
INSERT INTO `sys_resource` VALUES ('5e4a4bf56781a6b1308dbaff75c6b313', '重点保护对象添加', '/majorProtection', 'POST', '3', '2019-11-16 12:43:31', 'POST:/majorProtection');
INSERT INTO `sys_resource` VALUES ('6193837ebc7f6f3045d8a5fba88968ee', '游客统计报表查询', '/gueststat/list', 'GET', '3', '2019-11-16 12:43:30', 'GET:/gueststat/list');
INSERT INTO `sys_resource` VALUES ('61ffa059261d938164f12a0feae60779', '地质标本编辑', '/geospecimen/{id}', 'PUT', '1', '2019-11-16 12:43:30', 'PUT:/geospecimen/{id}');
INSERT INTO `sys_resource` VALUES ('626d139f7045089bc82624520511f986', '生物多样性编辑', '/biodiversity/{id}', 'PUT', '3', '2019-11-16 12:43:30', 'PUT:/biodiversity/{id}');
INSERT INTO `sys_resource` VALUES ('6588452dd7adc2cf0b3a634c7eaba578', '博物馆基本情况查询(分页)', '/museum/page', 'GET', '1', '2019-11-16 12:43:31', 'GET:/museum/page');
INSERT INTO `sys_resource` VALUES ('6594f272facd4b263779a5898408d6f5', '地质标本添加', '/geospecimen', 'POST', '1', '2019-11-16 12:43:30', 'POST:/geospecimen');
INSERT INTO `sys_resource` VALUES ('65bbd93b69d8dd2d5cade59dc0ccd8e6', '公园规划编辑', '/planning/{id}', 'PUT', '3', '2019-11-16 12:43:31', 'PUT:/planning/{id}');
INSERT INTO `sys_resource` VALUES ('664f3db603c5855b208fc969984e1603', '采样信息添加', '/sampling', 'POST', '1', '2019-11-16 12:43:31', 'POST:/sampling');
INSERT INTO `sys_resource` VALUES ('6847ea5e1845717af3d32125277a5eea', '管理机构查询(列表)', '/managementagency/list', 'GET', '3', '2019-11-16 12:43:31', 'GET:/managementagency/list');
INSERT INTO `sys_resource` VALUES ('68655ee2d14ea4f555d8c6bd91004381', '科研论文编辑', '/researchpaper/{id}', 'PUT', '1', '2019-11-16 12:43:31', 'PUT:/researchpaper/{id}');
INSERT INTO `sys_resource` VALUES ('6aa7aabe9b977d40b24dc5af059f2782', '人文展品编辑', '/humenexhibit/{id}', 'PUT', '1', '2019-11-16 12:43:30', 'PUT:/humenexhibit/{id}');
INSERT INTO `sys_resource` VALUES ('6ab0f8a49671e489f11a1bef2fcaf102', '账户清除', '/account/token', 'DELETE', '1', '2019-11-16 12:43:31', 'DELETE:/account/token');
INSERT INTO `sys_resource` VALUES ('6c3514540b1e2e1589a9c9566273c7c7', '用户详情', '/user/{id}', 'GET', '3', '2019-11-16 12:43:31', 'GET:/user/{id}');
INSERT INTO `sys_resource` VALUES ('6e8bb84dfd74bd76918cbc7b7b97e241', '地质标本删除', '/geospecimen/{id}', 'DELETE', '1', '2019-11-16 12:43:30', 'DELETE:/geospecimen/{id}');
INSERT INTO `sys_resource` VALUES ('6f64396b3c7a68b40194169e09380fd0', '采样信息删除', '/sampling/{id}', 'DELETE', '1', '2019-11-16 12:43:31', 'DELETE:/sampling/{id}');
INSERT INTO `sys_resource` VALUES ('7025c7532d2a58d3de4dde7c66d363f3', '资源刷新', '/resource', 'PUT', '3', '2019-11-16 12:43:31', 'PUT:/resource');
INSERT INTO `sys_resource` VALUES ('70a8486a7b06e085a6e5d5249cd68c19', '博物馆查询(列表)', '/museum/list', 'GET', '3', '2019-11-16 12:43:31', 'GET:/museum/list');
INSERT INTO `sys_resource` VALUES ('71d5f2e10db38eaebdaa44fa89cb1163', '任务删除', '/task/{id}', 'DELETE', '1', '2019-11-16 12:43:31', 'DELETE:/task/{id}');
INSERT INTO `sys_resource` VALUES ('71ff8d6843b1023eaa48a6a0113b9307', '人文展品添加', '/humenexhibit', 'POST', '1', '2019-11-16 12:43:30', 'POST:/humenexhibit');
INSERT INTO `sys_resource` VALUES ('72331b4d9d6a4d884f54d75b7ebc3b0b', '展板添加', '/displayboard', 'POST', '1', '2019-11-16 12:43:30', 'POST:/displayboard');
INSERT INTO `sys_resource` VALUES ('729f78186228a271d4035747eb4ad465', '专题研究添加', '/parktopic', 'POST', '1', '2019-11-16 12:43:31', 'POST:/parktopic');
INSERT INTO `sys_resource` VALUES ('772f39a17f64a99cdc60081f2ce4122e', '专著删除', '/monograph/{id}', 'DELETE', '3', '2019-11-16 12:43:31', 'DELETE:/monograph/{id}');
INSERT INTO `sys_resource` VALUES ('7ad036add7309273ab46935c955cd547', '地质遗迹景观查询(分页)', '/geolandscape/page', 'GET', '1', '2019-11-16 12:43:30', 'GET:/geolandscape/page');
INSERT INTO `sys_resource` VALUES ('7d5889685e76e54b05e5f88169fd5e20', '影像资料编辑', '/vediodocs/{id}', 'PUT', '3', '2019-11-16 12:43:31', 'PUT:/vediodocs/{id}');
INSERT INTO `sys_resource` VALUES ('7e5982583c9805792c523b32ca5ef88b', '图片资料添加', '/picdocs', 'POST', '3', '2019-11-16 12:43:31', 'POST:/picdocs');
INSERT INTO `sys_resource` VALUES ('7f4c9278a2d5d361b584e8db2c0f9d64', '采样信息编辑', '/sampling/{id}', 'PUT', '1', '2019-11-16 12:43:31', 'PUT:/sampling/{id}');
INSERT INTO `sys_resource` VALUES ('8069b90f45605898c6b48c513785194e', '专题研究编辑', '/parktopic/{id}', 'PUT', '1', '2019-11-16 12:43:31', 'PUT:/parktopic/{id}');
INSERT INTO `sys_resource` VALUES ('80e9634eadbb61b2d2c8e3b8477aa313', '会议查询(分页)', '/parkmeeting/page', 'GET', '3', '2019-11-16 12:43:31', 'GET:/parkmeeting/page');
INSERT INTO `sys_resource` VALUES ('82755b8a0b46c30b88df630c0175c625', 'VR全景删除', '/vrdata/{id}', 'DELETE', '1', '2019-11-16 12:43:31', 'DELETE:/vrdata/{id}');
INSERT INTO `sys_resource` VALUES ('82ae5ea4f71f8e9f4ff625dbc8d28819', '影像资料查询(分页)', '/vediodocs/page', 'GET', '3', '2019-11-16 12:43:31', 'GET:/vediodocs/page');
INSERT INTO `sys_resource` VALUES ('82d143f7b01b3cb8cf2617a9efb7a8b8', '产品推介查询(分页)', '/production/page', 'GET', '3', '2019-11-16 12:43:31', 'GET:/production/page');
INSERT INTO `sys_resource` VALUES ('842e33410b5a97b6c797e4782c97a90e', '账户获取', '/account/token', 'POST', '2', '2019-11-16 12:43:31', 'POST:/account/token');
INSERT INTO `sys_resource` VALUES ('85b2608158865a37dd2c4cdd8c91f387', '公园信息编辑', '/parkinfo/{id}', 'PUT', '3', '2019-11-16 12:43:31', 'PUT:/parkinfo/{id}');
INSERT INTO `sys_resource` VALUES ('86047dad161b62bae784f2f77cb44cb8', '管理机构删除', '/managementagency/{id}', 'DELETE', '1', '2019-11-16 12:43:31', 'DELETE:/managementagency/{id}');
INSERT INTO `sys_resource` VALUES ('8690f1577b8abe64aa841cb763a32b47', '地质背景添加', '/geological', 'POST', '1', '2019-11-16 12:43:30', 'POST:/geological');
INSERT INTO `sys_resource` VALUES ('8b98b499b8e85136a0cbb44fee38385a', '上传文件', '/upload/file', 'POST', '1', '2019-11-16 12:43:31', 'POST:/upload/file');
INSERT INTO `sys_resource` VALUES ('8cb83a749812f5d14d518d080fa12773', '科普作品查询(分页)', '/sciencework/page', 'GET', '1', '2019-11-16 12:43:31', 'GET:/sciencework/page');
INSERT INTO `sys_resource` VALUES ('8f0edeb755b80546b041872d0c867874', 'openApi地质遗迹景观列表', '/openApi/geolandscapeList', 'GET', '2', '2019-11-16 12:43:31', 'GET:/openApi/geolandscapeList');
INSERT INTO `sys_resource` VALUES ('9113537364ae8b5e8864864039a6ce61', 'VR全景编辑', '/vrdata/{id}', 'PUT', '1', '2019-11-16 12:43:31', 'PUT:/vrdata/{id}');
INSERT INTO `sys_resource` VALUES ('9141e80baac708a8863498ff7a41d276', '任务添加', '/task', 'POST', '1', '2019-11-16 12:43:31', 'POST:/task');
INSERT INTO `sys_resource` VALUES ('91f929d78067ee9198830bad15703b52', 'VR全景查询(分页)', '/vrdata/page', 'GET', '1', '2019-11-16 12:43:31', 'GET:/vrdata/page');
INSERT INTO `sys_resource` VALUES ('924b18eaf488496f46b09c2faa561a4c', 'VR全景添加', '/vrdata', 'POST', '1', '2019-11-16 12:43:31', 'POST:/vrdata');
INSERT INTO `sys_resource` VALUES ('93541f9d26ff3e388f53744d70679dd4', '科普活动删除', '/scienceactivity/{id}', 'DELETE', '1', '2019-11-16 12:43:31', 'DELETE:/scienceactivity/{id}');
INSERT INTO `sys_resource` VALUES ('9513d9c346dc6afdbcef07fad075ca96', '博物馆基本情况编辑', '/museum/{id}', 'PUT', '1', '2019-11-16 12:43:31', 'PUT:/museum/{id}');
INSERT INTO `sys_resource` VALUES ('956578f7a1e6fe0239b03232faa0dfda', '公园规划添加', '/planning', 'POST', '3', '2019-11-16 12:43:31', 'POST:/planning');
INSERT INTO `sys_resource` VALUES ('98c864bdce956341baa4f83cf8a74ddc', '法律法规查询(分页)', '/legal/page', 'GET', '1', '2019-11-16 12:43:30', 'GET:/legal/page');
INSERT INTO `sys_resource` VALUES ('9964cc368380f9bd7c782855389068d2', '公园添加', '/park', 'POST', '1', '2019-11-16 12:43:31', 'POST:/park');
INSERT INTO `sys_resource` VALUES ('9a7d73a1f4ebe1e284337e98cf564aee', '导出xls', '/export1xls', 'GET', '1', '2019-10-15 10:15:22', 'GET:/export1xls');
INSERT INTO `sys_resource` VALUES ('9be8e0df48c8ba879e5b079c73662ee4', '用户添加', '/user', 'POST', '3', '2019-11-16 12:43:31', 'POST:/user');
INSERT INTO `sys_resource` VALUES ('9c649f2b5cc9a0948958033038e6786b', '游客统计编辑', '/gueststat/{id}', 'PUT', '3', '2019-11-16 12:43:30', 'PUT:/gueststat/{id}');
INSERT INTO `sys_resource` VALUES ('9d47323a8cf271afa3794a41d01ebd8d', '地灾信息删除', '/earthquake/{id}', 'DELETE', '1', '2019-11-16 12:43:30', 'DELETE:/earthquake/{id}');
INSERT INTO `sys_resource` VALUES ('a0a1a4a566471fe2a2556bd873a3f036', '生物标本添加', '/biospecimen', 'POST', '1', '2019-11-16 12:43:30', 'POST:/biospecimen');
INSERT INTO `sys_resource` VALUES ('a114f29b98a6faa95ac89139008f0e8c', '会议编辑', '/parkmeeting/{id}', 'PUT', '3', '2019-11-16 12:43:31', 'PUT:/parkmeeting/{id}');
INSERT INTO `sys_resource` VALUES ('a2cf21f89380c679e13e76a46e63de18', '角色查询(分页)', '/role/page', 'GET', '3', '2019-11-16 12:43:31', 'GET:/role/page');
INSERT INTO `sys_resource` VALUES ('a3442a3d3fe4fd8bce6c867b7602df29', '重点保护对象删除', '/majorProtection/{id}', 'DELETE', '3', '2019-11-16 12:43:31', 'DELETE:/majorProtection/{id}');
INSERT INTO `sys_resource` VALUES ('a36d86152fb3241feef81a9ccee6faed', '生态环境查询', '/ecosystem/page', 'GET', '1', '2019-11-16 12:43:30', 'GET:/ecosystem/page');
INSERT INTO `sys_resource` VALUES ('a6932d8137a5fe0b0f18cc2a21b0387b', '生物多样性删除', '/biodiversity/{id}', 'DELETE', '3', '2019-11-16 12:43:30', 'DELETE:/biodiversity/{id}');
INSERT INTO `sys_resource` VALUES ('a882a5bddf8a822a3279ac071de5fd15', '重点保护对象查询(分页)', '/majorProtection/page', 'GET', '3', '2019-11-16 12:43:31', 'GET:/majorProtection/page');
INSERT INTO `sys_resource` VALUES ('a9301ba0ce8390ecd756fb60b0487496', '科普作品编辑', '/sciencework/{id}', 'PUT', '1', '2019-11-16 12:43:31', 'PUT:/sciencework/{id}');
INSERT INTO `sys_resource` VALUES ('ab34bcc1abb35eb4c7926c4f8e88bfa0', '展板查询(分页)', '/displayboard/page', 'GET', '1', '2019-11-16 12:43:30', 'GET:/displayboard/page');
INSERT INTO `sys_resource` VALUES ('ab63020bae540622e467a2e4acaf97af', '级别沿革删除', '/levelEvolution/{id}', 'DELETE', '3', '2019-11-16 12:43:31', 'DELETE:/levelEvolution/{id}');
INSERT INTO `sys_resource` VALUES ('abb48abd102deb57718e6210fd5b55f9', '矿权情况编辑', '/mineralright/{id}', 'PUT', '1', '2019-11-16 12:43:31', 'PUT:/mineralright/{id}');
INSERT INTO `sys_resource` VALUES ('abe8fd7846f776abf7f9a52778a48cf0', '专家导游删除', '/parklibrary/{id}', 'DELETE', '1', '2019-11-16 12:43:31', 'DELETE:/parklibrary/{id}');
INSERT INTO `sys_resource` VALUES ('af29194331dabc32c641585380ff714f', '游客统计查询(分页)', '/gueststat/page', 'GET', '3', '2019-11-16 12:43:30', 'GET:/gueststat/page');
INSERT INTO `sys_resource` VALUES ('af63a08383a750461f23208b6d99bfc1', '重叠情况编辑', '/overlapping/{id}', 'PUT', '1', '2019-11-16 12:43:31', 'PUT:/overlapping/{id}');
INSERT INTO `sys_resource` VALUES ('b0b5dc6a4d472e5160e289eee92ad5d4', '公园查询(列表)', '/park/list', 'GET', '3', '2019-11-16 12:43:31', 'GET:/park/list');
INSERT INTO `sys_resource` VALUES ('b11f70e89e5f1fd419cce8af6f632e92', 'openApi自然景观详情', '/openApi/naturallandscapeInfo1', 'GET', '2', '2019-11-16 12:43:31', 'GET:/openApi/naturallandscapeInfo1');
INSERT INTO `sys_resource` VALUES ('b42c4411f27e50bafc6094b31b323996', '自然景观删除', '/naturallandscape/{id}', 'DELETE', '1', '2019-11-16 12:43:31', 'DELETE:/naturallandscape/{id}');
INSERT INTO `sys_resource` VALUES ('b4a89208a3f348ad68f57a0ca16c94ec', '公园删除', '/park/{id}', 'DELETE', '1', '2019-11-16 12:43:31', 'DELETE:/park/{id}');
INSERT INTO `sys_resource` VALUES ('b5bd54c21e5412a49f4f656c8f33f77b', '人文景观添加', '/humanlandscape', 'POST', '1', '2019-11-16 12:43:30', 'POST:/humanlandscape');
INSERT INTO `sys_resource` VALUES ('b74d54f1f4be2958369a704a50f6900a', '交流互展添加', '/exchangeexhibition', 'POST', '3', '2019-11-16 12:43:30', 'POST:/exchangeexhibition');
INSERT INTO `sys_resource` VALUES ('b799b91c2cb5d49953a7308c93aef3e6', '人文展品删除', '/humenexhibit/{id}', 'DELETE', '1', '2019-11-16 12:43:30', 'DELETE:/humenexhibit/{id}');
INSERT INTO `sys_resource` VALUES ('b7b1c22076c0d28c8d0fe4c0b09b6a6e', '角色编辑', '/role/{id}', 'PUT', '3', '2019-11-16 12:43:31', 'PUT:/role/{id}');
INSERT INTO `sys_resource` VALUES ('b9766aef2e0a38ab87f640ca592c3569', '科普作品删除', '/sciencework/{id}', 'DELETE', '1', '2019-11-16 12:43:31', 'DELETE:/sciencework/{id}');
INSERT INTO `sys_resource` VALUES ('bab73118731876a830ed12630846422d', '博物馆展厅查询(分页)', '/museumexhibition/page', 'GET', '1', '2019-11-16 12:43:31', 'GET:/museumexhibition/page');
INSERT INTO `sys_resource` VALUES ('bb72308d143b0fc7a397e2756fbc8d6f', 'openApi人文景观列表', '/openApi/humanlandscapeList', 'GET', '2', '2019-11-16 12:43:31', 'GET:/openApi/humanlandscapeList');
INSERT INTO `sys_resource` VALUES ('bc90809c5084a45eda6ece88e426d0b8', '生态环境删除', '/ecosystem/{id}', 'DELETE', '1', '2019-11-16 12:43:30', 'DELETE:/ecosystem/{id}');
INSERT INTO `sys_resource` VALUES ('c07e596b621d912b559f5b9853436d8c', '级别沿革添加', '/levelEvolution', 'POST', '3', '2019-11-16 12:43:31', 'POST:/levelEvolution');
INSERT INTO `sys_resource` VALUES ('c2db9729dcd4a7d703e45411bb445dfd', '账户密码修改', '/account/password', 'PUT', '1', '2019-11-16 12:43:31', 'PUT:/account/password');
INSERT INTO `sys_resource` VALUES ('c360a16bbc9b4c5a8378d48bb1fa4ffd', '专题研究删除', '/parktopic/{id}', 'DELETE', '1', '2019-11-16 12:43:31', 'DELETE:/parktopic/{id}');
INSERT INTO `sys_resource` VALUES ('c7e7ed1fdcc753f9fb5aab85bc639da6', '社会经济状况编辑', '/socialeconomy/{id}', 'PUT', '1', '2019-11-16 12:43:31', 'PUT:/socialeconomy/{id}');
INSERT INTO `sys_resource` VALUES ('c83ae91d496426d8dc8c8d265f959cd0', '重叠情况查询(分页)', '/overlapping/page', 'GET', '1', '2019-11-16 12:43:31', 'GET:/overlapping/page');
INSERT INTO `sys_resource` VALUES ('ca6fc80fa67b8178d040d951efed929e', '展板删除', '/displayboard/{id}', 'DELETE', '1', '2019-11-16 12:43:30', 'DELETE:/displayboard/{id}');
INSERT INTO `sys_resource` VALUES ('cb5c88079e3665683307a99ee46a865e', '导入xls', '/importBackup/xls', 'POST', '1', '2019-11-16 12:43:30', 'POST:/importBackup/xls');
INSERT INTO `sys_resource` VALUES ('cc88c5473c49ef83cad40ab279db16bf', '标示解说查询(分页)', '/commentary/page', 'GET', '1', '2019-11-16 12:43:30', 'GET:/commentary/page');
INSERT INTO `sys_resource` VALUES ('cd38b16c4c608d8427e822bb2359ea9c', '重点保护对象编辑', '/majorProtection/{id}', 'PUT', '3', '2019-11-16 12:43:31', 'PUT:/majorProtection/{id}');
INSERT INTO `sys_resource` VALUES ('cd6de4b154e91389697aaa16f9e70f03', '地质标本查询(分页)', '/geospecimen/page', 'GET', '1', '2019-11-16 12:43:30', 'GET:/geospecimen/page');
INSERT INTO `sys_resource` VALUES ('cf2f5e841d1fa963c3a511c4ea23c6b8', '科研论文添加', '/researchpaper', 'POST', '1', '2019-11-16 12:43:31', 'POST:/researchpaper');
INSERT INTO `sys_resource` VALUES ('cf644f767183f7940a094d82fd075ed5', '影像资料删除', '/vediodocs/{id}', 'DELETE', '3', '2019-11-16 12:43:31', 'DELETE:/vediodocs/{id}');
INSERT INTO `sys_resource` VALUES ('d1cee74a3c8ecc212ec1fbfffd7d4b7a', '缔结姊妹公园添加', '/parkrelation', 'POST', '3', '2019-11-16 12:43:31', 'POST:/parkrelation');
INSERT INTO `sys_resource` VALUES ('d245ace645ea40e898178ee13c24297f', '用户密码重置', '/user/{id}/password', 'PUT', '3', '2019-11-16 12:43:31', 'PUT:/user/{id}/password');
INSERT INTO `sys_resource` VALUES ('d260fc5e4c10a4fbd1661acb739c6119', '矿权情况删除', '/mineralright/{id}', 'DELETE', '1', '2019-11-16 12:43:31', 'DELETE:/mineralright/{id}');
INSERT INTO `sys_resource` VALUES ('d289b64ef206771d89ed2670d93049b9', '地质遗迹景观添加', '/geolandscape', 'POST', '1', '2019-11-16 12:43:30', 'POST:/geolandscape');
INSERT INTO `sys_resource` VALUES ('d374ba0bb7e6ed122a2c04cbdb759b81', '人文展品查询(分页)', '/humenexhibit/page', 'GET', '1', '2019-11-16 12:43:30', 'GET:/humenexhibit/page');
INSERT INTO `sys_resource` VALUES ('d3ec728a0d9d66b8351cd0278962a384', '图片资料编辑', '/picdocs/{id}', 'PUT', '3', '2019-11-16 12:43:31', 'PUT:/picdocs/{id}');
INSERT INTO `sys_resource` VALUES ('d431b135887822c5c012561c96f1ec84', '生态环境编辑', '/ecosystem/{id}', 'PUT', '1', '2019-11-16 12:43:30', 'PUT:/ecosystem/{id}');
INSERT INTO `sys_resource` VALUES ('d4dcfc78a6b0f5f84ede3740b391825f', '社会经济状况删除', '/socialeconomy/{id}', 'DELETE', '1', '2019-11-16 12:43:31', 'DELETE:/socialeconomy/{id}');
INSERT INTO `sys_resource` VALUES ('d6119390317deda395c1487d401dd47f', '管理人员删除', '/manageperson/{id}', 'DELETE', '1', '2019-11-16 12:43:31', 'DELETE:/manageperson/{id}');
INSERT INTO `sys_resource` VALUES ('d7b1e397718a5e2bb30ee16d81fe8839', '展板编辑', '/displayboard/{id}', 'PUT', '1', '2019-11-16 12:43:30', 'PUT:/displayboard/{id}');
INSERT INTO `sys_resource` VALUES ('d81bffa6ffd70cc443703820b5a95e8d', '账户菜单', '/account/menus', 'GET', '1', '2019-11-16 12:43:31', 'GET:/account/menus');
INSERT INTO `sys_resource` VALUES ('d83a249e0e0ed84806ecba2fd8c7148d', '菜单父级查询(下拉框)', '/menu/combos', 'GET', '3', '2019-11-16 12:43:31', 'GET:/menu/combos');
INSERT INTO `sys_resource` VALUES ('d8544217f479cfb39559e4b94f413aaa', '资源查询(所有)', '/resource/list', 'GET', '3', '2019-11-16 12:43:31', 'GET:/resource/list');
INSERT INTO `sys_resource` VALUES ('daf677b9a072da770861e943f3daf5b1', '级别沿革查询(分页)', '/levelEvolution/page', 'GET', '3', '2019-11-16 12:43:31', 'GET:/levelEvolution/page');
INSERT INTO `sys_resource` VALUES ('dcd22be9d250bc20abed2b5390259a3f', '自然景观查询(分页)', '/naturallandscape/page', 'GET', '1', '2019-11-16 12:43:31', 'GET:/naturallandscape/page');
INSERT INTO `sys_resource` VALUES ('dd00babb9be667747337654d68354531', '科普活动编辑', '/scienceactivity/{id}', 'PUT', '1', '2019-11-16 12:43:31', 'PUT:/scienceactivity/{id}');
INSERT INTO `sys_resource` VALUES ('ddf4e3fd39264da50eec54cfd02731f4', '角色删除', '/role/{id}', 'DELETE', '3', '2019-11-16 12:43:31', 'DELETE:/role/{id}');
INSERT INTO `sys_resource` VALUES ('de16f2ea5e499ebcb81154efec1d2df4', '游客统计添加', '/gueststat', 'POST', '3', '2019-11-16 12:43:30', 'POST:/gueststat');
INSERT INTO `sys_resource` VALUES ('de2199682fdb8768d3dada69bf282f63', '管理机构查询(分页)', '/managementagency/page', 'GET', '1', '2019-11-16 12:43:31', 'GET:/managementagency/page');
INSERT INTO `sys_resource` VALUES ('de8b6406105c3ea1c71de78e0870595e', '菜单状态设置', '/menu/{id}/status', 'PUT', '3', '2019-11-16 12:43:31', 'PUT:/menu/{id}/status');
INSERT INTO `sys_resource` VALUES ('dfdff4d1f7e710eb21962c2f6df810b4', '管理人员查询(分页)', '/manageperson/page', 'GET', '1', '2019-11-16 12:43:31', 'GET:/manageperson/page');
INSERT INTO `sys_resource` VALUES ('e113d9ae14c1ba583228d0974ccdfab1', '地质遗迹景观编辑', '/geolandscape/{id}', 'PUT', '1', '2019-11-16 12:43:30', 'PUT:/geolandscape/{id}');
INSERT INTO `sys_resource` VALUES ('e30c230ef0dae4a06c9a6b7c43bf2f68', '专著编辑', '/monograph/{id}', 'PUT', '3', '2019-11-16 12:43:31', 'PUT:/monograph/{id}');
INSERT INTO `sys_resource` VALUES ('e36b38131920da615eeb94c1919b2b7d', '级别沿革编辑', '/levelEvolution/{id}', 'PUT', '3', '2019-11-16 12:43:31', 'PUT:/levelEvolution/{id}');
INSERT INTO `sys_resource` VALUES ('e39c62db55dba9e58d9f996096e97c63', '专家导游添加', '/parklibrary', 'POST', '1', '2019-11-16 12:43:31', 'POST:/parklibrary');
INSERT INTO `sys_resource` VALUES ('e4a72fa73c2e948389a9a474aac8696a', '生物多样性查询(分页)', '/biodiversity/page', 'GET', '3', '2019-11-16 12:43:30', 'GET:/biodiversity/page');
INSERT INTO `sys_resource` VALUES ('e6785c61264683eaa3e7b6bcd5190f69', '法律法规添加', '/legal', 'POST', '1', '2019-11-16 12:43:30', 'POST:/legal');
INSERT INTO `sys_resource` VALUES ('e742172f7e82773b48f7075ffbf3060c', 'openApi地质遗迹景观详情', '/openApi/geolandscapeInfo1', 'GET', '2', '2019-11-16 12:43:31', 'GET:/openApi/geolandscapeInfo1');
INSERT INTO `sys_resource` VALUES ('e78940daf86b9ac5563d539e8802429c', '账户详情', '/account/info', 'GET', '1', '2019-11-16 12:43:31', 'GET:/account/info');
INSERT INTO `sys_resource` VALUES ('e78b1e45561db580a21ebe962414aaa9', '自然景观添加', '/naturallandscape', 'POST', '1', '2019-11-16 12:43:31', 'POST:/naturallandscape');
INSERT INTO `sys_resource` VALUES ('e8294671c0aeae7195fc3c43e2457436', '生物标本查询(分页)', '/biospecimen/page', 'GET', '1', '2019-11-16 12:43:30', 'GET:/biospecimen/page');
INSERT INTO `sys_resource` VALUES ('e94e936ee35513a5cbaa0b670a806677', '博物馆基本情况添加', '/museum', 'POST', '1', '2019-11-16 12:43:31', 'POST:/museum');
INSERT INTO `sys_resource` VALUES ('ea1ff9435f36746204efc424f2386a3e', '地质背景查询(分页)', '/geological/page', 'GET', '1', '2019-11-16 12:43:30', 'GET:/geological/page');
INSERT INTO `sys_resource` VALUES ('eb0766e055b34846e6f0e8a003dc0f51', '产品推介删除', '/production/{id}', 'DELETE', '3', '2019-11-16 12:43:31', 'DELETE:/production/{id}');
INSERT INTO `sys_resource` VALUES ('ec06a315849b5fe61ea032f908e04998', 'openApi人文景观详情', '/openApi/humanlandscapeInfo1', 'GET', '2', '2019-11-16 12:43:31', 'GET:/openApi/humanlandscapeInfo1');
INSERT INTO `sys_resource` VALUES ('ed55f5b013de450fa8317eb04bdc039a', '生物多样性添加', '/biodiversity', 'POST', '3', '2019-11-16 12:43:30', 'POST:/biodiversity');
INSERT INTO `sys_resource` VALUES ('eed40b7746f536ba707e8c7b3bc3d600', '公园信息添加', '/parkinfo', 'POST', '3', '2019-11-16 12:43:31', 'POST:/parkinfo');
INSERT INTO `sys_resource` VALUES ('ef0c2202d21ea0a946a1aa1fc96b1099', '交流互展删除', '/exchangeexhibition/{id}', 'DELETE', '3', '2019-11-16 12:43:30', 'DELETE:/exchangeexhibition/{id}');
INSERT INTO `sys_resource` VALUES ('f084f47ab2ec0ce7d2846ca0465f9926', '采样信息查询(分页)', '/sampling/page', 'GET', '1', '2019-11-16 12:43:31', 'GET:/sampling/page');
INSERT INTO `sys_resource` VALUES ('f11ce5f9757df03f88b94a924c1f3512', '导出xls', '/exportxls', 'GET', '1', '2019-11-16 12:43:30', 'GET:/exportxls');
INSERT INTO `sys_resource` VALUES ('f4912e9c64d9c95d761a642caac77a3c', '地灾信息添加', '/earthquake', 'POST', '1', '2019-11-16 12:43:30', 'POST:/earthquake');
INSERT INTO `sys_resource` VALUES ('f4b369788d0d337b34bfe8e763168124', 'openApi自然景观详情', '/openApi/naturallandscapeInfo', 'GET', '2', '2019-11-16 12:43:31', 'GET:/openApi/naturallandscapeInfo');
INSERT INTO `sys_resource` VALUES ('f86b169919bf24ce08507f2dcea7de8f', '标示解说编辑', '/commentary/{id}', 'PUT', '1', '2019-11-16 12:43:30', 'PUT:/commentary/{id}');
INSERT INTO `sys_resource` VALUES ('f880f8a35613b38182612a061291f8a5', '菜单查询(所有)', '/menu/list', 'GET', '3', '2019-11-16 12:43:31', 'GET:/menu/list');
INSERT INTO `sys_resource` VALUES ('f8afb5ec48a65cb7c9cd7e9372118748', '生态环境添加', '/ecosystem', 'POST', '1', '2019-11-16 12:43:30', 'POST:/ecosystem');
INSERT INTO `sys_resource` VALUES ('fad1ecbafb22f1ac0f63486d71393745', '用户查询(分页)', '/user/page', 'GET', '3', '2019-11-16 12:43:31', 'GET:/user/page');
INSERT INTO `sys_resource` VALUES ('fcefc2a889894309e8eaff8f5762240a', '法律法规编辑', '/legal/{id}', 'PUT', '1', '2019-11-16 12:43:30', 'PUT:/legal/{id}');
INSERT INTO `sys_resource` VALUES ('fd1c22d987d0c74044917917a85acfdc', '矿权情况添加', '/mineralright', 'POST', '1', '2019-11-16 12:43:31', 'POST:/mineralright');
INSERT INTO `sys_resource` VALUES ('fdbe8e0f7ae93c33c165fdbc68fdb719', '社会经济状况查询(分页)', '/socialeconomy/page', 'GET', '1', '2019-11-16 12:43:31', 'GET:/socialeconomy/page');
INSERT INTO `sys_resource` VALUES ('fe7a8147c0721226e5de8e3e8f6ebf93', '专家导游查询(分页)', '/parklibrary/page', 'GET', '1', '2019-11-16 12:43:31', 'GET:/parklibrary/page');
INSERT INTO `sys_resource` VALUES ('ffdbcf5be43ec6452a9b568c833f8f0a', '法律法规删除', '/legal/{id}', 'DELETE', '1', '2019-11-16 12:43:30', 'DELETE:/legal/{id}');

-- ----------------------------
-- Table structure for sys_role
-- ----------------------------
DROP TABLE IF EXISTS `sys_role`;
CREATE TABLE `sys_role` (
  `id` int(11) NOT NULL AUTO_INCREMENT,
  `role_name` varchar(64) CHARACTER SET utf8mb4 COLLATE utf8mb4_bin NOT NULL COMMENT '角色名称',
  `create_uid` int(11) NOT NULL COMMENT '创建者ID',
  `update_uid` int(11) NOT NULL COMMENT '修改者ID',
  `create_time` datetime NOT NULL COMMENT '创建时间',
  `update_time` datetime NOT NULL COMMENT '修改时间',
  `remark` varchar(128) CHARACTER SET utf8mb4 COLLATE utf8mb4_bin DEFAULT NULL COMMENT '备注',
  PRIMARY KEY (`id`)
) ENGINE=InnoDB AUTO_INCREMENT=3 DEFAULT CHARSET=utf8mb4 COMMENT='角色表';

-- ----------------------------
-- Records of sys_role
-- ----------------------------
INSERT INTO `sys_role` VALUES ('1', '超级管理员', '1', '1', '2018-11-12 15:59:43', '2018-11-12 15:59:47', '超级管理员');
INSERT INTO `sys_role` VALUES ('2', '普通管理员', '1', '1', '2018-11-12 16:00:17', '2018-11-12 16:00:19', '普通管理员');

-- ----------------------------
-- Table structure for sys_role_menu
-- ----------------------------
DROP TABLE IF EXISTS `sys_role_menu`;
CREATE TABLE `sys_role_menu` (
  `id` int(11) NOT NULL AUTO_INCREMENT,
  `role_id` int(11) NOT NULL COMMENT '角色ID',
  `menu_id` int(11) NOT NULL COMMENT '菜单ID',
  PRIMARY KEY (`id`)
) ENGINE=InnoDB AUTO_INCREMENT=2209 DEFAULT CHARSET=utf8mb4 COMMENT='角色菜单关系表';

-- ----------------------------
-- Records of sys_role_menu
-- ----------------------------
INSERT INTO `sys_role_menu` VALUES ('2100', '1', '1');
INSERT INTO `sys_role_menu` VALUES ('2101', '1', '7');
INSERT INTO `sys_role_menu` VALUES ('2102', '1', '8');
INSERT INTO `sys_role_menu` VALUES ('2103', '1', '9');
INSERT INTO `sys_role_menu` VALUES ('2104', '1', '10');
INSERT INTO `sys_role_menu` VALUES ('2105', '1', '11');
INSERT INTO `sys_role_menu` VALUES ('2106', '1', '2');
INSERT INTO `sys_role_menu` VALUES ('2107', '1', '3');
INSERT INTO `sys_role_menu` VALUES ('2108', '1', '4');
INSERT INTO `sys_role_menu` VALUES ('2109', '1', '5');
INSERT INTO `sys_role_menu` VALUES ('2110', '1', '6');
INSERT INTO `sys_role_menu` VALUES ('2111', '1', '12');
INSERT INTO `sys_role_menu` VALUES ('2112', '1', '13');
INSERT INTO `sys_role_menu` VALUES ('2113', '1', '14');
INSERT INTO `sys_role_menu` VALUES ('2114', '1', '15');
INSERT INTO `sys_role_menu` VALUES ('2115', '1', '16');
INSERT INTO `sys_role_menu` VALUES ('2116', '1', '17');
INSERT INTO `sys_role_menu` VALUES ('2117', '1', '18');
INSERT INTO `sys_role_menu` VALUES ('2118', '1', '19');
INSERT INTO `sys_role_menu` VALUES ('2119', '1', '20');
INSERT INTO `sys_role_menu` VALUES ('2120', '1', '21');
INSERT INTO `sys_role_menu` VALUES ('2121', '1', '22');
INSERT INTO `sys_role_menu` VALUES ('2122', '1', '26');
INSERT INTO `sys_role_menu` VALUES ('2123', '1', '23');
INSERT INTO `sys_role_menu` VALUES ('2124', '1', '32');
INSERT INTO `sys_role_menu` VALUES ('2125', '1', '33');
INSERT INTO `sys_role_menu` VALUES ('2126', '1', '34');
INSERT INTO `sys_role_menu` VALUES ('2127', '1', '35');
INSERT INTO `sys_role_menu` VALUES ('2128', '1', '51');
INSERT INTO `sys_role_menu` VALUES ('2129', '1', '71');
INSERT INTO `sys_role_menu` VALUES ('2130', '1', '52');
INSERT INTO `sys_role_menu` VALUES ('2131', '1', '73');
INSERT INTO `sys_role_menu` VALUES ('2132', '1', '24');
INSERT INTO `sys_role_menu` VALUES ('2133', '1', '77');
INSERT INTO `sys_role_menu` VALUES ('2134', '1', '82');
INSERT INTO `sys_role_menu` VALUES ('2135', '1', '31');
INSERT INTO `sys_role_menu` VALUES ('2136', '1', '56');
INSERT INTO `sys_role_menu` VALUES ('2137', '1', '57');
INSERT INTO `sys_role_menu` VALUES ('2138', '1', '25');
INSERT INTO `sys_role_menu` VALUES ('2139', '1', '53');
INSERT INTO `sys_role_menu` VALUES ('2140', '1', '54');
INSERT INTO `sys_role_menu` VALUES ('2141', '1', '72');
INSERT INTO `sys_role_menu` VALUES ('2142', '1', '55');
INSERT INTO `sys_role_menu` VALUES ('2143', '1', '58');
INSERT INTO `sys_role_menu` VALUES ('2144', '1', '78');
INSERT INTO `sys_role_menu` VALUES ('2145', '1', '84');
INSERT INTO `sys_role_menu` VALUES ('2146', '1', '30');
INSERT INTO `sys_role_menu` VALUES ('2147', '1', '46');
INSERT INTO `sys_role_menu` VALUES ('2148', '1', '79');
INSERT INTO `sys_role_menu` VALUES ('2149', '1', '47');
INSERT INTO `sys_role_menu` VALUES ('2150', '1', '48');
INSERT INTO `sys_role_menu` VALUES ('2151', '1', '49');
INSERT INTO `sys_role_menu` VALUES ('2152', '1', '50');
INSERT INTO `sys_role_menu` VALUES ('2153', '1', '83');
INSERT INTO `sys_role_menu` VALUES ('2154', '1', '29');
INSERT INTO `sys_role_menu` VALUES ('2155', '1', '36');
INSERT INTO `sys_role_menu` VALUES ('2156', '1', '37');
INSERT INTO `sys_role_menu` VALUES ('2157', '1', '38');
INSERT INTO `sys_role_menu` VALUES ('2158', '1', '39');
INSERT INTO `sys_role_menu` VALUES ('2159', '1', '45');
INSERT INTO `sys_role_menu` VALUES ('2160', '1', '85');
INSERT INTO `sys_role_menu` VALUES ('2161', '1', '74');
INSERT INTO `sys_role_menu` VALUES ('2162', '1', '76');
INSERT INTO `sys_role_menu` VALUES ('2163', '1', '75');
INSERT INTO `sys_role_menu` VALUES ('2164', '1', '80');
INSERT INTO `sys_role_menu` VALUES ('2165', '1', '81');
INSERT INTO `sys_role_menu` VALUES ('2166', '2', '22');
INSERT INTO `sys_role_menu` VALUES ('2167', '2', '26');
INSERT INTO `sys_role_menu` VALUES ('2168', '2', '23');
INSERT INTO `sys_role_menu` VALUES ('2169', '2', '32');
INSERT INTO `sys_role_menu` VALUES ('2170', '2', '33');
INSERT INTO `sys_role_menu` VALUES ('2171', '2', '34');
INSERT INTO `sys_role_menu` VALUES ('2172', '2', '35');
INSERT INTO `sys_role_menu` VALUES ('2173', '2', '51');
INSERT INTO `sys_role_menu` VALUES ('2174', '2', '71');
INSERT INTO `sys_role_menu` VALUES ('2175', '2', '52');
INSERT INTO `sys_role_menu` VALUES ('2176', '2', '73');
INSERT INTO `sys_role_menu` VALUES ('2177', '2', '24');
INSERT INTO `sys_role_menu` VALUES ('2178', '2', '77');
INSERT INTO `sys_role_menu` VALUES ('2179', '2', '82');
INSERT INTO `sys_role_menu` VALUES ('2180', '2', '31');
INSERT INTO `sys_role_menu` VALUES ('2181', '2', '56');
INSERT INTO `sys_role_menu` VALUES ('2182', '2', '57');
INSERT INTO `sys_role_menu` VALUES ('2183', '2', '25');
INSERT INTO `sys_role_menu` VALUES ('2184', '2', '53');
INSERT INTO `sys_role_menu` VALUES ('2185', '2', '54');
INSERT INTO `sys_role_menu` VALUES ('2186', '2', '72');
INSERT INTO `sys_role_menu` VALUES ('2187', '2', '55');
INSERT INTO `sys_role_menu` VALUES ('2188', '2', '58');
INSERT INTO `sys_role_menu` VALUES ('2189', '2', '78');
INSERT INTO `sys_role_menu` VALUES ('2190', '2', '84');
INSERT INTO `sys_role_menu` VALUES ('2191', '2', '30');
INSERT INTO `sys_role_menu` VALUES ('2192', '2', '46');
INSERT INTO `sys_role_menu` VALUES ('2193', '2', '79');
INSERT INTO `sys_role_menu` VALUES ('2194', '2', '47');
INSERT INTO `sys_role_menu` VALUES ('2195', '2', '48');
INSERT INTO `sys_role_menu` VALUES ('2196', '2', '49');
INSERT INTO `sys_role_menu` VALUES ('2197', '2', '50');
INSERT INTO `sys_role_menu` VALUES ('2198', '2', '83');
INSERT INTO `sys_role_menu` VALUES ('2199', '2', '29');
INSERT INTO `sys_role_menu` VALUES ('2200', '2', '36');
INSERT INTO `sys_role_menu` VALUES ('2201', '2', '37');
INSERT INTO `sys_role_menu` VALUES ('2202', '2', '38');
INSERT INTO `sys_role_menu` VALUES ('2203', '2', '39');
INSERT INTO `sys_role_menu` VALUES ('2204', '2', '45');
INSERT INTO `sys_role_menu` VALUES ('2205', '2', '85');
INSERT INTO `sys_role_menu` VALUES ('2206', '2', '74');
INSERT INTO `sys_role_menu` VALUES ('2207', '2', '76');
INSERT INTO `sys_role_menu` VALUES ('2208', '2', '75');

-- ----------------------------
-- Table structure for sys_role_resource
-- ----------------------------
DROP TABLE IF EXISTS `sys_role_resource`;
CREATE TABLE `sys_role_resource` (
  `id` int(11) NOT NULL AUTO_INCREMENT,
  `role_id` int(11) NOT NULL COMMENT '角色ID',
  `resource_id` varchar(32) NOT NULL COMMENT '菜单ID',
  PRIMARY KEY (`id`)
) ENGINE=InnoDB DEFAULT CHARSET=utf8mb4 COMMENT='角色资源关系表';

-- ----------------------------
-- Records of sys_role_resource
-- ----------------------------

-- ----------------------------
-- Table structure for sys_user
-- ----------------------------
DROP TABLE IF EXISTS `sys_user`;
CREATE TABLE `sys_user` (
  `uid` int(11) NOT NULL AUTO_INCREMENT,
  `nickname` varchar(50) NOT NULL COMMENT '用户名',
  `email` varchar(100) DEFAULT NULL COMMENT '邮箱',
  `phone` varchar(11) DEFAULT NULL COMMENT '手机',
  `status` smallint(2) NOT NULL COMMENT '状态 0：禁用 1：正常',
  `create_uid` int(11) NOT NULL COMMENT '创建者ID',
  `create_time` datetime NOT NULL COMMENT '创建时间',
  `update_time` datetime NOT NULL COMMENT '修改时间',
  `login_name` varchar(16) NOT NULL COMMENT '登陆名',
  `password` varchar(64) NOT NULL COMMENT '密码',
  `ip` varchar(32) DEFAULT NULL COMMENT 'IP地址',
  PRIMARY KEY (`uid`)
) ENGINE=InnoDB AUTO_INCREMENT=4 DEFAULT CHARSET=utf8mb4 COMMENT='系统用户表';

-- ----------------------------
-- Records of sys_user
-- ----------------------------
INSERT INTO `sys_user` VALUES ('1', '超级管理员', 'root@163.com', '13866668888', '0', '1', '2019-08-23 10:56:12', '2019-11-16 12:39:23', 'admin', '$apr1$admin$Sl27Fb32LUppR7w2Ovw4V/', '127.0.0.1');
INSERT INTO `sys_user` VALUES ('2', '阿大', '8888@163.com', '13888888888', '0', '1', '2019-08-23 10:57:17', '2019-08-23 10:57:17', 'lichee', '$apr1$lichee$2XUDSi4pQtv7EUyYcswB91', '127.0.0.1');
INSERT INTO `sys_user` VALUES ('3', '李勇', '946509621@qq.com', '17723321245', '0', '1', '2019-09-17 17:31:06', '2019-09-18 17:59:54', 'liyong', '$apr1$liyong$f4uNIOJAUPQKwkBTU.QyD/', '127.0.0.1');

-- ----------------------------
-- Table structure for sys_user_role
-- ----------------------------
DROP TABLE IF EXISTS `sys_user_role`;
CREATE TABLE `sys_user_role` (
  `id` int(11) NOT NULL AUTO_INCREMENT,
  `uid` int(11) DEFAULT NULL COMMENT '用户ID',
  `role_id` int(11) DEFAULT NULL COMMENT '角色ID',
  PRIMARY KEY (`id`)
) ENGINE=InnoDB AUTO_INCREMENT=4 DEFAULT CHARSET=utf8mb4 COMMENT='系统用户角色关系表';

-- ----------------------------
-- Records of sys_user_role
-- ----------------------------
INSERT INTO `sys_user_role` VALUES ('1', '1', '1');
INSERT INTO `sys_user_role` VALUES ('2', '2', '2');
INSERT INTO `sys_user_role` VALUES ('3', '3', '2');

-- ----------------------------
-- Table structure for task
-- ----------------------------
DROP TABLE IF EXISTS `task`;
CREATE TABLE `task` (
  `id` int(11) NOT NULL AUTO_INCREMENT COMMENT 'id',
  `task_name` varchar(100) DEFAULT NULL COMMENT '名字',
  `task_note` varchar(200) DEFAULT NULL COMMENT '描述',
  `create_time` datetime NOT NULL COMMENT '创建时间',
  `status` smallint(1) NOT NULL COMMENT '状态：\r\n1. 任务未开始\r\n2. 任务进行中\r\n3. 任务完成\r\n4. 任务失败',
  PRIMARY KEY (`id`)
) ENGINE=InnoDB AUTO_INCREMENT=50 DEFAULT CHARSET=utf8mb4;

-- ----------------------------
-- Records of task
-- ----------------------------
INSERT INTO `task` VALUES ('2', '任务名称', '任务描述', '2019-07-22 11:09:46', '2');
INSERT INTO `task` VALUES ('3', '任务名称', '任务描述', '2019-07-22 11:10:41', '1');
INSERT INTO `task` VALUES ('4', '任务名称', '任务描述', '2019-07-22 11:12:02', '1');
INSERT INTO `task` VALUES ('5', '任务名称', '任务描述', '2019-07-22 11:12:07', '1');
INSERT INTO `task` VALUES ('6', '任务名称', '任务描述', '2019-07-22 11:12:12', '1');
INSERT INTO `task` VALUES ('7', '任务名称', '任务描述', '2019-07-22 11:12:15', '1');
INSERT INTO `task` VALUES ('8', '任务名称', '任务描述', '2019-07-22 11:12:18', '1');
INSERT INTO `task` VALUES ('9', '任务名称', '任务描述', '2019-07-22 11:12:20', '1');
INSERT INTO `task` VALUES ('10', '任务名称', '任务描述', '2019-07-22 11:12:23', '1');
INSERT INTO `task` VALUES ('11', '任务名称', '任务描述', '2019-07-03 11:12:28', '1');
INSERT INTO `task` VALUES ('12', '任务名称', '任务描述', '2019-07-22 11:13:59', '1');
INSERT INTO `task` VALUES ('13', '任务名称', '任务描述', '2019-07-22 11:17:14', '1');
INSERT INTO `task` VALUES ('14', '任务名称', '任务描述', '2019-07-22 14:04:37', '4');
INSERT INTO `task` VALUES ('15', '任务名称', '任务描述', '2019-07-22 14:22:32', '1');
INSERT INTO `task` VALUES ('17', '任务名称', '任务描述', '2019-07-24 15:30:32', '1');
INSERT INTO `task` VALUES ('18', '任务名称', '任务描述', '2019-07-24 15:31:01', '1');
INSERT INTO `task` VALUES ('19', '任务名称', '任务描述', '2019-07-24 15:31:19', '1');
INSERT INTO `task` VALUES ('20', '任务名称', '任务描述', '2019-07-24 15:36:31', '1');
INSERT INTO `task` VALUES ('21', '任务名称', '任务描述', '2019-07-24 15:40:57', '1');
INSERT INTO `task` VALUES ('22', '任务名称', '任务描述', '2019-07-24 15:41:03', '1');
INSERT INTO `task` VALUES ('23', '任务名称', '任务描述', '2019-07-24 15:46:14', '1');
INSERT INTO `task` VALUES ('24', '任务名称', '任务描述', '2019-07-24 15:46:41', '1');
INSERT INTO `task` VALUES ('25', '任务名称', '任务描述', '2019-07-24 15:51:14', '1');
INSERT INTO `task` VALUES ('26', '任务名称', '任务描述', '2019-07-24 16:06:24', '1');
INSERT INTO `task` VALUES ('27', '任务名称', '任务描述', '2019-07-24 16:06:28', '1');
INSERT INTO `task` VALUES ('28', '任务名称', '任务描述', '2019-07-24 16:08:10', '1');
INSERT INTO `task` VALUES ('29', '任务名称', '任务描述', '2019-07-24 16:09:37', '1');
INSERT INTO `task` VALUES ('30', '任务名称', '任务描述', '2019-07-24 16:10:41', '1');
INSERT INTO `task` VALUES ('33', '任务名称', '任务描述', '2019-07-24 16:12:02', '1');
INSERT INTO `task` VALUES ('35', '任务名称', '任务描述', '2019-07-24 16:18:50', '1');
INSERT INTO `task` VALUES ('36', '任务名称', '任务描述', '2019-07-24 16:19:35', '1');
INSERT INTO `task` VALUES ('37', '任务名称', '任务描述', '2019-07-24 16:23:58', '1');
INSERT INTO `task` VALUES ('38', '任务名称', '任务描述', '2019-07-24 16:24:13', '1');
INSERT INTO `task` VALUES ('39', '任务名称', '任务描述', '2019-07-24 17:02:18', '1');
INSERT INTO `task` VALUES ('41', '任务名称', '任务描述', '2019-07-24 17:02:42', '1');
INSERT INTO `task` VALUES ('42', '任务名称', '任务描述', '2019-07-25 18:01:48', '1');
INSERT INTO `task` VALUES ('43', '任务名称', '任务描述', '2019-07-25 18:02:48', '1');
INSERT INTO `task` VALUES ('44', '任务名称', '任务描述', '2019-08-14 17:14:36', '2');
INSERT INTO `task` VALUES ('45', '任务名称11', '任务描述11', '2019-08-26 11:56:53', '2');
INSERT INTO `task` VALUES ('49', '任务名称22', '任务描述22', '2019-08-26 15:12:54', '1');

-- ----------------------------
-- Table structure for vediodocs
-- ----------------------------
DROP TABLE IF EXISTS `vediodocs`;
CREATE TABLE `vediodocs` (
  `id` int(11) NOT NULL AUTO_INCREMENT,
  `park_id` int(10) NOT NULL COMMENT '地质公园ID',
  `number` varchar(256) DEFAULT NULL COMMENT '文件编号',
  `docname` varchar(256) DEFAULT NULL COMMENT '文件名称',
  `publishtime` varchar(256) DEFAULT NULL COMMENT '发布时间',
  `unit` varchar(256) DEFAULT NULL COMMENT '发布单位',
  `url` text COMMENT '存储地址',
  `note` text COMMENT '文件描述',
  PRIMARY KEY (`id`) USING BTREE
) ENGINE=InnoDB AUTO_INCREMENT=2 DEFAULT CHARSET=utf8 ROW_FORMAT=DYNAMIC COMMENT='影像资料';

-- ----------------------------
-- Records of vediodocs
-- ----------------------------
INSERT INTO `vediodocs` VALUES ('1', '1', '1', '可可托海申报片', '1', '1', '/files/vediodocs/15738006399012-QQ截图20191021191915.jpg', '');

-- ----------------------------
-- Table structure for vrdata
-- ----------------------------
DROP TABLE IF EXISTS `vrdata`;
CREATE TABLE `vrdata` (
  `id` int(11) NOT NULL AUTO_INCREMENT,
  `park_id` int(10) NOT NULL COMMENT '地质公园ID',
  `vrid` varchar(256) DEFAULT NULL COMMENT 'vr全景编号',
  `vrname` varchar(256) DEFAULT NULL COMMENT 'vr全景名称',
  `url` text COMMENT '访问地址',
  `vrdesc` text COMMENT 'vr描述',
  PRIMARY KEY (`id`) USING BTREE
) ENGINE=InnoDB DEFAULT CHARSET=utf8 ROW_FORMAT=DYNAMIC COMMENT='地质公园VR全景数据';

-- ----------------------------
-- Records of vrdata
-- ----------------------------
